#
# A fatal error has been detected by the Java Runtime Environment:
#
#  EXCEPTION_ACCESS_VIOLATION (0xc0000005) at pc=0x00007ffde01c9996, pid=9144, tid=17128
#
# JRE version: OpenJDK Runtime Environment (21.0.3) (build 21.0.3+-12282718-b509.11)
# Java VM: OpenJDK 64-Bit Server VM (21.0.3+-12282718-b509.11, mixed mode, tiered, compressed oops, compressed class ptrs, g1 gc, windows-amd64)
# Problematic frame:
# V  [jvm.dll+0x139996]
#
# No core dump will be written. Minidumps are not enabled by default on client versions of Windows
#
# If you would like to submit a bug report, please visit:
#   https://youtrack.jetbrains.com/issues/JBR
#

---------------  S U M M A R Y ------------

Command Line: --add-opens=java.base/java.util=ALL-UNNAMED --add-opens=java.base/java.lang=ALL-UNNAMED --add-opens=java.base/java.lang.invoke=ALL-UNNAMED --add-opens=java.prefs/java.util.prefs=ALL-UNNAMED --add-opens=java.base/java.nio.charset=ALL-UNNAMED --add-opens=java.base/java.net=ALL-UNNAMED --add-opens=java.base/java.util.concurrent.atomic=ALL-UNNAMED -Xmx2048m -Dfile.encoding=UTF-8 -Duser.country=US -Duser.language=en -Duser.variant -javaagent:C:\Users\erica\.gradle\wrapper\dists\gradle-8.5-bin\5t9huq95ubn472n8rpzujfbqh\gradle-8.5\lib\agents\gradle-instrumentation-agent-8.5.jar org.gradle.launcher.daemon.bootstrap.GradleDaemon 8.5

Host: AMD Ryzen 5 4600H with Radeon Graphics         , 12 cores, 15G,  Windows 11 , 64 bit Build 26100 (10.0.26100.4484)
Time: Wed Jul 30 08:01:41 2025 China Standard Time elapsed time: 3752.476289 seconds (0d 1h 2m 32s)

---------------  T H R E A D  ---------------

Current thread (0x00000270016cd440):  WorkerThread "G1 Conc#1"      [id=17128, stack(0x000000de70200000,0x000000de70300000) (1024K)]

Stack: [0x000000de70200000,0x000000de70300000],  sp=0x000000de702ff878,  free space=1022k
Native frames: (J=compiled Java code, j=interpreted, Vv=VM code, C=native code)
V  [jvm.dll+0x139996]


siginfo: EXCEPTION_ACCESS_VIOLATION (0xc0000005), reading address 0x0000000000000008


Registers:
RAX=0x2092449245211244, RBX=0x0000027060ff1901, RCX=0x0000000088297c88, RDX=0x0000000088297c88
RSP=0x000000de702ff878, RBP=0x0000000000000002, RSI=0x00000270610de5b0, RDI=0x0000000088297c88
R8 =0x0000000000000000, R9 =0x0000000000000082, R10=0x000002706139d080, R11=0x0000000000000003
R12=0x0000000000000000, R13=0xaaaaaaaaaaaaaaab, R14=0x00000001004d1020, R15=0x0000000085687fe0
RIP=0x00007ffde01c9996, EFLAGS=0x0000000000010246


Register to memory mapping:

RAX=0x2092449245211244 is an unknown value
RBX=0x0000027060ff1901 points into unknown readable memory: 00 00 00 00 00 00 00
RCX=0x0000000088297c88 is pointing into object: com.google.common.collect.RegularImmutableMap 
{0x0000000088297c80} - klass: 'com/google/common/collect/RegularImmutableMap'
 - ---- fields (total size 5 words):
 - private transient 'entrySet' 'Lcom/google/common/collect/ImmutableSet;' @12  a 'com/google/common/collect/ImmutableMapEntrySet$RegularEntrySet'{0x0000000088297ca8} (0x88297ca8)
 - private transient 'keySet' 'Lcom/google/common/collect/ImmutableSet;' @16  null (0x00000000)
 - private transient 'values' 'Lcom/google/common/collect/ImmutableCollection;' @20  null (0x00000000)
 - private transient 'multimapView' 'Lcom/google/common/collect/ImmutableSetMultimap;' @24  null (0x00000000)
 - private final transient 'mask' 'I' @28  3 (0x00000003)
 - final transient 'entries' '[Ljava/util/Map$Entry;' @32  a 'java/util/Map$Entry'[4] {0x0000000088297cd0} (0x88297cd0)
 - private final transient 'table' '[Lcom/google/common/collect/ImmutableMapEntry;' @36  a 'com/google/common/collect/ImmutableMapEntry'[4] {0x0000000088297d50} (0x88297d50)
RDX=0x0000000088297c88 is pointing into object: com.google.common.collect.RegularImmutableMap 
{0x0000000088297c80} - klass: 'com/google/common/collect/RegularImmutableMap'
 - ---- fields (total size 5 words):
 - private transient 'entrySet' 'Lcom/google/common/collect/ImmutableSet;' @12  a 'com/google/common/collect/ImmutableMapEntrySet$RegularEntrySet'{0x0000000088297ca8} (0x88297ca8)
 - private transient 'keySet' 'Lcom/google/common/collect/ImmutableSet;' @16  null (0x00000000)
 - private transient 'values' 'Lcom/google/common/collect/ImmutableCollection;' @20  null (0x00000000)
 - private transient 'multimapView' 'Lcom/google/common/collect/ImmutableSetMultimap;' @24  null (0x00000000)
 - private final transient 'mask' 'I' @28  3 (0x00000003)
 - final transient 'entries' '[Ljava/util/Map$Entry;' @32  a 'java/util/Map$Entry'[4] {0x0000000088297cd0} (0x88297cd0)
 - private final transient 'table' '[Lcom/google/common/collect/ImmutableMapEntry;' @36  a 'com/google/common/collect/ImmutableMapEntry'[4] {0x0000000088297d50} (0x88297d50)
RSP=0x000000de702ff878 points into unknown readable memory: 0x00007ffde03a5d9a | 9a 5d 3a e0 fd 7f 00 00
RBP=0x0000000000000002 is an unknown value
RSI=0x00000270610de5b0 points into unknown readable memory: 0x00000270613efd30 | 30 fd 3e 61 70 02 00 00
RDI=0x0000000088297c88 is pointing into object: com.google.common.collect.RegularImmutableMap 
{0x0000000088297c80} - klass: 'com/google/common/collect/RegularImmutableMap'
 - ---- fields (total size 5 words):
 - private transient 'entrySet' 'Lcom/google/common/collect/ImmutableSet;' @12  a 'com/google/common/collect/ImmutableMapEntrySet$RegularEntrySet'{0x0000000088297ca8} (0x88297ca8)
 - private transient 'keySet' 'Lcom/google/common/collect/ImmutableSet;' @16  null (0x00000000)
 - private transient 'values' 'Lcom/google/common/collect/ImmutableCollection;' @20  null (0x00000000)
 - private transient 'multimapView' 'Lcom/google/common/collect/ImmutableSetMultimap;' @24  null (0x00000000)
 - private final transient 'mask' 'I' @28  3 (0x00000003)
 - final transient 'entries' '[Ljava/util/Map$Entry;' @32  a 'java/util/Map$Entry'[4] {0x0000000088297cd0} (0x88297cd0)
 - private final transient 'table' '[Lcom/google/common/collect/ImmutableMapEntry;' @36  a 'com/google/common/collect/ImmutableMapEntry'[4] {0x0000000088297d50} (0x88297d50)
R8 =0x0 is null
R9 =0x0000000000000082 is an unknown value
R10=0x000002706139d080 points into unknown readable memory: 0x00007ffde09ef1b0 | b0 f1 9e e0 fd 7f 00 00
R11=0x0000000000000003 is an unknown value
R12=0x0 is null
R13=0xaaaaaaaaaaaaaaab is an unknown value
R14=0x00000001004d1020 is a pointer to class: 
org.gradle.internal.snapshot.AbstractIncompleteFileSystemNode {0x00000001004d1028}
 - instance size:     2
 - klass size:        88
 - access:            public synchronized abstract 
 - flags:             rewritten has_nonstatic_fields should_verify_class has_localvariable_table has_miranda_methods 
 - state:             fully_initialized
 - name:              'org/gradle/internal/snapshot/AbstractIncompleteFileSystemNode'
 - super:             'java/lang/Object'
 - sub:               'org/gradle/internal/snapshot/UnknownFileSystemNode'   'org/gradle/internal/snapshot/PartialDirectoryNode'   
 - arrays:            null
 - methods:           Array<T>(0x000002707cc4a780)
 - method ordering:   Array<T>(0x000002707b000018)
 - default_methods:   Array<T>(0x0000000000000000)
 - local interfaces:  Array<T>(0x000002707cc4a770)
 - trans. interfaces: Array<T>(0x000002707cc4a770)
 - constants:         constant pool [199]/operands[28] {0x000002707cc4a068} for 'org/gradle/internal/snapshot/AbstractIncompleteFileSystemNode' cache=0x000002707cc4b868
 - class loader data:  loader data: 0x000002707f657f30 for instance a 'org/gradle/internal/classloader/VisitableURLClassLoader'{0x0000000080761238}
 - source file:       'AbstractIncompleteFileSystemNode.java'
 - class annotations:       Array<T>(0x0000000000000000)
 - class type annotations:  Array<T>(0x0000000000000000)
 - field annotations:       Array<T>(0x0000000000000000)
 - field type annotations:  Array<T>(0x0000000000000000)
 - inner classes:     Array<T>(0x000002707cc4b2f0)
 - nest members:     Array<T>(0x000002707b000028)
 - permitted subclasses:     Array<T>(0x000002707b000028)
 - java mirror:       a 'java/lang/Class'{0x000000008178b4a0} = 'org/gradle/internal/snapshot/AbstractIncompleteFileSystemNode'
 - vtable length      15  (start addr: 0x00000001004d1208)
 - itable length      11 (start addr: 0x00000001004d1280)
 - ---- static fields (0 words):
 - ---- non-static fields (1 words):
 - protected final 'children' 'Lorg/gradle/internal/snapshot/ChildMap;' @12 
 - non-static oop maps: 12-12 
R15=0x0000000085687fe0 is an oop: org.gradle.internal.snapshot.ChildMap$Entry 
{0x0000000085687fe0} - klass: 'org/gradle/internal/snapshot/ChildMap$Entry'
 - ---- fields (total size 3 words):
 - private final 'path' 'Ljava/lang/String;' @12  
[error occurred during error reporting (printing register info), id 0xc0000005, EXCEPTION_ACCESS_VIOLATION (0xc0000005) at pc=0x00007ffde07462b6]

Top of Stack: (sp=0x000000de702ff878)
0x000000de702ff878:   00007ffde03a5d9a 00000000001312d0
0x000000de702ff888:   00007ffde03a5d9a 00003644f23e04ee
0x000000de702ff898:   00007ffde03a5d9a 0000000088297c88
0x000000de702ff8a8:   00007ffde03a5b6f 0000027060ff1980
0x000000de702ff8b8:   000000de702ffa70 00000001004d1018
0x000000de702ff8c8:   000000de702ffa70 0000000085687ff4
0x000000de702ff8d8:   00007ffde03a34ed 0000000085687fec
0x000000de702ff8e8:   00007ffde03a3d9d 0000000085687a1c
0x000000de702ff8f8:   00007ffde03a34ed 000000de702ffa30
0x000000de702ff908:   0000000000000000 0000000085687fe0
0x000000de702ff918:   00007ffde03a3132 00000001004d0dd0
0x000000de702ff928:   0000000000000003 000000de702ffa70
0x000000de702ff938:   0000000000000000 0000000085687fe0
0x000000de702ff948:   00007ffde03bebaa 0000027060ff1980
0x000000de702ff958:   0000000000000040 0000000000000057
0x000000de702ff968:   00007ffde03c0ed0 0000000000000001
0x000000de702ff978:   000000008ea7f100 000000de702ffa30
0x000000de702ff988:   00000270610de5c0 0000000001d4fe20
0x000000de702ff998:   00007ffde03bd71c 0000000001d4fe20
0x000000de702ff9a8:   000000de6ddff960 0000000085687fe0
0x000000de702ff9b8:   00007ffde03bed44 0000000001d60000
0x000000de702ff9c8:   00007ffde03bf29c 000000008ea7f0e8
0x000000de702ff9d8:   0000000001d4fe20 0000000000d8f5fe
0x000000de702ff9e8:   00000000001312d0 0000000000000002
0x000000de702ff9f8:   0000000000000001 0000027060ff1980
0x000000de702ffa08:   00007ffde03bdfe3 0000000000000555
0x000000de702ffa18:   0000000000000000 000000de6ddff901
0x000000de702ffa28:   0000000000000000 00000270610de5b0
0x000000de702ffa38:   0000027060ff1980 000000008ea00000
0x000000de702ffa48:   0000000000020000 000000008ea00000
0x000000de702ffa58:   0000000000020000 00000000000e4e1c
0x000000de702ffa68:   0000000000d1cef0 00007ffde09f0a98 

Instructions: (pc=0x00007ffde01c9996)
0x00007ffde01c9896:   4c 63 c0 41 8b c1 48 c1 f8 10 48 63 14 19 41 8b
0x00007ffde01c98a6:   c9 83 e1 3f 48 d3 e2 0f b6 c8 49 8d 04 10 49 f7
0x00007ffde01c98b6:   d0 48 03 c8 49 c1 e8 03 48 c1 e9 03 49 23 c8 eb
0x00007ffde01c98c6:   12 49 8b 00 48 8b d3 49 8b c8 ff 90 00 01 00 00
0x00007ffde01c98d6:   48 8b c8 48 89 1f 48 8b c7 48 8b 5c 24 30 48 89
0x00007ffde01c98e6:   4f 08 48 83 c4 20 5f c3 cc cc 0f b6 05 19 d9 9e
0x00007ffde01c98f6:   00 48 8b d1 84 c0 74 16 44 8b 41 08 8b 0d 10 c6
0x00007ffde01c9906:   9e 00 49 d3 e0 4c 03 05 fe c5 9e 00 eb 04 4c 8b
0x00007ffde01c9916:   41 08 45 8b 48 08 45 85 c9 7e 0e 41 f6 c1 01 75
0x00007ffde01c9926:   53 41 c1 f9 03 49 63 c1 c3 79 49 84 c0 41 b8 0c
0x00007ffde01c9936:   00 00 00 8b 05 c9 d6 9e 00 b9 10 00 00 00 41 0f
0x00007ffde01c9946:   45 c8 ff c8 4c 63 c0 41 8b c1 48 c1 f8 10 0f b6
0x00007ffde01c9956:   c0 48 63 14 11 41 8b c9 83 e1 3f 48 d3 e2 49 8d
0x00007ffde01c9966:   0c 10 49 f7 d0 48 03 c1 49 c1 e8 03 48 c1 e8 03
0x00007ffde01c9976:   49 23 c0 c3 49 8b 00 49 8b c8 48 ff a0 00 01 00
0x00007ffde01c9986:   00 cc cc cc cc cc cc cc cc cc 4c 8b c2 48 8b d1
0x00007ffde01c9996:   45 8b 48 08 45 85 c9 7e 0e 41 f6 c1 01 75 56 41
0x00007ffde01c99a6:   c1 f9 03 49 63 c1 c3 79 4c 80 3d 5a d8 9e 00 00
0x00007ffde01c99b6:   b8 0c 00 00 00 b9 10 00 00 00 0f 45 c8 8b 05 3f
0x00007ffde01c99c6:   d6 9e 00 ff c8 4c 63 c0 41 8b c1 48 c1 f8 10 48
0x00007ffde01c99d6:   63 14 11 41 8b c9 83 e1 3f 0f b6 c0 48 d3 e2 49
0x00007ffde01c99e6:   8d 0c 10 49 f7 d0 48 03 c1 49 c1 e8 03 48 c1 e8
0x00007ffde01c99f6:   03 49 23 c0 c3 49 8b 00 49 8b c8 48 ff a0 00 01
0x00007ffde01c9a06:   00 00 cc cc cc cc cc cc cc cc 40 53 48 83 ec 20
0x00007ffde01c9a16:   48 8b d9 49 8b c0 33 c9 45 0f b6 c1 48 89 0b 48
0x00007ffde01c9a26:   89 4b 08 48 8b cb 48 89 53 10 48 8b d0 e8 28 09
0x00007ffde01c9a36:   00 00 48 8b c3 48 83 c4 20 5b c3 cc cc cc cc cc
0x00007ffde01c9a46:   cc cc cc cc cc cc cc cc cc cc 40 53 48 83 ec 20
0x00007ffde01c9a56:   33 c0 44 88 41 10 45 0f b6 c1 48 89 01 48 89 41
0x00007ffde01c9a66:   08 48 8b d9 e8 01 0a 00 00 48 8b c3 48 83 c4 20
0x00007ffde01c9a76:   5b c3 cc cc cc cc cc cc cc cc 40 53 48 83 ec 20
0x00007ffde01c9a86:   33 c0 48 8b d9 48 89 01 48 89 41 08 e8 99 0b 00 


Stack slot to memory mapping:

stack at sp + 0 slots: 0x00007ffde03a5d9a jvm.dll
stack at sp + 1 slots: 0x00000000001312d0 is an unknown value
stack at sp + 2 slots: 0x00007ffde03a5d9a jvm.dll
stack at sp + 3 slots: 0x00003644f23e04ee is an unknown value
stack at sp + 4 slots: 0x00007ffde03a5d9a jvm.dll
stack at sp + 5 slots: 0x0000000088297c88 is pointing into object: com.google.common.collect.RegularImmutableMap 
{0x0000000088297c80} - klass: 'com/google/common/collect/RegularImmutableMap'
 - ---- fields (total size 5 words):
 - private transient 'entrySet' 'Lcom/google/common/collect/ImmutableSet;' @12  a 'com/google/common/collect/ImmutableMapEntrySet$RegularEntrySet'{0x0000000088297ca8} (0x88297ca8)
 - private transient 'keySet' 'Lcom/google/common/collect/ImmutableSet;' @16  null (0x00000000)
 - private transient 'values' 'Lcom/google/common/collect/ImmutableCollection;' @20  null (0x00000000)
 - private transient 'multimapView' 'Lcom/google/common/collect/ImmutableSetMultimap;' @24  null (0x00000000)
 - private final transient 'mask' 'I' @28  3 (0x00000003)
 - final transient 'entries' '[Ljava/util/Map$Entry;' @32  a 'java/util/Map$Entry'[4] {0x0000000088297cd0} (0x88297cd0)
 - private final transient 'table' '[Lcom/google/common/collect/ImmutableMapEntry;' @36  a 'com/google/common/collect/ImmutableMapEntry'[4] {0x0000000088297d50} (0x88297d50)
stack at sp + 6 slots: 0x00007ffde03a5b6f jvm.dll
stack at sp + 7 slots: 0x0000027060ff1980 points into unknown readable memory: 0x00007ffde09f0a78 | 78 0a 9f e0 fd 7f 00 00


---------------  P R O C E S S  ---------------

Threads class SMR info:
_java_thread_list=0x0000027001e481d0, length=68, elements={
0x0000027061015050, 0x000002707f0f74f0, 0x000002707f0faad0, 0x000002707f0e4750,
0x000002707f0e3e90, 0x000002707f0e56d0, 0x000002707f1170c0, 0x000002707f118690,
0x000002707f121cb0, 0x000002707f278080, 0x000002707f533e40, 0x0000027000a211e0,
0x0000027000e3f370, 0x000002700148e190, 0x0000027001560fd0, 0x00000270015630a0,
0x0000027001561cf0, 0x0000027001562380, 0x00000270017dad90, 0x00000270017db420,
0x00000270017dd4f0, 0x00000270017da070, 0x00000270017dce60, 0x00000270017da700,
0x00000270017def30, 0x00000270017de8a0, 0x00000270017ddb80, 0x00000270017dbab0,
0x00000270017df5c0, 0x00000270017dc140, 0x00000270017de210, 0x00000270017e1690,
0x00000270051402b0, 0x00000270051430a0, 0x0000027000602820, 0x0000027005a79830,
0x0000027001ad9140, 0x000002700dfbb8a0, 0x000002700dfb6350, 0x000002700dfb4280,
0x000002700dfbe690, 0x000002700793f650, 0x000002700dfb21b0, 0x000002700dfb3560,
0x000002700dfb1490, 0x000002700dfb0e00, 0x000002700dfb0770, 0x000002700dfb1b20,
0x000002700dfb2840, 0x000002700dfb00e0, 0x000002700dfb4fa0, 0x000002700dfb3bf0,
0x000002700dfb4910, 0x000002700dfb69e0, 0x000002700dfba4f0, 0x000002700dfb7d90,
0x000002700dfb7070, 0x000002700dfb8420, 0x000002700dfb9140, 0x000002700dfb97d0,
0x000002700dfb8ab0, 0x000002700dfb7700, 0x000002700dfbc5c0, 0x000002700dfbb210,
0x000002700dfc0760, 0x000002700dfbfa40, 0x000002700146ed20, 0x000002700dfc00d0
}

Java Threads: ( => current thread )
  0x0000027061015050 JavaThread "main"                              [_thread_blocked, id=12756, stack(0x000000de6db00000,0x000000de6dc00000) (1024K)]
  0x000002707f0f74f0 JavaThread "Reference Handler"          daemon [_thread_blocked, id=18744, stack(0x000000de6e300000,0x000000de6e400000) (1024K)]
  0x000002707f0faad0 JavaThread "Finalizer"                  daemon [_thread_blocked, id=15968, stack(0x000000de6e400000,0x000000de6e500000) (1024K)]
  0x000002707f0e4750 JavaThread "Signal Dispatcher"          daemon [_thread_blocked, id=15312, stack(0x000000de6e500000,0x000000de6e600000) (1024K)]
  0x000002707f0e3e90 JavaThread "Attach Listener"            daemon [_thread_blocked, id=14808, stack(0x000000de6e600000,0x000000de6e700000) (1024K)]
  0x000002707f0e56d0 JavaThread "Service Thread"             daemon [_thread_blocked, id=10892, stack(0x000000de6e700000,0x000000de6e800000) (1024K)]
  0x000002707f1170c0 JavaThread "Monitor Deflation Thread"   daemon [_thread_blocked, id=18784, stack(0x000000de6e800000,0x000000de6e900000) (1024K)]
  0x000002707f118690 JavaThread "C2 CompilerThread0"         daemon [_thread_in_native, id=6220, stack(0x000000de6e900000,0x000000de6ea00000) (1024K)]
  0x000002707f121cb0 JavaThread "C1 CompilerThread0"         daemon [_thread_blocked, id=5588, stack(0x000000de6ea00000,0x000000de6eb00000) (1024K)]
  0x000002707f278080 JavaThread "Common-Cleaner"             daemon [_thread_blocked, id=17308, stack(0x000000de6eb00000,0x000000de6ec00000) (1024K)]
  0x000002707f533e40 JavaThread "Notification Thread"        daemon [_thread_blocked, id=15792, stack(0x000000de6ec00000,0x000000de6ed00000) (1024K)]
  0x0000027000a211e0 JavaThread "Daemon health stats"               [_thread_blocked, id=16216, stack(0x000000de6f300000,0x000000de6f400000) (1024K)]
  0x0000027000e3f370 JavaThread "Incoming local TCP Connector on port 51426"        [_thread_in_native, id=5620, stack(0x000000de6f400000,0x000000de6f500000) (1024K)]
  0x000002700148e190 JavaThread "Daemon periodic checks"            [_thread_blocked, id=4780, stack(0x000000de6f500000,0x000000de6f600000) (1024K)]
  0x0000027001560fd0 JavaThread "Cache worker for journal cache (C:\Users\erica\.gradle\caches\journal-1)"        [_thread_blocked, id=4884, stack(0x000000de70400000,0x000000de70500000) (1024K)]
  0x00000270015630a0 JavaThread "File lock request listener"        [_thread_in_native, id=6224, stack(0x000000de70500000,0x000000de70600000) (1024K)]
  0x0000027001561cf0 JavaThread "Cache worker for file hash cache (C:\Users\erica\.gradle\caches\8.5\fileHashes)"        [_thread_blocked, id=19292, stack(0x000000de70600000,0x000000de70700000) (1024K)]
  0x0000027001562380 JavaThread "File watcher server"        daemon [_thread_in_native, id=17664, stack(0x000000de70700000,0x000000de70800000) (1024K)]
  0x00000270017dad90 JavaThread "File watcher consumer"      daemon [_thread_blocked, id=16588, stack(0x000000de70800000,0x000000de70900000) (1024K)]
  0x00000270017db420 JavaThread "jar transforms"                    [_thread_blocked, id=11384, stack(0x000000de70900000,0x000000de70a00000) (1024K)]
  0x00000270017dd4f0 JavaThread "jar transforms Thread 2"           [_thread_blocked, id=19540, stack(0x000000de70a00000,0x000000de70b00000) (1024K)]
  0x00000270017da070 JavaThread "jar transforms Thread 3"           [_thread_blocked, id=13160, stack(0x000000de70b00000,0x000000de70c00000) (1024K)]
  0x00000270017dce60 JavaThread "jar transforms Thread 4"           [_thread_blocked, id=10856, stack(0x000000de70c00000,0x000000de70d00000) (1024K)]
  0x00000270017da700 JavaThread "jar transforms Thread 5"           [_thread_blocked, id=13644, stack(0x000000de70d00000,0x000000de70e00000) (1024K)]
  0x00000270017def30 JavaThread "jar transforms Thread 6"           [_thread_blocked, id=9736, stack(0x000000de70e00000,0x000000de70f00000) (1024K)]
  0x00000270017de8a0 JavaThread "jar transforms Thread 7"           [_thread_blocked, id=6804, stack(0x000000de70f00000,0x000000de71000000) (1024K)]
  0x00000270017ddb80 JavaThread "jar transforms Thread 8"           [_thread_blocked, id=18912, stack(0x000000de71000000,0x000000de71100000) (1024K)]
  0x00000270017dbab0 JavaThread "jar transforms Thread 9"           [_thread_blocked, id=18788, stack(0x000000de71100000,0x000000de71200000) (1024K)]
  0x00000270017df5c0 JavaThread "jar transforms Thread 10"          [_thread_blocked, id=15680, stack(0x000000de71200000,0x000000de71300000) (1024K)]
  0x00000270017dc140 JavaThread "jar transforms Thread 11"          [_thread_blocked, id=20200, stack(0x000000de71300000,0x000000de71400000) (1024K)]
  0x00000270017de210 JavaThread "jar transforms Thread 12"          [_thread_blocked, id=14552, stack(0x000000de71400000,0x000000de71500000) (1024K)]
  0x00000270017e1690 JavaThread "Cache worker for file content cache (C:\Users\erica\.gradle\caches\8.5\fileContent)"        [_thread_blocked, id=11212, stack(0x000000de71900000,0x000000de71a00000) (1024K)]
  0x00000270051402b0 JavaThread "Cache worker for execution history cache (C:\Users\erica\.gradle\caches\8.5\executionHistory)"        [_thread_blocked, id=14688, stack(0x000000de71a00000,0x000000de71b00000) (1024K)]
  0x00000270051430a0 JavaThread "Cache worker for kotlin-dsl (C:\Users\erica\.gradle\caches\8.5\kotlin-dsl)"        [_thread_blocked, id=16012, stack(0x000000de71b00000,0x000000de71c00000) (1024K)]
  0x0000027000602820 JavaThread "Memory manager"                    [_thread_blocked, id=15204, stack(0x000000de72800000,0x000000de72900000) (1024K)]
  0x0000027005a79830 JavaThread "pool-3-thread-1"                   [_thread_blocked, id=15352, stack(0x000000de72a00000,0x000000de72b00000) (1024K)]
  0x0000027001ad9140 JavaThread "pool-6-thread-1"                   [_thread_blocked, id=18224, stack(0x000000de72700000,0x000000de72800000) (1024K)]
  0x000002700dfbb8a0 JavaThread "pool-11-thread-1"                  [_thread_blocked, id=16748, stack(0x000000de72900000,0x000000de72a00000) (1024K)]
  0x000002700dfb6350 JavaThread "pool-16-thread-1"                  [_thread_blocked, id=11592, stack(0x000000de72b00000,0x000000de72c00000) (1024K)]
  0x000002700dfb4280 JavaThread "pool-21-thread-1"                  [_thread_blocked, id=8596, stack(0x000000de72c00000,0x000000de72d00000) (1024K)]
  0x000002700dfbe690 JavaThread "pool-24-thread-1"                  [_thread_blocked, id=6388, stack(0x000000de72e00000,0x000000de72f00000) (1024K)]
  0x000002700793f650 JavaThread "pool-27-thread-1"                  [_thread_blocked, id=20136, stack(0x000000de72d00000,0x000000de72e00000) (1024K)]
  0x000002700dfb21b0 JavaThread "Daemon Thread 8"                   [_thread_blocked, id=14164, stack(0x000000de6d800000,0x000000de6d900000) (1024K)]
  0x000002700dfb3560 JavaThread "Handler for socket connection from /127.0.0.1:51426 to /127.0.0.1:55769"        [_thread_in_native, id=4792, stack(0x000000de6d900000,0x000000de6da00000) (1024K)]
  0x000002700dfb1490 JavaThread "Cancel handler"                    [_thread_blocked, id=18688, stack(0x000000de6da00000,0x000000de6db00000) (1024K)]
  0x000002700dfb0e00 JavaThread "Daemon worker Thread 8"            [_thread_in_Java, id=4568, stack(0x000000de6ed00000,0x000000de6ee00000) (1024K)]
  0x000002700dfb0770 JavaThread "Asynchronous log dispatcher for DefaultDaemonConnection: socket connection from /127.0.0.1:51426 to /127.0.0.1:55769"        [_thread_blocked, id=18428, stack(0x000000de6ee00000,0x000000de6ef00000) (1024K)]
  0x000002700dfb1b20 JavaThread "Stdin handler"                     [_thread_blocked, id=14028, stack(0x000000de6f600000,0x000000de6f700000) (1024K)]
  0x000002700dfb2840 JavaThread "Daemon client event forwarder"        [_thread_blocked, id=14300, stack(0x000000de6f700000,0x000000de6f800000) (1024K)]
  0x000002700dfb00e0 JavaThread "Cache worker for checksums cache (C:\Users\erica\AndroidStudioProjects\G7-DEMENTIA-CARE\.gradle\8.5\checksums)"        [_thread_blocked, id=16380, stack(0x000000de6f800000,0x000000de6f900000) (1024K)]
  0x000002700dfb4fa0 JavaThread "Cache worker for file hash cache (C:\Users\erica\AndroidStudioProjects\G7-DEMENTIA-CARE\.gradle\8.5\fileHashes)"        [_thread_blocked, id=5840, stack(0x000000de6f900000,0x000000de6fa00000) (1024K)]
  0x000002700dfb3bf0 JavaThread "Cache worker for cache directory md-supplier (C:\Users\erica\.gradle\caches\8.5\md-supplier)"        [_thread_blocked, id=20000, stack(0x000000de6fa00000,0x000000de6fb00000) (1024K)]
  0x000002700dfb4910 JavaThread "Cache worker for cache directory md-rule (C:\Users\erica\.gradle\caches\8.5\md-rule)"        [_thread_blocked, id=8784, stack(0x000000de6fb00000,0x000000de6fc00000) (1024K)]
  0x000002700dfb69e0 JavaThread "Cache worker for dependencies-accessors (C:\Users\erica\AndroidStudioProjects\G7-DEMENTIA-CARE\.gradle\8.5\dependencies-accessors)"        [_thread_blocked, id=19160, stack(0x000000de6fc00000,0x000000de6fd00000) (1024K)]
  0x000002700dfba4f0 JavaThread "Cache worker for Build Output Cleanup Cache (C:\Users\erica\AndroidStudioProjects\G7-DEMENTIA-CARE\.gradle\buildOutputCleanup)"        [_thread_blocked, id=18184, stack(0x000000de71500000,0x000000de71600000) (1024K)]
  0x000002700dfb7d90 JavaThread "Unconstrained build operations"        [_thread_blocked, id=19984, stack(0x000000de71600000,0x000000de71700000) (1024K)]
  0x000002700dfb7070 JavaThread "Unconstrained build operations Thread 2"        [_thread_blocked, id=16988, stack(0x000000de71700000,0x000000de71800000) (1024K)]
  0x000002700dfb8420 JavaThread "Unconstrained build operations Thread 3"        [_thread_blocked, id=4488, stack(0x000000de71800000,0x000000de71900000) (1024K)]
  0x000002700dfb9140 JavaThread "Unconstrained build operations Thread 4"        [_thread_blocked, id=19748, stack(0x000000de71c00000,0x000000de71d00000) (1024K)]
  0x000002700dfb97d0 JavaThread "Unconstrained build operations Thread 5"        [_thread_blocked, id=17628, stack(0x000000de71d00000,0x000000de71e00000) (1024K)]
  0x000002700dfb8ab0 JavaThread "Unconstrained build operations Thread 6"        [_thread_blocked, id=9064, stack(0x000000de71e00000,0x000000de71f00000) (1024K)]
  0x000002700dfb7700 JavaThread "Unconstrained build operations Thread 7"        [_thread_blocked, id=19252, stack(0x000000de71f00000,0x000000de72000000) (1024K)]
  0x000002700dfbc5c0 JavaThread "Unconstrained build operations Thread 8"        [_thread_blocked, id=13392, stack(0x000000de72000000,0x000000de72100000) (1024K)]
  0x000002700dfbb210 JavaThread "Unconstrained build operations Thread 9"        [_thread_blocked, id=2920, stack(0x000000de72100000,0x000000de72200000) (1024K)]
  0x000002700dfc0760 JavaThread "Unconstrained build operations Thread 10"        [_thread_blocked, id=17760, stack(0x000000de72200000,0x000000de72300000) (1024K)]
  0x000002700dfbfa40 JavaThread "Unconstrained build operations Thread 11"        [_thread_blocked, id=15356, stack(0x000000de72300000,0x000000de72400000) (1024K)]
  0x000002700146ed20 JavaThread "C2 CompilerThread1"         daemon [_thread_in_native, id=20328, stack(0x000000de72400000,0x000000de72500000) (1024K)]
  0x000002700dfc00d0 JavaThread "build event listener"              [_thread_blocked, id=14428, stack(0x000000de72500000,0x000000de72600000) (1024K)]
Total: 68

Other Threads:
  0x000002707aecbd60 VMThread "VM Thread"                           [id=11704, stack(0x000000de6e200000,0x000000de6e300000) (1024K)]
  0x000002707aeba300 WatcherThread "VM Periodic Task Thread"        [id=18072, stack(0x000000de6e100000,0x000000de6e200000) (1024K)]
  0x00000270610ddfb0 WorkerThread "GC Thread#0"                     [id=17724, stack(0x000000de6dc00000,0x000000de6dd00000) (1024K)]
  0x000002700035b480 WorkerThread "GC Thread#1"                     [id=16808, stack(0x000000de6ef00000,0x000000de6f000000) (1024K)]
  0x000002700035b820 WorkerThread "GC Thread#2"                     [id=18888, stack(0x000000de6f000000,0x000000de6f100000) (1024K)]
  0x000002700035bbc0 WorkerThread "GC Thread#3"                     [id=17480, stack(0x000000de6f100000,0x000000de6f200000) (1024K)]
  0x0000027000807c60 WorkerThread "GC Thread#4"                     [id=14784, stack(0x000000de6f200000,0x000000de6f300000) (1024K)]
  0x0000027000723c60 WorkerThread "GC Thread#5"                     [id=10424, stack(0x000000de6fd00000,0x000000de6fe00000) (1024K)]
  0x00000270015fbfb0 WorkerThread "GC Thread#6"                     [id=9100, stack(0x000000de6fe00000,0x000000de6ff00000) (1024K)]
  0x00000270015fc350 WorkerThread "GC Thread#7"                     [id=12812, stack(0x000000de6ff00000,0x000000de70000000) (1024K)]
  0x00000270016ce2c0 WorkerThread "GC Thread#8"                     [id=4056, stack(0x000000de70000000,0x000000de70100000) (1024K)]
  0x00000270016cd0a0 WorkerThread "GC Thread#9"                     [id=20016, stack(0x000000de70100000,0x000000de70200000) (1024K)]
  0x00000270613efd30 ConcurrentGCThread "G1 Main Marker"            [id=19868, stack(0x000000de6dd00000,0x000000de6de00000) (1024K)]
  0x00000270613f1480 WorkerThread "G1 Conc#0"                       [id=4464, stack(0x000000de6de00000,0x000000de6df00000) (1024K)]
=>0x00000270016cd440 WorkerThread "G1 Conc#1"                       [id=17128, stack(0x000000de70200000,0x000000de70300000) (1024K)]
  0x00000270016ce660 WorkerThread "G1 Conc#2"                       [id=16168, stack(0x000000de70300000,0x000000de70400000) (1024K)]
  0x000002707ad8d610 ConcurrentGCThread "G1 Refine#0"               [id=11556, stack(0x000000de6df00000,0x000000de6e000000) (1024K)]
  0x000002707ad8df90 ConcurrentGCThread "G1 Service"                [id=11260, stack(0x000000de6e000000,0x000000de6e100000) (1024K)]
Total: 18

Threads with active compile tasks:
C2 CompilerThread0  3752514 30296       4       com.android.build.gradle.options.ProjectOptions$OptionValue$$Lambda/0x0000000100a10800::call (12 bytes)
C1 CompilerThread0  3752514 30324       3       org.gradle.api.internal.artifacts.configurations.DefaultConfiguration::extendsFrom (178 bytes)
C2 CompilerThread1  3752514 30295       4       com.android.build.gradle.options.ProjectOptions$OptionValue::getValue (20 bytes)
Total: 3

VM state: not at safepoint (normal execution)

VM Mutex/Monitor currently owned by a thread: None

Heap address: 0x0000000080000000, size: 2048 MB, Compressed Oops mode: 32-bit

CDS archive(s) not mapped
Compressed class space mapped at: 0x0000000100000000-0x0000000140000000, reserved size: 1073741824
Narrow klass base: 0x0000000000000000, Narrow klass shift: 3, Narrow klass range: 0x140000000

GC Precious Log:
 CardTable entry size: 512
 Card Set container configuration: InlinePtr #cards 5 size 8 Array Of Cards #cards 12 size 40 Howl #buckets 4 coarsen threshold 1843 Howl Bitmap #cards 512 size 80 coarsen threshold 460 Card regions per heap region 1 cards per card region 2048
 CPUs: 12 total, 12 available
 Memory: 15741M
 Large Page Support: Disabled
 NUMA Support: Disabled
 Compressed Oops: Enabled (32-bit)
 Heap Region Size: 1M
 Heap Min Capacity: 8M
 Heap Initial Capacity: 246M
 Heap Max Capacity: 2G
 Pre-touch: Disabled
 Parallel Workers: 10
 Concurrent Workers: 3
 Concurrent Refinement Workers: 10
 Periodic GC: Disabled

Heap:
 garbage-first heap   total 578560K, used 294833K [0x0000000080000000, 0x0000000100000000)
  region size 1024K, 42 young (43008K), 8 survivors (8192K)
 Metaspace       used 161352K, committed 163712K, reserved 1245184K
  class space    used 21508K, committed 22656K, reserved 1048576K

Heap Regions: E=young(eden), S=young(survivor), O=old, HS=humongous(starts), HC=humongous(continues), CS=collection set, F=free, TAMS=top-at-mark-start, PB=parsable bottom
|   0|0x0000000080000000, 0x0000000080100000, 0x0000000080100000|100%|HS|  |TAMS 0x0000000080100000| PB 0x0000000080000000| Complete 
|   1|0x0000000080100000, 0x0000000080200000, 0x0000000080200000|100%|HC|  |TAMS 0x0000000080200000| PB 0x0000000080100000| Complete 
|   2|0x0000000080200000, 0x0000000080300000, 0x0000000080300000|100%|HC|  |TAMS 0x0000000080300000| PB 0x0000000080200000| Complete 
|   3|0x0000000080300000, 0x0000000080400000, 0x0000000080400000|100%|HC|  |TAMS 0x0000000080400000| PB 0x0000000080300000| Complete 
|   4|0x0000000080400000, 0x0000000080500000, 0x0000000080500000|100%| O|  |TAMS 0x0000000080500000| PB 0x0000000080400000| Untracked 
|   5|0x0000000080500000, 0x0000000080600000, 0x0000000080600000|100%| O|  |TAMS 0x0000000080600000| PB 0x0000000080500000| Untracked 
|   6|0x0000000080600000, 0x0000000080700000, 0x0000000080700000|100%| O|  |TAMS 0x0000000080700000| PB 0x0000000080600000| Untracked 
|   7|0x0000000080700000, 0x0000000080800000, 0x0000000080800000|100%| O|  |TAMS 0x0000000080800000| PB 0x0000000080700000| Untracked 
|   8|0x0000000080800000, 0x0000000080900000, 0x0000000080900000|100%| O|  |TAMS 0x0000000080900000| PB 0x0000000080800000| Untracked 
|   9|0x0000000080900000, 0x0000000080a00000, 0x0000000080a00000|100%| O|  |TAMS 0x0000000080a00000| PB 0x0000000080900000| Untracked 
|  10|0x0000000080a00000, 0x0000000080b00000, 0x0000000080b00000|100%| O|  |TAMS 0x0000000080b00000| PB 0x0000000080a00000| Untracked 
|  11|0x0000000080b00000, 0x0000000080c00000, 0x0000000080c00000|100%|HS|  |TAMS 0x0000000080c00000| PB 0x0000000080b00000| Complete 
|  12|0x0000000080c00000, 0x0000000080d00000, 0x0000000080d00000|100%|HC|  |TAMS 0x0000000080d00000| PB 0x0000000080c00000| Complete 
|  13|0x0000000080d00000, 0x0000000080e00000, 0x0000000080e00000|100%|HC|  |TAMS 0x0000000080e00000| PB 0x0000000080d00000| Complete 
|  14|0x0000000080e00000, 0x0000000080f00000, 0x0000000080f00000|100%|HC|  |TAMS 0x0000000080f00000| PB 0x0000000080e00000| Complete 
|  15|0x0000000080f00000, 0x0000000081000000, 0x0000000081000000|100%|HC|  |TAMS 0x0000000081000000| PB 0x0000000080f00000| Complete 
|  16|0x0000000081000000, 0x0000000081100000, 0x0000000081100000|100%|HC|  |TAMS 0x0000000081100000| PB 0x0000000081000000| Complete 
|  17|0x0000000081100000, 0x0000000081200000, 0x0000000081200000|100%|HS|  |TAMS 0x0000000081200000| PB 0x0000000081100000| Complete 
|  18|0x0000000081200000, 0x0000000081300000, 0x0000000081300000|100%|HC|  |TAMS 0x0000000081300000| PB 0x0000000081200000| Complete 
|  19|0x0000000081300000, 0x0000000081400000, 0x0000000081400000|100%|HC|  |TAMS 0x0000000081400000| PB 0x0000000081300000| Complete 
|  20|0x0000000081400000, 0x0000000081500000, 0x0000000081500000|100%|HS|  |TAMS 0x0000000081500000| PB 0x0000000081400000| Complete 
|  21|0x0000000081500000, 0x0000000081600000, 0x0000000081600000|100%|HC|  |TAMS 0x0000000081600000| PB 0x0000000081500000| Complete 
|  22|0x0000000081600000, 0x0000000081700000, 0x0000000081700000|100%|HS|  |TAMS 0x0000000081700000| PB 0x0000000081600000| Complete 
|  23|0x0000000081700000, 0x0000000081800000, 0x0000000081800000|100%| O|  |TAMS 0x0000000081800000| PB 0x0000000081700000| Untracked 
|  24|0x0000000081800000, 0x0000000081900000, 0x0000000081900000|100%| O|  |TAMS 0x0000000081900000| PB 0x0000000081800000| Untracked 
|  25|0x0000000081900000, 0x0000000081a00000, 0x0000000081a00000|100%| O|  |TAMS 0x0000000081a00000| PB 0x0000000081900000| Untracked 
|  26|0x0000000081a00000, 0x0000000081b00000, 0x0000000081b00000|100%| O|  |TAMS 0x0000000081b00000| PB 0x0000000081a00000| Untracked 
|  27|0x0000000081b00000, 0x0000000081c00000, 0x0000000081c00000|100%| O|  |TAMS 0x0000000081c00000| PB 0x0000000081b00000| Untracked 
|  28|0x0000000081c00000, 0x0000000081d00000, 0x0000000081d00000|100%| O|  |TAMS 0x0000000081d00000| PB 0x0000000081c00000| Untracked 
|  29|0x0000000081d00000, 0x0000000081e00000, 0x0000000081e00000|100%| O|  |TAMS 0x0000000081e00000| PB 0x0000000081d00000| Untracked 
|  30|0x0000000081e00000, 0x0000000081f00000, 0x0000000081f00000|100%| O|  |TAMS 0x0000000081f00000| PB 0x0000000081e00000| Untracked 
|  31|0x0000000081f00000, 0x0000000082000000, 0x0000000082000000|100%| O|  |TAMS 0x0000000082000000| PB 0x0000000081f00000| Untracked 
|  32|0x0000000082000000, 0x0000000082100000, 0x0000000082100000|100%| O|  |TAMS 0x0000000082100000| PB 0x0000000082000000| Untracked 
|  33|0x0000000082100000, 0x0000000082200000, 0x0000000082200000|100%| O|  |TAMS 0x0000000082200000| PB 0x0000000082100000| Untracked 
|  34|0x0000000082200000, 0x0000000082300000, 0x0000000082300000|100%| O|  |TAMS 0x0000000082300000| PB 0x0000000082200000| Untracked 
|  35|0x0000000082300000, 0x0000000082400000, 0x0000000082400000|100%| O|  |TAMS 0x0000000082400000| PB 0x0000000082300000| Untracked 
|  36|0x0000000082400000, 0x0000000082500000, 0x0000000082500000|100%| O|  |TAMS 0x0000000082500000| PB 0x0000000082400000| Untracked 
|  37|0x0000000082500000, 0x0000000082600000, 0x0000000082600000|100%|HS|  |TAMS 0x0000000082600000| PB 0x0000000082500000| Complete 
|  38|0x0000000082600000, 0x0000000082700000, 0x0000000082700000|100%|HC|  |TAMS 0x0000000082700000| PB 0x0000000082600000| Complete 
|  39|0x0000000082700000, 0x0000000082800000, 0x0000000082800000|100%|HC|  |TAMS 0x0000000082800000| PB 0x0000000082700000| Complete 
|  40|0x0000000082800000, 0x0000000082900000, 0x0000000082900000|100%|HC|  |TAMS 0x0000000082900000| PB 0x0000000082800000| Complete 
|  41|0x0000000082900000, 0x0000000082a00000, 0x0000000082a00000|100%|HC|  |TAMS 0x0000000082a00000| PB 0x0000000082900000| Complete 
|  42|0x0000000082a00000, 0x0000000082b00000, 0x0000000082b00000|100%|HC|  |TAMS 0x0000000082b00000| PB 0x0000000082a00000| Complete 
|  43|0x0000000082b00000, 0x0000000082c00000, 0x0000000082c00000|100%| O|  |TAMS 0x0000000082c00000| PB 0x0000000082b00000| Untracked 
|  44|0x0000000082c00000, 0x0000000082d00000, 0x0000000082d00000|100%| O|  |TAMS 0x0000000082d00000| PB 0x0000000082c00000| Untracked 
|  45|0x0000000082d00000, 0x0000000082e00000, 0x0000000082e00000|100%| O|  |TAMS 0x0000000082e00000| PB 0x0000000082d00000| Untracked 
|  46|0x0000000082e00000, 0x0000000082f00000, 0x0000000082f00000|100%| O|  |TAMS 0x0000000082f00000| PB 0x0000000082e00000| Untracked 
|  47|0x0000000082f00000, 0x0000000083000000, 0x0000000083000000|100%| O|  |TAMS 0x0000000083000000| PB 0x0000000082f00000| Untracked 
|  48|0x0000000083000000, 0x0000000083100000, 0x0000000083100000|100%| O|  |TAMS 0x0000000083100000| PB 0x0000000083000000| Untracked 
|  49|0x0000000083100000, 0x0000000083200000, 0x0000000083200000|100%| O|  |TAMS 0x0000000083200000| PB 0x0000000083100000| Untracked 
|  50|0x0000000083200000, 0x0000000083300000, 0x0000000083300000|100%|HS|  |TAMS 0x0000000083300000| PB 0x0000000083200000| Complete 
|  51|0x0000000083300000, 0x0000000083400000, 0x0000000083400000|100%| O|  |TAMS 0x0000000083400000| PB 0x0000000083300000| Untracked 
|  52|0x0000000083400000, 0x0000000083500000, 0x0000000083500000|100%| O|  |TAMS 0x0000000083500000| PB 0x0000000083400000| Untracked 
|  53|0x0000000083500000, 0x0000000083600000, 0x0000000083600000|100%| O|  |TAMS 0x0000000083600000| PB 0x0000000083500000| Untracked 
|  54|0x0000000083600000, 0x0000000083700000, 0x0000000083700000|100%| O|  |TAMS 0x0000000083700000| PB 0x0000000083600000| Untracked 
|  55|0x0000000083700000, 0x0000000083800000, 0x0000000083800000|100%|HS|  |TAMS 0x0000000083800000| PB 0x0000000083700000| Complete 
|  56|0x0000000083800000, 0x0000000083900000, 0x0000000083900000|100%|HS|  |TAMS 0x0000000083900000| PB 0x0000000083800000| Complete 
|  57|0x0000000083900000, 0x0000000083a00000, 0x0000000083a00000|100%|HS|  |TAMS 0x0000000083a00000| PB 0x0000000083900000| Complete 
|  58|0x0000000083a00000, 0x0000000083b00000, 0x0000000083b00000|100%|HC|  |TAMS 0x0000000083b00000| PB 0x0000000083a00000| Complete 
|  59|0x0000000083b00000, 0x0000000083c00000, 0x0000000083c00000|100%| O|  |TAMS 0x0000000083c00000| PB 0x0000000083b00000| Untracked 
|  60|0x0000000083c00000, 0x0000000083d00000, 0x0000000083d00000|100%|HS|  |TAMS 0x0000000083d00000| PB 0x0000000083c00000| Complete 
|  61|0x0000000083d00000, 0x0000000083e00000, 0x0000000083e00000|100%|HS|  |TAMS 0x0000000083e00000| PB 0x0000000083d00000| Complete 
|  62|0x0000000083e00000, 0x0000000083f00000, 0x0000000083f00000|100%| O|  |TAMS 0x0000000083f00000| PB 0x0000000083e00000| Untracked 
|  63|0x0000000083f00000, 0x0000000084000000, 0x0000000084000000|100%| O|  |TAMS 0x0000000084000000| PB 0x0000000083f00000| Untracked 
|  64|0x0000000084000000, 0x0000000084100000, 0x0000000084100000|100%| O|  |TAMS 0x0000000084100000| PB 0x0000000084000000| Untracked 
|  65|0x0000000084100000, 0x0000000084200000, 0x0000000084200000|100%| O|  |TAMS 0x0000000084200000| PB 0x0000000084100000| Untracked 
|  66|0x0000000084200000, 0x0000000084300000, 0x0000000084300000|100%| O|  |TAMS 0x0000000084300000| PB 0x0000000084200000| Untracked 
|  67|0x0000000084300000, 0x0000000084400000, 0x0000000084400000|100%| O|  |TAMS 0x0000000084400000| PB 0x0000000084300000| Untracked 
|  68|0x0000000084400000, 0x0000000084500000, 0x0000000084500000|100%|HS|  |TAMS 0x0000000084500000| PB 0x0000000084400000| Complete 
|  69|0x0000000084500000, 0x0000000084600000, 0x0000000084600000|100%|HC|  |TAMS 0x0000000084600000| PB 0x0000000084500000| Complete 
|  70|0x0000000084600000, 0x0000000084700000, 0x0000000084700000|100%|HC|  |TAMS 0x0000000084700000| PB 0x0000000084600000| Complete 
|  71|0x0000000084700000, 0x0000000084800000, 0x0000000084800000|100%|HC|  |TAMS 0x0000000084800000| PB 0x0000000084700000| Complete 
|  72|0x0000000084800000, 0x0000000084900000, 0x0000000084900000|100%| O|  |TAMS 0x0000000084900000| PB 0x0000000084800000| Untracked 
|  73|0x0000000084900000, 0x0000000084a00000, 0x0000000084a00000|100%| O|  |TAMS 0x0000000084a00000| PB 0x0000000084900000| Untracked 
|  74|0x0000000084a00000, 0x0000000084b00000, 0x0000000084b00000|100%| O|  |TAMS 0x0000000084b00000| PB 0x0000000084a00000| Untracked 
|  75|0x0000000084b00000, 0x0000000084c00000, 0x0000000084c00000|100%| O|  |TAMS 0x0000000084c00000| PB 0x0000000084b00000| Untracked 
|  76|0x0000000084c00000, 0x0000000084d00000, 0x0000000084d00000|100%| O|  |TAMS 0x0000000084d00000| PB 0x0000000084c00000| Untracked 
|  77|0x0000000084d00000, 0x0000000084e00000, 0x0000000084e00000|100%| O|  |TAMS 0x0000000084e00000| PB 0x0000000084d00000| Untracked 
|  78|0x0000000084e00000, 0x0000000084f00000, 0x0000000084f00000|100%| O|  |TAMS 0x0000000084f00000| PB 0x0000000084e00000| Untracked 
|  79|0x0000000084f00000, 0x0000000085000000, 0x0000000085000000|100%| O|  |TAMS 0x0000000085000000| PB 0x0000000084f00000| Untracked 
|  80|0x0000000085000000, 0x0000000085100000, 0x0000000085100000|100%| O|  |TAMS 0x0000000085100000| PB 0x0000000085000000| Untracked 
|  81|0x0000000085100000, 0x0000000085200000, 0x0000000085200000|100%|HS|  |TAMS 0x0000000085200000| PB 0x0000000085100000| Complete 
|  82|0x0000000085200000, 0x0000000085300000, 0x0000000085300000|100%|HC|  |TAMS 0x0000000085300000| PB 0x0000000085200000| Complete 
|  83|0x0000000085300000, 0x0000000085400000, 0x0000000085400000|100%| O|  |TAMS 0x0000000085400000| PB 0x0000000085300000| Untracked 
|  84|0x0000000085400000, 0x0000000085500000, 0x0000000085500000|100%| O|  |TAMS 0x0000000085500000| PB 0x0000000085400000| Untracked 
|  85|0x0000000085500000, 0x0000000085600000, 0x0000000085600000|100%| O|  |TAMS 0x0000000085600000| PB 0x0000000085500000| Untracked 
|  86|0x0000000085600000, 0x0000000085700000, 0x0000000085700000|100%| O|  |TAMS 0x0000000085700000| PB 0x0000000085600000| Untracked 
|  87|0x0000000085700000, 0x0000000085800000, 0x0000000085800000|100%| O|  |TAMS 0x0000000085800000| PB 0x0000000085700000| Untracked 
|  88|0x0000000085800000, 0x0000000085900000, 0x0000000085900000|100%| O|  |TAMS 0x0000000085900000| PB 0x0000000085800000| Untracked 
|  89|0x0000000085900000, 0x0000000085a00000, 0x0000000085a00000|100%| O|  |TAMS 0x0000000085a00000| PB 0x0000000085900000| Untracked 
|  90|0x0000000085a00000, 0x0000000085b00000, 0x0000000085b00000|100%| O|  |TAMS 0x0000000085b00000| PB 0x0000000085a00000| Untracked 
|  91|0x0000000085b00000, 0x0000000085c00000, 0x0000000085c00000|100%| O|  |TAMS 0x0000000085c00000| PB 0x0000000085b00000| Untracked 
|  92|0x0000000085c00000, 0x0000000085d00000, 0x0000000085d00000|100%| O|  |TAMS 0x0000000085d00000| PB 0x0000000085c00000| Untracked 
|  93|0x0000000085d00000, 0x0000000085e00000, 0x0000000085e00000|100%| O|  |TAMS 0x0000000085e00000| PB 0x0000000085d00000| Untracked 
|  94|0x0000000085e00000, 0x0000000085f00000, 0x0000000085f00000|100%| O|  |TAMS 0x0000000085f00000| PB 0x0000000085e00000| Untracked 
|  95|0x0000000085f00000, 0x0000000086000000, 0x0000000086000000|100%| O|  |TAMS 0x0000000086000000| PB 0x0000000085f00000| Untracked 
|  96|0x0000000086000000, 0x0000000086100000, 0x0000000086100000|100%| O|  |TAMS 0x0000000086100000| PB 0x0000000086000000| Untracked 
|  97|0x0000000086100000, 0x0000000086200000, 0x0000000086200000|100%| O|  |TAMS 0x0000000086200000| PB 0x0000000086100000| Untracked 
|  98|0x0000000086200000, 0x0000000086300000, 0x0000000086300000|100%| O|  |TAMS 0x0000000086300000| PB 0x0000000086200000| Untracked 
|  99|0x0000000086300000, 0x0000000086400000, 0x0000000086400000|100%| O|  |TAMS 0x0000000086400000| PB 0x0000000086300000| Untracked 
| 100|0x0000000086400000, 0x0000000086500000, 0x0000000086500000|100%| O|  |TAMS 0x0000000086500000| PB 0x0000000086400000| Untracked 
| 101|0x0000000086500000, 0x0000000086600000, 0x0000000086600000|100%| O|  |TAMS 0x0000000086600000| PB 0x0000000086500000| Untracked 
| 102|0x0000000086600000, 0x0000000086700000, 0x0000000086700000|100%|HS|  |TAMS 0x0000000086700000| PB 0x0000000086600000| Complete 
| 103|0x0000000086700000, 0x0000000086800000, 0x0000000086800000|100%|HC|  |TAMS 0x0000000086800000| PB 0x0000000086700000| Complete 
| 104|0x0000000086800000, 0x0000000086900000, 0x0000000086900000|100%|HS|  |TAMS 0x0000000086900000| PB 0x0000000086800000| Complete 
| 105|0x0000000086900000, 0x0000000086a00000, 0x0000000086a00000|100%|HC|  |TAMS 0x0000000086a00000| PB 0x0000000086900000| Complete 
| 106|0x0000000086a00000, 0x0000000086b00000, 0x0000000086b00000|100%|HC|  |TAMS 0x0000000086b00000| PB 0x0000000086a00000| Complete 
| 107|0x0000000086b00000, 0x0000000086c00000, 0x0000000086c00000|100%|HC|  |TAMS 0x0000000086c00000| PB 0x0000000086b00000| Complete 
| 108|0x0000000086c00000, 0x0000000086d00000, 0x0000000086d00000|100%|HC|  |TAMS 0x0000000086d00000| PB 0x0000000086c00000| Complete 
| 109|0x0000000086d00000, 0x0000000086e00000, 0x0000000086e00000|100%|HC|  |TAMS 0x0000000086e00000| PB 0x0000000086d00000| Complete 
| 110|0x0000000086e00000, 0x0000000086f00000, 0x0000000086f00000|100%|HS|  |TAMS 0x0000000086f00000| PB 0x0000000086e00000| Complete 
| 111|0x0000000086f00000, 0x0000000087000000, 0x0000000087000000|100%|HC|  |TAMS 0x0000000087000000| PB 0x0000000086f00000| Complete 
| 112|0x0000000087000000, 0x0000000087100000, 0x0000000087100000|100%|HC|  |TAMS 0x0000000087100000| PB 0x0000000087000000| Complete 
| 113|0x0000000087100000, 0x0000000087200000, 0x0000000087200000|100%|HS|  |TAMS 0x0000000087200000| PB 0x0000000087100000| Complete 
| 114|0x0000000087200000, 0x0000000087300000, 0x0000000087300000|100%|HC|  |TAMS 0x0000000087300000| PB 0x0000000087200000| Complete 
| 115|0x0000000087300000, 0x0000000087400000, 0x0000000087400000|100%|HS|  |TAMS 0x0000000087400000| PB 0x0000000087300000| Complete 
| 116|0x0000000087400000, 0x0000000087500000, 0x0000000087500000|100%| O|  |TAMS 0x0000000087500000| PB 0x0000000087400000| Untracked 
| 117|0x0000000087500000, 0x0000000087600000, 0x0000000087600000|100%| O|  |TAMS 0x0000000087600000| PB 0x0000000087500000| Untracked 
| 118|0x0000000087600000, 0x0000000087700000, 0x0000000087700000|100%| O|  |TAMS 0x0000000087700000| PB 0x0000000087600000| Untracked 
| 119|0x0000000087700000, 0x0000000087800000, 0x0000000087800000|100%| O|  |TAMS 0x0000000087800000| PB 0x0000000087700000| Untracked 
| 120|0x0000000087800000, 0x0000000087900000, 0x0000000087900000|100%| O|  |TAMS 0x0000000087900000| PB 0x0000000087800000| Untracked 
| 121|0x0000000087900000, 0x0000000087a00000, 0x0000000087a00000|100%| O|  |TAMS 0x0000000087a00000| PB 0x0000000087900000| Untracked 
| 122|0x0000000087a00000, 0x0000000087b00000, 0x0000000087b00000|100%| O|  |TAMS 0x0000000087b00000| PB 0x0000000087a00000| Untracked 
| 123|0x0000000087b00000, 0x0000000087c00000, 0x0000000087c00000|100%| O|  |TAMS 0x0000000087c00000| PB 0x0000000087b00000| Untracked 
| 124|0x0000000087c00000, 0x0000000087d00000, 0x0000000087d00000|100%| O|  |TAMS 0x0000000087d00000| PB 0x0000000087c00000| Untracked 
| 125|0x0000000087d00000, 0x0000000087e00000, 0x0000000087e00000|100%| O|  |TAMS 0x0000000087e00000| PB 0x0000000087d00000| Untracked 
| 126|0x0000000087e00000, 0x0000000087f00000, 0x0000000087f00000|100%| O|  |TAMS 0x0000000087f00000| PB 0x0000000087e00000| Untracked 
| 127|0x0000000087f00000, 0x0000000088000000, 0x0000000088000000|100%| O|  |TAMS 0x0000000088000000| PB 0x0000000087f00000| Untracked 
| 128|0x0000000088000000, 0x0000000088100000, 0x0000000088100000|100%| O|  |TAMS 0x0000000088100000| PB 0x0000000088000000| Untracked 
| 129|0x0000000088100000, 0x0000000088200000, 0x0000000088200000|100%| O|  |TAMS 0x0000000088200000| PB 0x0000000088100000| Untracked 
| 130|0x0000000088200000, 0x0000000088300000, 0x0000000088300000|100%| O|  |TAMS 0x0000000088300000| PB 0x0000000088200000| Untracked 
| 131|0x0000000088300000, 0x0000000088400000, 0x0000000088400000|100%| O|  |TAMS 0x0000000088400000| PB 0x0000000088300000| Untracked 
| 132|0x0000000088400000, 0x0000000088500000, 0x0000000088500000|100%| O|  |TAMS 0x0000000088500000| PB 0x0000000088400000| Untracked 
| 133|0x0000000088500000, 0x0000000088600000, 0x0000000088600000|100%| O|  |TAMS 0x0000000088600000| PB 0x0000000088500000| Untracked 
| 134|0x0000000088600000, 0x0000000088700000, 0x0000000088700000|100%| O|  |TAMS 0x0000000088700000| PB 0x0000000088600000| Untracked 
| 135|0x0000000088700000, 0x0000000088800000, 0x0000000088800000|100%| O|  |TAMS 0x0000000088800000| PB 0x0000000088700000| Untracked 
| 136|0x0000000088800000, 0x0000000088900000, 0x0000000088900000|100%| O|  |TAMS 0x0000000088900000| PB 0x0000000088800000| Untracked 
| 137|0x0000000088900000, 0x0000000088a00000, 0x0000000088a00000|100%| O|  |TAMS 0x0000000088a00000| PB 0x0000000088900000| Untracked 
| 138|0x0000000088a00000, 0x0000000088b00000, 0x0000000088b00000|100%| O|  |TAMS 0x0000000088b00000| PB 0x0000000088a00000| Untracked 
| 139|0x0000000088b00000, 0x0000000088c00000, 0x0000000088c00000|100%| O|  |TAMS 0x0000000088c00000| PB 0x0000000088b00000| Untracked 
| 140|0x0000000088c00000, 0x0000000088d00000, 0x0000000088d00000|100%| O|  |TAMS 0x0000000088d00000| PB 0x0000000088c00000| Untracked 
| 141|0x0000000088d00000, 0x0000000088e00000, 0x0000000088e00000|100%| O|  |TAMS 0x0000000088e00000| PB 0x0000000088d00000| Untracked 
| 142|0x0000000088e00000, 0x0000000088f00000, 0x0000000088f00000|100%| O|  |TAMS 0x0000000088f00000| PB 0x0000000088e00000| Untracked 
| 143|0x0000000088f00000, 0x0000000089000000, 0x0000000089000000|100%| O|  |TAMS 0x0000000089000000| PB 0x0000000088f00000| Untracked 
| 144|0x0000000089000000, 0x0000000089100000, 0x0000000089100000|100%| O|  |TAMS 0x0000000089100000| PB 0x0000000089000000| Untracked 
| 145|0x0000000089100000, 0x0000000089200000, 0x0000000089200000|100%| O|  |TAMS 0x0000000089200000| PB 0x0000000089100000| Untracked 
| 146|0x0000000089200000, 0x0000000089300000, 0x0000000089300000|100%| O|  |TAMS 0x0000000089300000| PB 0x0000000089200000| Untracked 
| 147|0x0000000089300000, 0x0000000089400000, 0x0000000089400000|100%| O|  |TAMS 0x0000000089400000| PB 0x0000000089300000| Untracked 
| 148|0x0000000089400000, 0x0000000089500000, 0x0000000089500000|100%| O|  |TAMS 0x0000000089500000| PB 0x0000000089400000| Untracked 
| 149|0x0000000089500000, 0x0000000089600000, 0x0000000089600000|100%| O|  |TAMS 0x0000000089600000| PB 0x0000000089500000| Untracked 
| 150|0x0000000089600000, 0x0000000089700000, 0x0000000089700000|100%| O|  |TAMS 0x0000000089700000| PB 0x0000000089600000| Untracked 
| 151|0x0000000089700000, 0x0000000089800000, 0x0000000089800000|100%| O|  |TAMS 0x0000000089800000| PB 0x0000000089700000| Untracked 
| 152|0x0000000089800000, 0x0000000089900000, 0x0000000089900000|100%| O|  |TAMS 0x0000000089900000| PB 0x0000000089800000| Untracked 
| 153|0x0000000089900000, 0x0000000089a00000, 0x0000000089a00000|100%| O|  |TAMS 0x0000000089a00000| PB 0x0000000089900000| Untracked 
| 154|0x0000000089a00000, 0x0000000089b00000, 0x0000000089b00000|100%| O|  |TAMS 0x0000000089b00000| PB 0x0000000089a00000| Untracked 
| 155|0x0000000089b00000, 0x0000000089c00000, 0x0000000089c00000|100%| O|  |TAMS 0x0000000089c00000| PB 0x0000000089b00000| Untracked 
| 156|0x0000000089c00000, 0x0000000089d00000, 0x0000000089d00000|100%| O|  |TAMS 0x0000000089d00000| PB 0x0000000089c00000| Untracked 
| 157|0x0000000089d00000, 0x0000000089e00000, 0x0000000089e00000|100%| O|  |TAMS 0x0000000089e00000| PB 0x0000000089d00000| Untracked 
| 158|0x0000000089e00000, 0x0000000089f00000, 0x0000000089f00000|100%| O|  |TAMS 0x0000000089f00000| PB 0x0000000089e00000| Untracked 
| 159|0x0000000089f00000, 0x000000008a000000, 0x000000008a000000|100%| O|  |TAMS 0x000000008a000000| PB 0x0000000089f00000| Untracked 
| 160|0x000000008a000000, 0x000000008a100000, 0x000000008a100000|100%| O|  |TAMS 0x000000008a100000| PB 0x000000008a000000| Untracked 
| 161|0x000000008a100000, 0x000000008a200000, 0x000000008a200000|100%| O|  |TAMS 0x000000008a200000| PB 0x000000008a100000| Untracked 
| 162|0x000000008a200000, 0x000000008a300000, 0x000000008a300000|100%| O|  |TAMS 0x000000008a300000| PB 0x000000008a200000| Untracked 
| 163|0x000000008a300000, 0x000000008a400000, 0x000000008a400000|100%| O|  |TAMS 0x000000008a400000| PB 0x000000008a300000| Untracked 
| 164|0x000000008a400000, 0x000000008a500000, 0x000000008a500000|100%| O|  |TAMS 0x000000008a500000| PB 0x000000008a400000| Untracked 
| 165|0x000000008a500000, 0x000000008a600000, 0x000000008a600000|100%| O|  |TAMS 0x000000008a600000| PB 0x000000008a500000| Untracked 
| 166|0x000000008a600000, 0x000000008a700000, 0x000000008a700000|100%| O|  |TAMS 0x000000008a700000| PB 0x000000008a600000| Untracked 
| 167|0x000000008a700000, 0x000000008a800000, 0x000000008a800000|100%| O|  |TAMS 0x000000008a800000| PB 0x000000008a700000| Untracked 
| 168|0x000000008a800000, 0x000000008a900000, 0x000000008a900000|100%| O|  |TAMS 0x000000008a900000| PB 0x000000008a800000| Untracked 
| 169|0x000000008a900000, 0x000000008aa00000, 0x000000008aa00000|100%| O|  |TAMS 0x000000008aa00000| PB 0x000000008a900000| Untracked 
| 170|0x000000008aa00000, 0x000000008ab00000, 0x000000008ab00000|100%| O|  |TAMS 0x000000008ab00000| PB 0x000000008aa00000| Untracked 
| 171|0x000000008ab00000, 0x000000008ac00000, 0x000000008ac00000|100%| O|  |TAMS 0x000000008ac00000| PB 0x000000008ab00000| Untracked 
| 172|0x000000008ac00000, 0x000000008ad00000, 0x000000008ad00000|100%| O|  |TAMS 0x000000008ad00000| PB 0x000000008ac00000| Untracked 
| 173|0x000000008ad00000, 0x000000008ae00000, 0x000000008ae00000|100%| O|  |TAMS 0x000000008ae00000| PB 0x000000008ad00000| Untracked 
| 174|0x000000008ae00000, 0x000000008af00000, 0x000000008af00000|100%| O|  |TAMS 0x000000008af00000| PB 0x000000008ae00000| Untracked 
| 175|0x000000008af00000, 0x000000008af00000, 0x000000008b000000|  0%| F|  |TAMS 0x000000008af00000| PB 0x000000008af00000| Untracked 
| 176|0x000000008b000000, 0x000000008b100000, 0x000000008b100000|100%| O|  |TAMS 0x000000008b100000| PB 0x000000008b000000| Untracked 
| 177|0x000000008b100000, 0x000000008b200000, 0x000000008b200000|100%| O|  |TAMS 0x000000008b200000| PB 0x000000008b100000| Untracked 
| 178|0x000000008b200000, 0x000000008b300000, 0x000000008b300000|100%| O|  |TAMS 0x000000008b300000| PB 0x000000008b200000| Untracked 
| 179|0x000000008b300000, 0x000000008b400000, 0x000000008b400000|100%| O|  |TAMS 0x000000008b400000| PB 0x000000008b300000| Untracked 
| 180|0x000000008b400000, 0x000000008b500000, 0x000000008b500000|100%| O|  |TAMS 0x000000008b500000| PB 0x000000008b400000| Untracked 
| 181|0x000000008b500000, 0x000000008b600000, 0x000000008b600000|100%| O|  |TAMS 0x000000008b600000| PB 0x000000008b500000| Untracked 
| 182|0x000000008b600000, 0x000000008b700000, 0x000000008b700000|100%| O|  |TAMS 0x000000008b700000| PB 0x000000008b600000| Untracked 
| 183|0x000000008b700000, 0x000000008b800000, 0x000000008b800000|100%| O|  |TAMS 0x000000008b800000| PB 0x000000008b700000| Untracked 
| 184|0x000000008b800000, 0x000000008b900000, 0x000000008b900000|100%| O|  |TAMS 0x000000008b900000| PB 0x000000008b800000| Untracked 
| 185|0x000000008b900000, 0x000000008ba00000, 0x000000008ba00000|100%| O|  |TAMS 0x000000008ba00000| PB 0x000000008b900000| Untracked 
| 186|0x000000008ba00000, 0x000000008bb00000, 0x000000008bb00000|100%| O|  |TAMS 0x000000008bb00000| PB 0x000000008ba00000| Untracked 
| 187|0x000000008bb00000, 0x000000008bc00000, 0x000000008bc00000|100%| O|  |TAMS 0x000000008bc00000| PB 0x000000008bb00000| Untracked 
| 188|0x000000008bc00000, 0x000000008bd00000, 0x000000008bd00000|100%| O|  |TAMS 0x000000008bd00000| PB 0x000000008bc00000| Untracked 
| 189|0x000000008bd00000, 0x000000008be00000, 0x000000008be00000|100%| O|  |TAMS 0x000000008be00000| PB 0x000000008bd00000| Untracked 
| 190|0x000000008be00000, 0x000000008bf00000, 0x000000008bf00000|100%| O|  |TAMS 0x000000008bf00000| PB 0x000000008be00000| Untracked 
| 191|0x000000008bf00000, 0x000000008c000000, 0x000000008c000000|100%| O|  |TAMS 0x000000008c000000| PB 0x000000008bf00000| Untracked 
| 192|0x000000008c000000, 0x000000008c000000, 0x000000008c100000|  0%| F|  |TAMS 0x000000008c000000| PB 0x000000008c000000| Untracked 
| 193|0x000000008c100000, 0x000000008c200000, 0x000000008c200000|100%| O|  |TAMS 0x000000008c200000| PB 0x000000008c100000| Untracked 
| 194|0x000000008c200000, 0x000000008c300000, 0x000000008c300000|100%| O|  |TAMS 0x000000008c300000| PB 0x000000008c200000| Untracked 
| 195|0x000000008c300000, 0x000000008c400000, 0x000000008c400000|100%| O|  |TAMS 0x000000008c400000| PB 0x000000008c300000| Untracked 
| 196|0x000000008c400000, 0x000000008c500000, 0x000000008c500000|100%| O|  |TAMS 0x000000008c500000| PB 0x000000008c400000| Untracked 
| 197|0x000000008c500000, 0x000000008c600000, 0x000000008c600000|100%| O|  |TAMS 0x000000008c600000| PB 0x000000008c500000| Untracked 
| 198|0x000000008c600000, 0x000000008c700000, 0x000000008c700000|100%| O|  |TAMS 0x000000008c700000| PB 0x000000008c600000| Untracked 
| 199|0x000000008c700000, 0x000000008c800000, 0x000000008c800000|100%| O|  |TAMS 0x000000008c800000| PB 0x000000008c700000| Untracked 
| 200|0x000000008c800000, 0x000000008c900000, 0x000000008c900000|100%| O|  |TAMS 0x000000008c900000| PB 0x000000008c800000| Untracked 
| 201|0x000000008c900000, 0x000000008c932b60, 0x000000008ca00000| 19%| O|  |TAMS 0x000000008c932b60| PB 0x000000008c900000| Untracked 
| 202|0x000000008ca00000, 0x000000008ca00000, 0x000000008cb00000|  0%| F|  |TAMS 0x000000008ca00000| PB 0x000000008ca00000| Untracked 
| 203|0x000000008cb00000, 0x000000008cc00000, 0x000000008cc00000|100%| O|  |TAMS 0x000000008cc00000| PB 0x000000008cb00000| Untracked 
| 204|0x000000008cc00000, 0x000000008cc00000, 0x000000008cd00000|  0%| F|  |TAMS 0x000000008cc00000| PB 0x000000008cc00000| Untracked 
| 205|0x000000008cd00000, 0x000000008cd00000, 0x000000008ce00000|  0%| F|  |TAMS 0x000000008cd00000| PB 0x000000008cd00000| Untracked 
| 206|0x000000008ce00000, 0x000000008ce00000, 0x000000008cf00000|  0%| F|  |TAMS 0x000000008ce00000| PB 0x000000008ce00000| Untracked 
| 207|0x000000008cf00000, 0x000000008cf00000, 0x000000008d000000|  0%| F|  |TAMS 0x000000008cf00000| PB 0x000000008cf00000| Untracked 
| 208|0x000000008d000000, 0x000000008d000000, 0x000000008d100000|  0%| F|  |TAMS 0x000000008d000000| PB 0x000000008d000000| Untracked 
| 209|0x000000008d100000, 0x000000008d100000, 0x000000008d200000|  0%| F|  |TAMS 0x000000008d100000| PB 0x000000008d100000| Untracked 
| 210|0x000000008d200000, 0x000000008d200000, 0x000000008d300000|  0%| F|  |TAMS 0x000000008d200000| PB 0x000000008d200000| Untracked 
| 211|0x000000008d300000, 0x000000008d300000, 0x000000008d400000|  0%| F|  |TAMS 0x000000008d300000| PB 0x000000008d300000| Untracked 
| 212|0x000000008d400000, 0x000000008d500000, 0x000000008d500000|100%| O|  |TAMS 0x000000008d500000| PB 0x000000008d400000| Untracked 
| 213|0x000000008d500000, 0x000000008d500000, 0x000000008d600000|  0%| F|  |TAMS 0x000000008d500000| PB 0x000000008d500000| Untracked 
| 214|0x000000008d600000, 0x000000008d600000, 0x000000008d700000|  0%| F|  |TAMS 0x000000008d600000| PB 0x000000008d600000| Untracked 
| 215|0x000000008d700000, 0x000000008d700000, 0x000000008d800000|  0%| F|  |TAMS 0x000000008d700000| PB 0x000000008d700000| Untracked 
| 216|0x000000008d800000, 0x000000008d800000, 0x000000008d900000|  0%| F|  |TAMS 0x000000008d800000| PB 0x000000008d800000| Untracked 
| 217|0x000000008d900000, 0x000000008d900000, 0x000000008da00000|  0%| F|  |TAMS 0x000000008d900000| PB 0x000000008d900000| Untracked 
| 218|0x000000008da00000, 0x000000008da00000, 0x000000008db00000|  0%| F|  |TAMS 0x000000008da00000| PB 0x000000008da00000| Untracked 
| 219|0x000000008db00000, 0x000000008db00000, 0x000000008dc00000|  0%| F|  |TAMS 0x000000008db00000| PB 0x000000008db00000| Untracked 
| 220|0x000000008dc00000, 0x000000008dc00000, 0x000000008dd00000|  0%| F|  |TAMS 0x000000008dc00000| PB 0x000000008dc00000| Untracked 
| 221|0x000000008dd00000, 0x000000008dd00000, 0x000000008de00000|  0%| F|  |TAMS 0x000000008dd00000| PB 0x000000008dd00000| Untracked 
| 222|0x000000008de00000, 0x000000008de00000, 0x000000008df00000|  0%| F|  |TAMS 0x000000008de00000| PB 0x000000008de00000| Untracked 
| 223|0x000000008df00000, 0x000000008df00000, 0x000000008e000000|  0%| F|  |TAMS 0x000000008df00000| PB 0x000000008df00000| Untracked 
| 224|0x000000008e000000, 0x000000008e000000, 0x000000008e100000|  0%| F|  |TAMS 0x000000008e000000| PB 0x000000008e000000| Untracked 
| 225|0x000000008e100000, 0x000000008e100000, 0x000000008e200000|  0%| F|  |TAMS 0x000000008e100000| PB 0x000000008e100000| Untracked 
| 226|0x000000008e200000, 0x000000008e200000, 0x000000008e300000|  0%| F|  |TAMS 0x000000008e200000| PB 0x000000008e200000| Untracked 
| 227|0x000000008e300000, 0x000000008e300000, 0x000000008e400000|  0%| F|  |TAMS 0x000000008e300000| PB 0x000000008e300000| Untracked 
| 228|0x000000008e400000, 0x000000008e500000, 0x000000008e500000|100%| O|  |TAMS 0x000000008e500000| PB 0x000000008e400000| Untracked 
| 229|0x000000008e500000, 0x000000008e500000, 0x000000008e600000|  0%| F|  |TAMS 0x000000008e500000| PB 0x000000008e500000| Untracked 
| 230|0x000000008e600000, 0x000000008e700000, 0x000000008e700000|100%| O|  |TAMS 0x000000008e700000| PB 0x000000008e600000| Untracked 
| 231|0x000000008e700000, 0x000000008e800000, 0x000000008e800000|100%| O|  |TAMS 0x000000008e800000| PB 0x000000008e700000| Untracked 
| 232|0x000000008e800000, 0x000000008e900000, 0x000000008e900000|100%| O|  |TAMS 0x000000008e900000| PB 0x000000008e800000| Untracked 
| 233|0x000000008e900000, 0x000000008e900000, 0x000000008ea00000|  0%| F|  |TAMS 0x000000008e900000| PB 0x000000008e900000| Untracked 
| 234|0x000000008ea00000, 0x000000008eb00000, 0x000000008eb00000|100%| O|  |TAMS 0x000000008eb00000| PB 0x000000008ea00000| Untracked 
| 235|0x000000008eb00000, 0x000000008eb00000, 0x000000008ec00000|  0%| F|  |TAMS 0x000000008eb00000| PB 0x000000008eb00000| Untracked 
| 236|0x000000008ec00000, 0x000000008ec00000, 0x000000008ed00000|  0%| F|  |TAMS 0x000000008ec00000| PB 0x000000008ec00000| Untracked 
| 237|0x000000008ed00000, 0x000000008ed00000, 0x000000008ee00000|  0%| F|  |TAMS 0x000000008ed00000| PB 0x000000008ed00000| Untracked 
| 238|0x000000008ee00000, 0x000000008ee00000, 0x000000008ef00000|  0%| F|  |TAMS 0x000000008ee00000| PB 0x000000008ee00000| Untracked 
| 239|0x000000008ef00000, 0x000000008ef00000, 0x000000008f000000|  0%| F|  |TAMS 0x000000008ef00000| PB 0x000000008ef00000| Untracked 
| 240|0x000000008f000000, 0x000000008f100000, 0x000000008f100000|100%| O|  |TAMS 0x000000008f100000| PB 0x000000008f000000| Untracked 
| 241|0x000000008f100000, 0x000000008f100000, 0x000000008f200000|  0%| F|  |TAMS 0x000000008f100000| PB 0x000000008f100000| Untracked 
| 242|0x000000008f200000, 0x000000008f200000, 0x000000008f300000|  0%| F|  |TAMS 0x000000008f200000| PB 0x000000008f200000| Untracked 
| 243|0x000000008f300000, 0x000000008f300000, 0x000000008f400000|  0%| F|  |TAMS 0x000000008f300000| PB 0x000000008f300000| Untracked 
| 244|0x000000008f400000, 0x000000008f500000, 0x000000008f500000|100%| O|  |TAMS 0x000000008f500000| PB 0x000000008f400000| Untracked 
| 245|0x000000008f500000, 0x000000008f600000, 0x000000008f600000|100%| O|  |TAMS 0x000000008f600000| PB 0x000000008f500000| Untracked 
| 246|0x000000008f600000, 0x000000008f700000, 0x000000008f700000|100%| O|  |TAMS 0x000000008f700000| PB 0x000000008f600000| Untracked 
| 247|0x000000008f700000, 0x000000008f800000, 0x000000008f800000|100%| O|  |TAMS 0x000000008f800000| PB 0x000000008f700000| Untracked 
| 248|0x000000008f800000, 0x000000008f900000, 0x000000008f900000|100%| O|  |TAMS 0x000000008f900000| PB 0x000000008f800000| Untracked 
| 249|0x000000008f900000, 0x000000008fa00000, 0x000000008fa00000|100%| O|  |TAMS 0x000000008fa00000| PB 0x000000008f900000| Untracked 
| 250|0x000000008fa00000, 0x000000008fb00000, 0x000000008fb00000|100%| O|  |TAMS 0x000000008fb00000| PB 0x000000008fa00000| Untracked 
| 251|0x000000008fb00000, 0x000000008fc00000, 0x000000008fc00000|100%| O|  |TAMS 0x000000008fc00000| PB 0x000000008fb00000| Untracked 
| 252|0x000000008fc00000, 0x000000008fd00000, 0x000000008fd00000|100%| O|  |TAMS 0x000000008fd00000| PB 0x000000008fc00000| Untracked 
| 253|0x000000008fd00000, 0x000000008fe00000, 0x000000008fe00000|100%| O|  |TAMS 0x000000008fe00000| PB 0x000000008fd00000| Untracked 
| 254|0x000000008fe00000, 0x000000008fe00000, 0x000000008ff00000|  0%| F|  |TAMS 0x000000008fe00000| PB 0x000000008fe00000| Untracked 
| 255|0x000000008ff00000, 0x000000008ff00000, 0x0000000090000000|  0%| F|  |TAMS 0x000000008ff00000| PB 0x000000008ff00000| Untracked 
| 256|0x0000000090000000, 0x0000000090000000, 0x0000000090100000|  0%| F|  |TAMS 0x0000000090000000| PB 0x0000000090000000| Untracked 
| 257|0x0000000090100000, 0x0000000090100000, 0x0000000090200000|  0%| F|  |TAMS 0x0000000090100000| PB 0x0000000090100000| Untracked 
| 258|0x0000000090200000, 0x0000000090200000, 0x0000000090300000|  0%| F|  |TAMS 0x0000000090200000| PB 0x0000000090200000| Untracked 
| 259|0x0000000090300000, 0x0000000090300000, 0x0000000090400000|  0%| F|  |TAMS 0x0000000090300000| PB 0x0000000090300000| Untracked 
| 260|0x0000000090400000, 0x0000000090400000, 0x0000000090500000|  0%| F|  |TAMS 0x0000000090400000| PB 0x0000000090400000| Untracked 
| 261|0x0000000090500000, 0x00000000905b99d0, 0x0000000090600000| 72%| S|CS|TAMS 0x0000000090500000| PB 0x0000000090500000| Complete 
| 262|0x0000000090600000, 0x0000000090600000, 0x0000000090700000|  0%| F|  |TAMS 0x0000000090600000| PB 0x0000000090600000| Untracked 
| 263|0x0000000090700000, 0x0000000090700000, 0x0000000090800000|  0%| F|  |TAMS 0x0000000090700000| PB 0x0000000090700000| Untracked 
| 264|0x0000000090800000, 0x0000000090800000, 0x0000000090900000|  0%| F|  |TAMS 0x0000000090800000| PB 0x0000000090800000| Untracked 
| 265|0x0000000090900000, 0x0000000090900000, 0x0000000090a00000|  0%| F|  |TAMS 0x0000000090900000| PB 0x0000000090900000| Untracked 
| 266|0x0000000090a00000, 0x0000000090a00000, 0x0000000090b00000|  0%| F|  |TAMS 0x0000000090a00000| PB 0x0000000090a00000| Untracked 
| 267|0x0000000090b00000, 0x0000000090b00000, 0x0000000090c00000|  0%| F|  |TAMS 0x0000000090b00000| PB 0x0000000090b00000| Untracked 
| 268|0x0000000090c00000, 0x0000000090c00000, 0x0000000090d00000|  0%| F|  |TAMS 0x0000000090c00000| PB 0x0000000090c00000| Untracked 
| 269|0x0000000090d00000, 0x0000000090d00000, 0x0000000090e00000|  0%| F|  |TAMS 0x0000000090d00000| PB 0x0000000090d00000| Untracked 
| 270|0x0000000090e00000, 0x0000000090f00000, 0x0000000090f00000|100%| S|CS|TAMS 0x0000000090e00000| PB 0x0000000090e00000| Complete 
| 271|0x0000000090f00000, 0x0000000091000000, 0x0000000091000000|100%| S|CS|TAMS 0x0000000090f00000| PB 0x0000000090f00000| Complete 
| 272|0x0000000091000000, 0x0000000091100000, 0x0000000091100000|100%| S|CS|TAMS 0x0000000091000000| PB 0x0000000091000000| Complete 
| 273|0x0000000091100000, 0x0000000091200000, 0x0000000091200000|100%| S|CS|TAMS 0x0000000091100000| PB 0x0000000091100000| Complete 
| 274|0x0000000091200000, 0x0000000091300000, 0x0000000091300000|100%| S|CS|TAMS 0x0000000091200000| PB 0x0000000091200000| Complete 
| 275|0x0000000091300000, 0x0000000091400000, 0x0000000091400000|100%| S|CS|TAMS 0x0000000091300000| PB 0x0000000091300000| Complete 
| 276|0x0000000091400000, 0x0000000091500000, 0x0000000091500000|100%| S|CS|TAMS 0x0000000091400000| PB 0x0000000091400000| Complete 
| 277|0x0000000091500000, 0x0000000091500000, 0x0000000091600000|  0%| F|  |TAMS 0x0000000091500000| PB 0x0000000091500000| Untracked 
| 278|0x0000000091600000, 0x0000000091600000, 0x0000000091700000|  0%| F|  |TAMS 0x0000000091600000| PB 0x0000000091600000| Untracked 
| 279|0x0000000091700000, 0x0000000091700000, 0x0000000091800000|  0%| F|  |TAMS 0x0000000091700000| PB 0x0000000091700000| Untracked 
| 280|0x0000000091800000, 0x0000000091800000, 0x0000000091900000|  0%| F|  |TAMS 0x0000000091800000| PB 0x0000000091800000| Untracked 
| 281|0x0000000091900000, 0x0000000091900000, 0x0000000091a00000|  0%| F|  |TAMS 0x0000000091900000| PB 0x0000000091900000| Untracked 
| 282|0x0000000091a00000, 0x0000000091a00000, 0x0000000091b00000|  0%| F|  |TAMS 0x0000000091a00000| PB 0x0000000091a00000| Untracked 
| 283|0x0000000091b00000, 0x0000000091b00000, 0x0000000091c00000|  0%| F|  |TAMS 0x0000000091b00000| PB 0x0000000091b00000| Untracked 
| 284|0x0000000091c00000, 0x0000000091c00000, 0x0000000091d00000|  0%| F|  |TAMS 0x0000000091c00000| PB 0x0000000091c00000| Untracked 
| 285|0x0000000091d00000, 0x0000000091d00000, 0x0000000091e00000|  0%| F|  |TAMS 0x0000000091d00000| PB 0x0000000091d00000| Untracked 
| 286|0x0000000091e00000, 0x0000000091e00000, 0x0000000091f00000|  0%| F|  |TAMS 0x0000000091e00000| PB 0x0000000091e00000| Untracked 
| 287|0x0000000091f00000, 0x0000000091f00000, 0x0000000092000000|  0%| F|  |TAMS 0x0000000091f00000| PB 0x0000000091f00000| Untracked 
| 288|0x0000000092000000, 0x0000000092000000, 0x0000000092100000|  0%| F|  |TAMS 0x0000000092000000| PB 0x0000000092000000| Untracked 
| 289|0x0000000092100000, 0x0000000092100000, 0x0000000092200000|  0%| F|  |TAMS 0x0000000092100000| PB 0x0000000092100000| Untracked 
| 290|0x0000000092200000, 0x0000000092200000, 0x0000000092300000|  0%| F|  |TAMS 0x0000000092200000| PB 0x0000000092200000| Untracked 
| 291|0x0000000092300000, 0x0000000092300000, 0x0000000092400000|  0%| F|  |TAMS 0x0000000092300000| PB 0x0000000092300000| Untracked 
| 292|0x0000000092400000, 0x0000000092400000, 0x0000000092500000|  0%| F|  |TAMS 0x0000000092400000| PB 0x0000000092400000| Untracked 
| 293|0x0000000092500000, 0x0000000092500000, 0x0000000092600000|  0%| F|  |TAMS 0x0000000092500000| PB 0x0000000092500000| Untracked 
| 294|0x0000000092600000, 0x0000000092600000, 0x0000000092700000|  0%| F|  |TAMS 0x0000000092600000| PB 0x0000000092600000| Untracked 
| 295|0x0000000092700000, 0x0000000092700000, 0x0000000092800000|  0%| F|  |TAMS 0x0000000092700000| PB 0x0000000092700000| Untracked 
| 296|0x0000000092800000, 0x0000000092800000, 0x0000000092900000|  0%| F|  |TAMS 0x0000000092800000| PB 0x0000000092800000| Untracked 
| 297|0x0000000092900000, 0x0000000092900000, 0x0000000092a00000|  0%| F|  |TAMS 0x0000000092900000| PB 0x0000000092900000| Untracked 
| 298|0x0000000092a00000, 0x0000000092a00000, 0x0000000092b00000|  0%| F|  |TAMS 0x0000000092a00000| PB 0x0000000092a00000| Untracked 
| 299|0x0000000092b00000, 0x0000000092b00000, 0x0000000092c00000|  0%| F|  |TAMS 0x0000000092b00000| PB 0x0000000092b00000| Untracked 
| 300|0x0000000092c00000, 0x0000000092c00000, 0x0000000092d00000|  0%| F|  |TAMS 0x0000000092c00000| PB 0x0000000092c00000| Untracked 
| 301|0x0000000092d00000, 0x0000000092d00000, 0x0000000092e00000|  0%| F|  |TAMS 0x0000000092d00000| PB 0x0000000092d00000| Untracked 
| 302|0x0000000092e00000, 0x0000000092e00000, 0x0000000092f00000|  0%| F|  |TAMS 0x0000000092e00000| PB 0x0000000092e00000| Untracked 
| 303|0x0000000092f00000, 0x0000000092f00000, 0x0000000093000000|  0%| F|  |TAMS 0x0000000092f00000| PB 0x0000000092f00000| Untracked 
| 304|0x0000000093000000, 0x0000000093000000, 0x0000000093100000|  0%| F|  |TAMS 0x0000000093000000| PB 0x0000000093000000| Untracked 
| 305|0x0000000093100000, 0x0000000093100000, 0x0000000093200000|  0%| F|  |TAMS 0x0000000093100000| PB 0x0000000093100000| Untracked 
| 306|0x0000000093200000, 0x0000000093200000, 0x0000000093300000|  0%| F|  |TAMS 0x0000000093200000| PB 0x0000000093200000| Untracked 
| 307|0x0000000093300000, 0x0000000093300000, 0x0000000093400000|  0%| F|  |TAMS 0x0000000093300000| PB 0x0000000093300000| Untracked 
| 308|0x0000000093400000, 0x0000000093400000, 0x0000000093500000|  0%| F|  |TAMS 0x0000000093400000| PB 0x0000000093400000| Untracked 
| 309|0x0000000093500000, 0x0000000093500000, 0x0000000093600000|  0%| F|  |TAMS 0x0000000093500000| PB 0x0000000093500000| Untracked 
| 310|0x0000000093600000, 0x0000000093600000, 0x0000000093700000|  0%| F|  |TAMS 0x0000000093600000| PB 0x0000000093600000| Untracked 
| 311|0x0000000093700000, 0x0000000093700000, 0x0000000093800000|  0%| F|  |TAMS 0x0000000093700000| PB 0x0000000093700000| Untracked 
| 312|0x0000000093800000, 0x0000000093800000, 0x0000000093900000|  0%| F|  |TAMS 0x0000000093800000| PB 0x0000000093800000| Untracked 
| 313|0x0000000093900000, 0x0000000093900000, 0x0000000093a00000|  0%| F|  |TAMS 0x0000000093900000| PB 0x0000000093900000| Untracked 
| 314|0x0000000093a00000, 0x0000000093a00000, 0x0000000093b00000|  0%| F|  |TAMS 0x0000000093a00000| PB 0x0000000093a00000| Untracked 
| 315|0x0000000093b00000, 0x0000000093b00000, 0x0000000093c00000|  0%| F|  |TAMS 0x0000000093b00000| PB 0x0000000093b00000| Untracked 
| 316|0x0000000093c00000, 0x0000000093c00000, 0x0000000093d00000|  0%| F|  |TAMS 0x0000000093c00000| PB 0x0000000093c00000| Untracked 
| 317|0x0000000093d00000, 0x0000000093d00000, 0x0000000093e00000|  0%| F|  |TAMS 0x0000000093d00000| PB 0x0000000093d00000| Untracked 
| 318|0x0000000093e00000, 0x0000000093e00000, 0x0000000093f00000|  0%| F|  |TAMS 0x0000000093e00000| PB 0x0000000093e00000| Untracked 
| 319|0x0000000093f00000, 0x0000000093f00000, 0x0000000094000000|  0%| F|  |TAMS 0x0000000093f00000| PB 0x0000000093f00000| Untracked 
| 320|0x0000000094000000, 0x0000000094000000, 0x0000000094100000|  0%| F|  |TAMS 0x0000000094000000| PB 0x0000000094000000| Untracked 
| 321|0x0000000094100000, 0x0000000094100000, 0x0000000094200000|  0%| F|  |TAMS 0x0000000094100000| PB 0x0000000094100000| Untracked 
| 322|0x0000000094200000, 0x0000000094200000, 0x0000000094300000|  0%| F|  |TAMS 0x0000000094200000| PB 0x0000000094200000| Untracked 
| 323|0x0000000094300000, 0x0000000094300000, 0x0000000094400000|  0%| F|  |TAMS 0x0000000094300000| PB 0x0000000094300000| Untracked 
| 324|0x0000000094400000, 0x0000000094400000, 0x0000000094500000|  0%| F|  |TAMS 0x0000000094400000| PB 0x0000000094400000| Untracked 
| 325|0x0000000094500000, 0x0000000094500000, 0x0000000094600000|  0%| F|  |TAMS 0x0000000094500000| PB 0x0000000094500000| Untracked 
| 326|0x0000000094600000, 0x0000000094600000, 0x0000000094700000|  0%| F|  |TAMS 0x0000000094600000| PB 0x0000000094600000| Untracked 
| 327|0x0000000094700000, 0x0000000094700000, 0x0000000094800000|  0%| F|  |TAMS 0x0000000094700000| PB 0x0000000094700000| Untracked 
| 328|0x0000000094800000, 0x0000000094800000, 0x0000000094900000|  0%| F|  |TAMS 0x0000000094800000| PB 0x0000000094800000| Untracked 
| 329|0x0000000094900000, 0x0000000094900000, 0x0000000094a00000|  0%| F|  |TAMS 0x0000000094900000| PB 0x0000000094900000| Untracked 
| 330|0x0000000094a00000, 0x0000000094a00000, 0x0000000094b00000|  0%| F|  |TAMS 0x0000000094a00000| PB 0x0000000094a00000| Untracked 
| 331|0x0000000094b00000, 0x0000000094b00000, 0x0000000094c00000|  0%| F|  |TAMS 0x0000000094b00000| PB 0x0000000094b00000| Untracked 
| 332|0x0000000094c00000, 0x0000000094c00000, 0x0000000094d00000|  0%| F|  |TAMS 0x0000000094c00000| PB 0x0000000094c00000| Untracked 
| 333|0x0000000094d00000, 0x0000000094d00000, 0x0000000094e00000|  0%| F|  |TAMS 0x0000000094d00000| PB 0x0000000094d00000| Untracked 
| 334|0x0000000094e00000, 0x0000000094e00000, 0x0000000094f00000|  0%| F|  |TAMS 0x0000000094e00000| PB 0x0000000094e00000| Untracked 
| 335|0x0000000094f00000, 0x0000000094f00000, 0x0000000095000000|  0%| F|  |TAMS 0x0000000094f00000| PB 0x0000000094f00000| Untracked 
| 336|0x0000000095000000, 0x0000000095000000, 0x0000000095100000|  0%| F|  |TAMS 0x0000000095000000| PB 0x0000000095000000| Untracked 
| 337|0x0000000095100000, 0x0000000095100000, 0x0000000095200000|  0%| F|  |TAMS 0x0000000095100000| PB 0x0000000095100000| Untracked 
| 338|0x0000000095200000, 0x0000000095200000, 0x0000000095300000|  0%| F|  |TAMS 0x0000000095200000| PB 0x0000000095200000| Untracked 
| 339|0x0000000095300000, 0x0000000095300000, 0x0000000095400000|  0%| F|  |TAMS 0x0000000095300000| PB 0x0000000095300000| Untracked 
| 340|0x0000000095400000, 0x0000000095400000, 0x0000000095500000|  0%| F|  |TAMS 0x0000000095400000| PB 0x0000000095400000| Untracked 
| 341|0x0000000095500000, 0x0000000095500000, 0x0000000095600000|  0%| F|  |TAMS 0x0000000095500000| PB 0x0000000095500000| Untracked 
| 342|0x0000000095600000, 0x0000000095600000, 0x0000000095700000|  0%| F|  |TAMS 0x0000000095600000| PB 0x0000000095600000| Untracked 
| 343|0x0000000095700000, 0x0000000095700000, 0x0000000095800000|  0%| F|  |TAMS 0x0000000095700000| PB 0x0000000095700000| Untracked 
| 344|0x0000000095800000, 0x0000000095800000, 0x0000000095900000|  0%| F|  |TAMS 0x0000000095800000| PB 0x0000000095800000| Untracked 
| 345|0x0000000095900000, 0x0000000095900000, 0x0000000095a00000|  0%| F|  |TAMS 0x0000000095900000| PB 0x0000000095900000| Untracked 
| 346|0x0000000095a00000, 0x0000000095a00000, 0x0000000095b00000|  0%| F|  |TAMS 0x0000000095a00000| PB 0x0000000095a00000| Untracked 
| 347|0x0000000095b00000, 0x0000000095b00000, 0x0000000095c00000|  0%| F|  |TAMS 0x0000000095b00000| PB 0x0000000095b00000| Untracked 
| 348|0x0000000095c00000, 0x0000000095c00000, 0x0000000095d00000|  0%| F|  |TAMS 0x0000000095c00000| PB 0x0000000095c00000| Untracked 
| 349|0x0000000095d00000, 0x0000000095d00000, 0x0000000095e00000|  0%| F|  |TAMS 0x0000000095d00000| PB 0x0000000095d00000| Untracked 
| 350|0x0000000095e00000, 0x0000000095e00000, 0x0000000095f00000|  0%| F|  |TAMS 0x0000000095e00000| PB 0x0000000095e00000| Untracked 
| 351|0x0000000095f00000, 0x0000000095f00000, 0x0000000096000000|  0%| F|  |TAMS 0x0000000095f00000| PB 0x0000000095f00000| Untracked 
| 352|0x0000000096000000, 0x0000000096000000, 0x0000000096100000|  0%| F|  |TAMS 0x0000000096000000| PB 0x0000000096000000| Untracked 
| 353|0x0000000096100000, 0x0000000096100000, 0x0000000096200000|  0%| F|  |TAMS 0x0000000096100000| PB 0x0000000096100000| Untracked 
| 354|0x0000000096200000, 0x0000000096200000, 0x0000000096300000|  0%| F|  |TAMS 0x0000000096200000| PB 0x0000000096200000| Untracked 
| 355|0x0000000096300000, 0x0000000096300000, 0x0000000096400000|  0%| F|  |TAMS 0x0000000096300000| PB 0x0000000096300000| Untracked 
| 356|0x0000000096400000, 0x0000000096400000, 0x0000000096500000|  0%| F|  |TAMS 0x0000000096400000| PB 0x0000000096400000| Untracked 
| 357|0x0000000096500000, 0x0000000096500000, 0x0000000096600000|  0%| F|  |TAMS 0x0000000096500000| PB 0x0000000096500000| Untracked 
| 358|0x0000000096600000, 0x0000000096600000, 0x0000000096700000|  0%| F|  |TAMS 0x0000000096600000| PB 0x0000000096600000| Untracked 
| 359|0x0000000096700000, 0x0000000096700000, 0x0000000096800000|  0%| F|  |TAMS 0x0000000096700000| PB 0x0000000096700000| Untracked 
| 360|0x0000000096800000, 0x0000000096800000, 0x0000000096900000|  0%| F|  |TAMS 0x0000000096800000| PB 0x0000000096800000| Untracked 
| 361|0x0000000096900000, 0x0000000096900000, 0x0000000096a00000|  0%| F|  |TAMS 0x0000000096900000| PB 0x0000000096900000| Untracked 
| 362|0x0000000096a00000, 0x0000000096a00000, 0x0000000096b00000|  0%| F|  |TAMS 0x0000000096a00000| PB 0x0000000096a00000| Untracked 
| 363|0x0000000096b00000, 0x0000000096b00000, 0x0000000096c00000|  0%| F|  |TAMS 0x0000000096b00000| PB 0x0000000096b00000| Untracked 
| 364|0x0000000096c00000, 0x0000000096c00000, 0x0000000096d00000|  0%| F|  |TAMS 0x0000000096c00000| PB 0x0000000096c00000| Untracked 
| 365|0x0000000096d00000, 0x0000000096d00000, 0x0000000096e00000|  0%| F|  |TAMS 0x0000000096d00000| PB 0x0000000096d00000| Untracked 
| 366|0x0000000096e00000, 0x0000000096e00000, 0x0000000096f00000|  0%| F|  |TAMS 0x0000000096e00000| PB 0x0000000096e00000| Untracked 
| 367|0x0000000096f00000, 0x0000000096f00000, 0x0000000097000000|  0%| F|  |TAMS 0x0000000096f00000| PB 0x0000000096f00000| Untracked 
| 368|0x0000000097000000, 0x0000000097000000, 0x0000000097100000|  0%| F|  |TAMS 0x0000000097000000| PB 0x0000000097000000| Untracked 
| 369|0x0000000097100000, 0x0000000097100000, 0x0000000097200000|  0%| F|  |TAMS 0x0000000097100000| PB 0x0000000097100000| Untracked 
| 370|0x0000000097200000, 0x0000000097200000, 0x0000000097300000|  0%| F|  |TAMS 0x0000000097200000| PB 0x0000000097200000| Untracked 
| 371|0x0000000097300000, 0x0000000097300000, 0x0000000097400000|  0%| F|  |TAMS 0x0000000097300000| PB 0x0000000097300000| Untracked 
| 372|0x0000000097400000, 0x0000000097400000, 0x0000000097500000|  0%| F|  |TAMS 0x0000000097400000| PB 0x0000000097400000| Untracked 
| 373|0x0000000097500000, 0x0000000097500000, 0x0000000097600000|  0%| F|  |TAMS 0x0000000097500000| PB 0x0000000097500000| Untracked 
| 374|0x0000000097600000, 0x0000000097600000, 0x0000000097700000|  0%| F|  |TAMS 0x0000000097600000| PB 0x0000000097600000| Untracked 
| 375|0x0000000097700000, 0x0000000097700000, 0x0000000097800000|  0%| F|  |TAMS 0x0000000097700000| PB 0x0000000097700000| Untracked 
| 376|0x0000000097800000, 0x0000000097800000, 0x0000000097900000|  0%| F|  |TAMS 0x0000000097800000| PB 0x0000000097800000| Untracked 
| 377|0x0000000097900000, 0x0000000097900000, 0x0000000097a00000|  0%| F|  |TAMS 0x0000000097900000| PB 0x0000000097900000| Untracked 
| 378|0x0000000097a00000, 0x0000000097a00000, 0x0000000097b00000|  0%| F|  |TAMS 0x0000000097a00000| PB 0x0000000097a00000| Untracked 
| 379|0x0000000097b00000, 0x0000000097b00000, 0x0000000097c00000|  0%| F|  |TAMS 0x0000000097b00000| PB 0x0000000097b00000| Untracked 
| 380|0x0000000097c00000, 0x0000000097c00000, 0x0000000097d00000|  0%| F|  |TAMS 0x0000000097c00000| PB 0x0000000097c00000| Untracked 
| 381|0x0000000097d00000, 0x0000000097d00000, 0x0000000097e00000|  0%| F|  |TAMS 0x0000000097d00000| PB 0x0000000097d00000| Untracked 
| 382|0x0000000097e00000, 0x0000000097e00000, 0x0000000097f00000|  0%| F|  |TAMS 0x0000000097e00000| PB 0x0000000097e00000| Untracked 
| 383|0x0000000097f00000, 0x0000000097f00000, 0x0000000098000000|  0%| F|  |TAMS 0x0000000097f00000| PB 0x0000000097f00000| Untracked 
| 384|0x0000000098000000, 0x0000000098000000, 0x0000000098100000|  0%| F|  |TAMS 0x0000000098000000| PB 0x0000000098000000| Untracked 
| 385|0x0000000098100000, 0x0000000098100000, 0x0000000098200000|  0%| F|  |TAMS 0x0000000098100000| PB 0x0000000098100000| Untracked 
| 386|0x0000000098200000, 0x0000000098200000, 0x0000000098300000|  0%| F|  |TAMS 0x0000000098200000| PB 0x0000000098200000| Untracked 
| 387|0x0000000098300000, 0x0000000098300000, 0x0000000098400000|  0%| F|  |TAMS 0x0000000098300000| PB 0x0000000098300000| Untracked 
| 388|0x0000000098400000, 0x0000000098400000, 0x0000000098500000|  0%| F|  |TAMS 0x0000000098400000| PB 0x0000000098400000| Untracked 
| 389|0x0000000098500000, 0x0000000098500000, 0x0000000098600000|  0%| F|  |TAMS 0x0000000098500000| PB 0x0000000098500000| Untracked 
| 390|0x0000000098600000, 0x0000000098600000, 0x0000000098700000|  0%| F|  |TAMS 0x0000000098600000| PB 0x0000000098600000| Untracked 
| 391|0x0000000098700000, 0x0000000098700000, 0x0000000098800000|  0%| F|  |TAMS 0x0000000098700000| PB 0x0000000098700000| Untracked 
| 392|0x0000000098800000, 0x0000000098800000, 0x0000000098900000|  0%| F|  |TAMS 0x0000000098800000| PB 0x0000000098800000| Untracked 
| 393|0x0000000098900000, 0x0000000098900000, 0x0000000098a00000|  0%| F|  |TAMS 0x0000000098900000| PB 0x0000000098900000| Untracked 
| 394|0x0000000098a00000, 0x0000000098a00000, 0x0000000098b00000|  0%| F|  |TAMS 0x0000000098a00000| PB 0x0000000098a00000| Untracked 
| 395|0x0000000098b00000, 0x0000000098b00000, 0x0000000098c00000|  0%| F|  |TAMS 0x0000000098b00000| PB 0x0000000098b00000| Untracked 
| 396|0x0000000098c00000, 0x0000000098c00000, 0x0000000098d00000|  0%| F|  |TAMS 0x0000000098c00000| PB 0x0000000098c00000| Untracked 
| 397|0x0000000098d00000, 0x0000000098d00000, 0x0000000098e00000|  0%| F|  |TAMS 0x0000000098d00000| PB 0x0000000098d00000| Untracked 
| 398|0x0000000098e00000, 0x0000000098e00000, 0x0000000098f00000|  0%| F|  |TAMS 0x0000000098e00000| PB 0x0000000098e00000| Untracked 
| 399|0x0000000098f00000, 0x0000000098f00000, 0x0000000099000000|  0%| F|  |TAMS 0x0000000098f00000| PB 0x0000000098f00000| Untracked 
| 400|0x0000000099000000, 0x0000000099000000, 0x0000000099100000|  0%| F|  |TAMS 0x0000000099000000| PB 0x0000000099000000| Untracked 
| 401|0x0000000099100000, 0x0000000099100000, 0x0000000099200000|  0%| F|  |TAMS 0x0000000099100000| PB 0x0000000099100000| Untracked 
| 402|0x0000000099200000, 0x0000000099200000, 0x0000000099300000|  0%| F|  |TAMS 0x0000000099200000| PB 0x0000000099200000| Untracked 
| 403|0x0000000099300000, 0x0000000099300000, 0x0000000099400000|  0%| F|  |TAMS 0x0000000099300000| PB 0x0000000099300000| Untracked 
| 404|0x0000000099400000, 0x0000000099400000, 0x0000000099500000|  0%| F|  |TAMS 0x0000000099400000| PB 0x0000000099400000| Untracked 
| 405|0x0000000099500000, 0x0000000099500000, 0x0000000099600000|  0%| F|  |TAMS 0x0000000099500000| PB 0x0000000099500000| Untracked 
| 406|0x0000000099600000, 0x0000000099600000, 0x0000000099700000|  0%| F|  |TAMS 0x0000000099600000| PB 0x0000000099600000| Untracked 
| 407|0x0000000099700000, 0x0000000099700000, 0x0000000099800000|  0%| F|  |TAMS 0x0000000099700000| PB 0x0000000099700000| Untracked 
| 408|0x0000000099800000, 0x0000000099800000, 0x0000000099900000|  0%| F|  |TAMS 0x0000000099800000| PB 0x0000000099800000| Untracked 
| 409|0x0000000099900000, 0x0000000099900000, 0x0000000099a00000|  0%| F|  |TAMS 0x0000000099900000| PB 0x0000000099900000| Untracked 
| 410|0x0000000099a00000, 0x0000000099a00000, 0x0000000099b00000|  0%| F|  |TAMS 0x0000000099a00000| PB 0x0000000099a00000| Untracked 
| 411|0x0000000099b00000, 0x0000000099b00000, 0x0000000099c00000|  0%| F|  |TAMS 0x0000000099b00000| PB 0x0000000099b00000| Untracked 
| 412|0x0000000099c00000, 0x0000000099c00000, 0x0000000099d00000|  0%| F|  |TAMS 0x0000000099c00000| PB 0x0000000099c00000| Untracked 
| 413|0x0000000099d00000, 0x0000000099d00000, 0x0000000099e00000|  0%| F|  |TAMS 0x0000000099d00000| PB 0x0000000099d00000| Untracked 
| 414|0x0000000099e00000, 0x0000000099e00000, 0x0000000099f00000|  0%| F|  |TAMS 0x0000000099e00000| PB 0x0000000099e00000| Untracked 
| 415|0x0000000099f00000, 0x0000000099f00000, 0x000000009a000000|  0%| F|  |TAMS 0x0000000099f00000| PB 0x0000000099f00000| Untracked 
| 416|0x000000009a000000, 0x000000009a000000, 0x000000009a100000|  0%| F|  |TAMS 0x000000009a000000| PB 0x000000009a000000| Untracked 
| 417|0x000000009a100000, 0x000000009a100000, 0x000000009a200000|  0%| F|  |TAMS 0x000000009a100000| PB 0x000000009a100000| Untracked 
| 418|0x000000009a200000, 0x000000009a200000, 0x000000009a300000|  0%| F|  |TAMS 0x000000009a200000| PB 0x000000009a200000| Untracked 
| 419|0x000000009a300000, 0x000000009a300000, 0x000000009a400000|  0%| F|  |TAMS 0x000000009a300000| PB 0x000000009a300000| Untracked 
| 420|0x000000009a400000, 0x000000009a400000, 0x000000009a500000|  0%| F|  |TAMS 0x000000009a400000| PB 0x000000009a400000| Untracked 
| 421|0x000000009a500000, 0x000000009a500000, 0x000000009a600000|  0%| F|  |TAMS 0x000000009a500000| PB 0x000000009a500000| Untracked 
| 422|0x000000009a600000, 0x000000009a600000, 0x000000009a700000|  0%| F|  |TAMS 0x000000009a600000| PB 0x000000009a600000| Untracked 
| 423|0x000000009a700000, 0x000000009a700000, 0x000000009a800000|  0%| F|  |TAMS 0x000000009a700000| PB 0x000000009a700000| Untracked 
| 424|0x000000009a800000, 0x000000009a800000, 0x000000009a900000|  0%| F|  |TAMS 0x000000009a800000| PB 0x000000009a800000| Untracked 
| 425|0x000000009a900000, 0x000000009a900000, 0x000000009aa00000|  0%| F|  |TAMS 0x000000009a900000| PB 0x000000009a900000| Untracked 
| 426|0x000000009aa00000, 0x000000009aa00000, 0x000000009ab00000|  0%| F|  |TAMS 0x000000009aa00000| PB 0x000000009aa00000| Untracked 
| 427|0x000000009ab00000, 0x000000009ab00000, 0x000000009ac00000|  0%| F|  |TAMS 0x000000009ab00000| PB 0x000000009ab00000| Untracked 
| 428|0x000000009ac00000, 0x000000009ac00000, 0x000000009ad00000|  0%| F|  |TAMS 0x000000009ac00000| PB 0x000000009ac00000| Untracked 
| 429|0x000000009ad00000, 0x000000009ad00000, 0x000000009ae00000|  0%| F|  |TAMS 0x000000009ad00000| PB 0x000000009ad00000| Untracked 
| 430|0x000000009ae00000, 0x000000009ae00000, 0x000000009af00000|  0%| F|  |TAMS 0x000000009ae00000| PB 0x000000009ae00000| Untracked 
| 431|0x000000009af00000, 0x000000009af00000, 0x000000009b000000|  0%| F|  |TAMS 0x000000009af00000| PB 0x000000009af00000| Untracked 
| 432|0x000000009b000000, 0x000000009b000000, 0x000000009b100000|  0%| F|  |TAMS 0x000000009b000000| PB 0x000000009b000000| Untracked 
| 433|0x000000009b100000, 0x000000009b100000, 0x000000009b200000|  0%| F|  |TAMS 0x000000009b100000| PB 0x000000009b100000| Untracked 
| 434|0x000000009b200000, 0x000000009b200000, 0x000000009b300000|  0%| F|  |TAMS 0x000000009b200000| PB 0x000000009b200000| Untracked 
| 435|0x000000009b300000, 0x000000009b300000, 0x000000009b400000|  0%| F|  |TAMS 0x000000009b300000| PB 0x000000009b300000| Untracked 
| 436|0x000000009b400000, 0x000000009b400000, 0x000000009b500000|  0%| F|  |TAMS 0x000000009b400000| PB 0x000000009b400000| Untracked 
| 437|0x000000009b500000, 0x000000009b500000, 0x000000009b600000|  0%| F|  |TAMS 0x000000009b500000| PB 0x000000009b500000| Untracked 
| 438|0x000000009b600000, 0x000000009b600000, 0x000000009b700000|  0%| F|  |TAMS 0x000000009b600000| PB 0x000000009b600000| Untracked 
| 439|0x000000009b700000, 0x000000009b700000, 0x000000009b800000|  0%| F|  |TAMS 0x000000009b700000| PB 0x000000009b700000| Untracked 
| 440|0x000000009b800000, 0x000000009b800000, 0x000000009b900000|  0%| F|  |TAMS 0x000000009b800000| PB 0x000000009b800000| Untracked 
| 441|0x000000009b900000, 0x000000009b900000, 0x000000009ba00000|  0%| F|  |TAMS 0x000000009b900000| PB 0x000000009b900000| Untracked 
| 442|0x000000009ba00000, 0x000000009ba00000, 0x000000009bb00000|  0%| F|  |TAMS 0x000000009ba00000| PB 0x000000009ba00000| Untracked 
| 443|0x000000009bb00000, 0x000000009bb00000, 0x000000009bc00000|  0%| F|  |TAMS 0x000000009bb00000| PB 0x000000009bb00000| Untracked 
| 444|0x000000009bc00000, 0x000000009bc00000, 0x000000009bd00000|  0%| F|  |TAMS 0x000000009bc00000| PB 0x000000009bc00000| Untracked 
| 445|0x000000009bd00000, 0x000000009bd00000, 0x000000009be00000|  0%| F|  |TAMS 0x000000009bd00000| PB 0x000000009bd00000| Untracked 
| 446|0x000000009be00000, 0x000000009be00000, 0x000000009bf00000|  0%| F|  |TAMS 0x000000009be00000| PB 0x000000009be00000| Untracked 
| 447|0x000000009bf00000, 0x000000009bf00000, 0x000000009c000000|  0%| F|  |TAMS 0x000000009bf00000| PB 0x000000009bf00000| Untracked 
| 448|0x000000009c000000, 0x000000009c000000, 0x000000009c100000|  0%| F|  |TAMS 0x000000009c000000| PB 0x000000009c000000| Untracked 
| 449|0x000000009c100000, 0x000000009c100000, 0x000000009c200000|  0%| F|  |TAMS 0x000000009c100000| PB 0x000000009c100000| Untracked 
| 450|0x000000009c200000, 0x000000009c200000, 0x000000009c300000|  0%| F|  |TAMS 0x000000009c200000| PB 0x000000009c200000| Untracked 
| 451|0x000000009c300000, 0x000000009c300000, 0x000000009c400000|  0%| F|  |TAMS 0x000000009c300000| PB 0x000000009c300000| Untracked 
| 452|0x000000009c400000, 0x000000009c400000, 0x000000009c500000|  0%| F|  |TAMS 0x000000009c400000| PB 0x000000009c400000| Untracked 
| 453|0x000000009c500000, 0x000000009c500000, 0x000000009c600000|  0%| F|  |TAMS 0x000000009c500000| PB 0x000000009c500000| Untracked 
| 454|0x000000009c600000, 0x000000009c600000, 0x000000009c700000|  0%| F|  |TAMS 0x000000009c600000| PB 0x000000009c600000| Untracked 
| 455|0x000000009c700000, 0x000000009c700000, 0x000000009c800000|  0%| F|  |TAMS 0x000000009c700000| PB 0x000000009c700000| Untracked 
| 456|0x000000009c800000, 0x000000009c800000, 0x000000009c900000|  0%| F|  |TAMS 0x000000009c800000| PB 0x000000009c800000| Untracked 
| 457|0x000000009c900000, 0x000000009c900000, 0x000000009ca00000|  0%| F|  |TAMS 0x000000009c900000| PB 0x000000009c900000| Untracked 
| 458|0x000000009ca00000, 0x000000009ca00000, 0x000000009cb00000|  0%| F|  |TAMS 0x000000009ca00000| PB 0x000000009ca00000| Untracked 
| 459|0x000000009cb00000, 0x000000009cb00000, 0x000000009cc00000|  0%| F|  |TAMS 0x000000009cb00000| PB 0x000000009cb00000| Untracked 
| 460|0x000000009cc00000, 0x000000009cc00000, 0x000000009cd00000|  0%| F|  |TAMS 0x000000009cc00000| PB 0x000000009cc00000| Untracked 
| 461|0x000000009cd00000, 0x000000009cd00000, 0x000000009ce00000|  0%| F|  |TAMS 0x000000009cd00000| PB 0x000000009cd00000| Untracked 
| 462|0x000000009ce00000, 0x000000009ce00000, 0x000000009cf00000|  0%| F|  |TAMS 0x000000009ce00000| PB 0x000000009ce00000| Untracked 
| 463|0x000000009cf00000, 0x000000009cf00000, 0x000000009d000000|  0%| F|  |TAMS 0x000000009cf00000| PB 0x000000009cf00000| Untracked 
| 464|0x000000009d000000, 0x000000009d000000, 0x000000009d100000|  0%| F|  |TAMS 0x000000009d000000| PB 0x000000009d000000| Untracked 
| 465|0x000000009d100000, 0x000000009d100000, 0x000000009d200000|  0%| F|  |TAMS 0x000000009d100000| PB 0x000000009d100000| Untracked 
| 466|0x000000009d200000, 0x000000009d200000, 0x000000009d300000|  0%| F|  |TAMS 0x000000009d200000| PB 0x000000009d200000| Untracked 
| 467|0x000000009d300000, 0x000000009d300000, 0x000000009d400000|  0%| F|  |TAMS 0x000000009d300000| PB 0x000000009d300000| Untracked 
| 468|0x000000009d400000, 0x000000009d400000, 0x000000009d500000|  0%| F|  |TAMS 0x000000009d400000| PB 0x000000009d400000| Untracked 
| 469|0x000000009d500000, 0x000000009d500000, 0x000000009d600000|  0%| F|  |TAMS 0x000000009d500000| PB 0x000000009d500000| Untracked 
| 470|0x000000009d600000, 0x000000009d600000, 0x000000009d700000|  0%| F|  |TAMS 0x000000009d600000| PB 0x000000009d600000| Untracked 
| 471|0x000000009d700000, 0x000000009d700000, 0x000000009d800000|  0%| F|  |TAMS 0x000000009d700000| PB 0x000000009d700000| Untracked 
| 472|0x000000009d800000, 0x000000009d800000, 0x000000009d900000|  0%| F|  |TAMS 0x000000009d800000| PB 0x000000009d800000| Untracked 
| 473|0x000000009d900000, 0x000000009d900000, 0x000000009da00000|  0%| F|  |TAMS 0x000000009d900000| PB 0x000000009d900000| Untracked 
| 474|0x000000009da00000, 0x000000009da00000, 0x000000009db00000|  0%| F|  |TAMS 0x000000009da00000| PB 0x000000009da00000| Untracked 
| 475|0x000000009db00000, 0x000000009db00000, 0x000000009dc00000|  0%| F|  |TAMS 0x000000009db00000| PB 0x000000009db00000| Untracked 
| 476|0x000000009dc00000, 0x000000009dc00000, 0x000000009dd00000|  0%| F|  |TAMS 0x000000009dc00000| PB 0x000000009dc00000| Untracked 
| 477|0x000000009dd00000, 0x000000009dd00000, 0x000000009de00000|  0%| F|  |TAMS 0x000000009dd00000| PB 0x000000009dd00000| Untracked 
| 478|0x000000009de00000, 0x000000009de00000, 0x000000009df00000|  0%| F|  |TAMS 0x000000009de00000| PB 0x000000009de00000| Untracked 
| 479|0x000000009df00000, 0x000000009df00000, 0x000000009e000000|  0%| F|  |TAMS 0x000000009df00000| PB 0x000000009df00000| Untracked 
| 480|0x000000009e000000, 0x000000009e000000, 0x000000009e100000|  0%| F|  |TAMS 0x000000009e000000| PB 0x000000009e000000| Untracked 
| 481|0x000000009e100000, 0x000000009e100000, 0x000000009e200000|  0%| F|  |TAMS 0x000000009e100000| PB 0x000000009e100000| Untracked 
| 482|0x000000009e200000, 0x000000009e200000, 0x000000009e300000|  0%| F|  |TAMS 0x000000009e200000| PB 0x000000009e200000| Untracked 
| 483|0x000000009e300000, 0x000000009e300000, 0x000000009e400000|  0%| F|  |TAMS 0x000000009e300000| PB 0x000000009e300000| Untracked 
| 484|0x000000009e400000, 0x000000009e400000, 0x000000009e500000|  0%| F|  |TAMS 0x000000009e400000| PB 0x000000009e400000| Untracked 
| 485|0x000000009e500000, 0x000000009e500000, 0x000000009e600000|  0%| F|  |TAMS 0x000000009e500000| PB 0x000000009e500000| Untracked 
| 486|0x000000009e600000, 0x000000009e600000, 0x000000009e700000|  0%| F|  |TAMS 0x000000009e600000| PB 0x000000009e600000| Untracked 
| 487|0x000000009e700000, 0x000000009e700000, 0x000000009e800000|  0%| F|  |TAMS 0x000000009e700000| PB 0x000000009e700000| Untracked 
| 488|0x000000009e800000, 0x000000009e800000, 0x000000009e900000|  0%| F|  |TAMS 0x000000009e800000| PB 0x000000009e800000| Untracked 
| 489|0x000000009e900000, 0x000000009e900000, 0x000000009ea00000|  0%| F|  |TAMS 0x000000009e900000| PB 0x000000009e900000| Untracked 
| 490|0x000000009ea00000, 0x000000009ea00000, 0x000000009eb00000|  0%| F|  |TAMS 0x000000009ea00000| PB 0x000000009ea00000| Untracked 
| 491|0x000000009eb00000, 0x000000009eb00000, 0x000000009ec00000|  0%| F|  |TAMS 0x000000009eb00000| PB 0x000000009eb00000| Untracked 
| 492|0x000000009ec00000, 0x000000009ec00000, 0x000000009ed00000|  0%| F|  |TAMS 0x000000009ec00000| PB 0x000000009ec00000| Untracked 
| 493|0x000000009ed00000, 0x000000009ed00000, 0x000000009ee00000|  0%| F|  |TAMS 0x000000009ed00000| PB 0x000000009ed00000| Untracked 
| 494|0x000000009ee00000, 0x000000009ee00000, 0x000000009ef00000|  0%| F|  |TAMS 0x000000009ee00000| PB 0x000000009ee00000| Untracked 
| 495|0x000000009ef00000, 0x000000009ef00000, 0x000000009f000000|  0%| F|  |TAMS 0x000000009ef00000| PB 0x000000009ef00000| Untracked 
| 496|0x000000009f000000, 0x000000009f000000, 0x000000009f100000|  0%| F|  |TAMS 0x000000009f000000| PB 0x000000009f000000| Untracked 
| 497|0x000000009f100000, 0x000000009f100000, 0x000000009f200000|  0%| F|  |TAMS 0x000000009f100000| PB 0x000000009f100000| Untracked 
| 498|0x000000009f200000, 0x000000009f200000, 0x000000009f300000|  0%| F|  |TAMS 0x000000009f200000| PB 0x000000009f200000| Untracked 
| 499|0x000000009f300000, 0x000000009f300000, 0x000000009f400000|  0%| F|  |TAMS 0x000000009f300000| PB 0x000000009f300000| Untracked 
| 500|0x000000009f400000, 0x000000009f4c58f0, 0x000000009f500000| 77%| E|  |TAMS 0x000000009f400000| PB 0x000000009f400000| Complete 
| 501|0x000000009f500000, 0x000000009f600000, 0x000000009f600000|100%| E|CS|TAMS 0x000000009f500000| PB 0x000000009f500000| Complete 
| 502|0x000000009f600000, 0x000000009f700000, 0x000000009f700000|100%| E|CS|TAMS 0x000000009f600000| PB 0x000000009f600000| Complete 
| 503|0x000000009f700000, 0x000000009f800000, 0x000000009f800000|100%| E|CS|TAMS 0x000000009f700000| PB 0x000000009f700000| Complete 
| 504|0x000000009f800000, 0x000000009f900000, 0x000000009f900000|100%| E|CS|TAMS 0x000000009f800000| PB 0x000000009f800000| Complete 
| 505|0x000000009f900000, 0x000000009fa00000, 0x000000009fa00000|100%| E|CS|TAMS 0x000000009f900000| PB 0x000000009f900000| Complete 
| 506|0x000000009fa00000, 0x000000009fb00000, 0x000000009fb00000|100%| E|CS|TAMS 0x000000009fa00000| PB 0x000000009fa00000| Complete 
| 507|0x000000009fb00000, 0x000000009fc00000, 0x000000009fc00000|100%| E|CS|TAMS 0x000000009fb00000| PB 0x000000009fb00000| Complete 
| 508|0x000000009fc00000, 0x000000009fd00000, 0x000000009fd00000|100%| E|CS|TAMS 0x000000009fc00000| PB 0x000000009fc00000| Complete 
| 509|0x000000009fd00000, 0x000000009fe00000, 0x000000009fe00000|100%| E|CS|TAMS 0x000000009fd00000| PB 0x000000009fd00000| Complete 
| 510|0x000000009fe00000, 0x000000009ff00000, 0x000000009ff00000|100%| E|CS|TAMS 0x000000009fe00000| PB 0x000000009fe00000| Complete 
| 511|0x000000009ff00000, 0x00000000a0000000, 0x00000000a0000000|100%| E|CS|TAMS 0x000000009ff00000| PB 0x000000009ff00000| Complete 
| 512|0x00000000a0000000, 0x00000000a0100000, 0x00000000a0100000|100%| E|CS|TAMS 0x00000000a0000000| PB 0x00000000a0000000| Complete 
| 513|0x00000000a0100000, 0x00000000a0200000, 0x00000000a0200000|100%| E|CS|TAMS 0x00000000a0100000| PB 0x00000000a0100000| Complete 
| 514|0x00000000a0200000, 0x00000000a0300000, 0x00000000a0300000|100%| E|CS|TAMS 0x00000000a0200000| PB 0x00000000a0200000| Complete 
| 515|0x00000000a0300000, 0x00000000a0400000, 0x00000000a0400000|100%| E|CS|TAMS 0x00000000a0300000| PB 0x00000000a0300000| Complete 
| 516|0x00000000a0400000, 0x00000000a0500000, 0x00000000a0500000|100%| E|CS|TAMS 0x00000000a0400000| PB 0x00000000a0400000| Complete 
| 517|0x00000000a0500000, 0x00000000a0600000, 0x00000000a0600000|100%| E|CS|TAMS 0x00000000a0500000| PB 0x00000000a0500000| Complete 
| 518|0x00000000a0600000, 0x00000000a0700000, 0x00000000a0700000|100%| E|CS|TAMS 0x00000000a0600000| PB 0x00000000a0600000| Complete 
| 519|0x00000000a0700000, 0x00000000a0800000, 0x00000000a0800000|100%| E|CS|TAMS 0x00000000a0700000| PB 0x00000000a0700000| Complete 
| 520|0x00000000a0800000, 0x00000000a0900000, 0x00000000a0900000|100%| E|CS|TAMS 0x00000000a0800000| PB 0x00000000a0800000| Complete 
| 521|0x00000000a0900000, 0x00000000a0a00000, 0x00000000a0a00000|100%| E|CS|TAMS 0x00000000a0900000| PB 0x00000000a0900000| Complete 
| 522|0x00000000a0a00000, 0x00000000a0b00000, 0x00000000a0b00000|100%| E|CS|TAMS 0x00000000a0a00000| PB 0x00000000a0a00000| Complete 
| 523|0x00000000a0b00000, 0x00000000a0c00000, 0x00000000a0c00000|100%| E|CS|TAMS 0x00000000a0b00000| PB 0x00000000a0b00000| Complete 
| 524|0x00000000a0c00000, 0x00000000a0d00000, 0x00000000a0d00000|100%| E|CS|TAMS 0x00000000a0c00000| PB 0x00000000a0c00000| Complete 
| 525|0x00000000a0d00000, 0x00000000a0e00000, 0x00000000a0e00000|100%| E|CS|TAMS 0x00000000a0d00000| PB 0x00000000a0d00000| Complete 
| 526|0x00000000a0e00000, 0x00000000a0f00000, 0x00000000a0f00000|100%| E|CS|TAMS 0x00000000a0e00000| PB 0x00000000a0e00000| Complete 
|2010|0x00000000fda00000, 0x00000000fdb00000, 0x00000000fdb00000|100%| O|  |TAMS 0x00000000fdb00000| PB 0x00000000fda00000| Untracked 
|2011|0x00000000fdb00000, 0x00000000fdc00000, 0x00000000fdc00000|100%| O|  |TAMS 0x00000000fdc00000| PB 0x00000000fdb00000| Untracked 
|2012|0x00000000fdc00000, 0x00000000fdd00000, 0x00000000fdd00000|100%| O|  |TAMS 0x00000000fdd00000| PB 0x00000000fdc00000| Untracked 
|2013|0x00000000fdd00000, 0x00000000fde00000, 0x00000000fde00000|100%| O|  |TAMS 0x00000000fde00000| PB 0x00000000fdd00000| Untracked 
|2014|0x00000000fde00000, 0x00000000fdf00000, 0x00000000fdf00000|100%| E|CS|TAMS 0x00000000fde00000| PB 0x00000000fde00000| Complete 
|2015|0x00000000fdf00000, 0x00000000fe000000, 0x00000000fe000000|100%| O|  |TAMS 0x00000000fe000000| PB 0x00000000fdf00000| Untracked 
|2016|0x00000000fe000000, 0x00000000fe100000, 0x00000000fe100000|100%| O|  |TAMS 0x00000000fe100000| PB 0x00000000fe000000| Untracked 
|2017|0x00000000fe100000, 0x00000000fe200000, 0x00000000fe200000|100%| O|  |TAMS 0x00000000fe200000| PB 0x00000000fe100000| Untracked 
|2018|0x00000000fe200000, 0x00000000fe300000, 0x00000000fe300000|100%| E|CS|TAMS 0x00000000fe200000| PB 0x00000000fe200000| Complete 
|2019|0x00000000fe300000, 0x00000000fe400000, 0x00000000fe400000|100%| O|  |TAMS 0x00000000fe400000| PB 0x00000000fe300000| Untracked 
|2020|0x00000000fe400000, 0x00000000fe500000, 0x00000000fe500000|100%| E|CS|TAMS 0x00000000fe400000| PB 0x00000000fe400000| Complete 
|2021|0x00000000fe500000, 0x00000000fe600000, 0x00000000fe600000|100%| E|CS|TAMS 0x00000000fe500000| PB 0x00000000fe500000| Complete 
|2022|0x00000000fe600000, 0x00000000fe700000, 0x00000000fe700000|100%| E|CS|TAMS 0x00000000fe600000| PB 0x00000000fe600000| Complete 
|2023|0x00000000fe700000, 0x00000000fe800000, 0x00000000fe800000|100%| O|  |TAMS 0x00000000fe800000| PB 0x00000000fe700000| Untracked 
|2024|0x00000000fe800000, 0x00000000fe900000, 0x00000000fe900000|100%| O|  |TAMS 0x00000000fe900000| PB 0x00000000fe800000| Untracked 
|2025|0x00000000fe900000, 0x00000000fea00000, 0x00000000fea00000|100%| O|  |TAMS 0x00000000fea00000| PB 0x00000000fe900000| Untracked 
|2026|0x00000000fea00000, 0x00000000feb00000, 0x00000000feb00000|100%| O|  |TAMS 0x00000000feb00000| PB 0x00000000fea00000| Untracked 
|2027|0x00000000feb00000, 0x00000000fec00000, 0x00000000fec00000|100%| O|  |TAMS 0x00000000fec00000| PB 0x00000000feb00000| Untracked 
|2028|0x00000000fec00000, 0x00000000fed00000, 0x00000000fed00000|100%| O|  |TAMS 0x00000000fed00000| PB 0x00000000fec00000| Untracked 
|2029|0x00000000fed00000, 0x00000000fee00000, 0x00000000fee00000|100%| O|  |TAMS 0x00000000fee00000| PB 0x00000000fed00000| Untracked 
|2030|0x00000000fee00000, 0x00000000fef00000, 0x00000000fef00000|100%| O|  |TAMS 0x00000000fef00000| PB 0x00000000fee00000| Untracked 
|2031|0x00000000fef00000, 0x00000000ff000000, 0x00000000ff000000|100%| O|  |TAMS 0x00000000ff000000| PB 0x00000000fef00000| Untracked 
|2032|0x00000000ff000000, 0x00000000ff100000, 0x00000000ff100000|100%| O|  |TAMS 0x00000000ff100000| PB 0x00000000ff000000| Untracked 
|2033|0x00000000ff100000, 0x00000000ff200000, 0x00000000ff200000|100%| O|  |TAMS 0x00000000ff200000| PB 0x00000000ff100000| Untracked 
|2034|0x00000000ff200000, 0x00000000ff300000, 0x00000000ff300000|100%| E|CS|TAMS 0x00000000ff200000| PB 0x00000000ff200000| Complete 
|2035|0x00000000ff300000, 0x00000000ff400000, 0x00000000ff400000|100%| O|  |TAMS 0x00000000ff400000| PB 0x00000000ff300000| Untracked 
|2036|0x00000000ff400000, 0x00000000ff500000, 0x00000000ff500000|100%| E|CS|TAMS 0x00000000ff400000| PB 0x00000000ff400000| Complete 
|2037|0x00000000ff500000, 0x00000000ff600000, 0x00000000ff600000|100%| E|CS|TAMS 0x00000000ff500000| PB 0x00000000ff500000| Complete 
|2038|0x00000000ff600000, 0x00000000ff700000, 0x00000000ff700000|100%| O|  |TAMS 0x00000000ff700000| PB 0x00000000ff600000| Untracked 
|2039|0x00000000ff700000, 0x00000000ff800000, 0x00000000ff800000|100%| O|  |TAMS 0x00000000ff800000| PB 0x00000000ff700000| Untracked 
|2040|0x00000000ff800000, 0x00000000ff900000, 0x00000000ff900000|100%| O|  |TAMS 0x00000000ff900000| PB 0x00000000ff800000| Untracked 
|2041|0x00000000ff900000, 0x00000000ffa00000, 0x00000000ffa00000|100%| O|  |TAMS 0x00000000ffa00000| PB 0x00000000ff900000| Untracked 
|2042|0x00000000ffa00000, 0x00000000ffb00000, 0x00000000ffb00000|100%| O|  |TAMS 0x00000000ffb00000| PB 0x00000000ffa00000| Untracked 
|2043|0x00000000ffb00000, 0x00000000ffc00000, 0x00000000ffc00000|100%| O|  |TAMS 0x00000000ffc00000| PB 0x00000000ffb00000| Untracked 
|2044|0x00000000ffc00000, 0x00000000ffd00000, 0x00000000ffd00000|100%| O|  |TAMS 0x00000000ffd00000| PB 0x00000000ffc00000| Untracked 
|2045|0x00000000ffd00000, 0x00000000ffe00000, 0x00000000ffe00000|100%| O|  |TAMS 0x00000000ffe00000| PB 0x00000000ffd00000| Untracked 
|2046|0x00000000ffe00000, 0x00000000fff00000, 0x00000000fff00000|100%| O|  |TAMS 0x00000000fff00000| PB 0x00000000ffe00000| Untracked 
|2047|0x00000000fff00000, 0x0000000100000000, 0x0000000100000000|100%| O|  |TAMS 0x0000000100000000| PB 0x00000000fff00000| Untracked 

Card table byte_map: [0x0000027075da0000,0x00000270761a0000] _byte_map_base: 0x00000270759a0000

Marking Bits: (CMBitMap*) 0x00000270610de5c0
 Bits: [0x00000270761a0000, 0x00000270781a0000)

Polling page: 0x0000027061450000

Metaspace:

Usage:
  Non-class:    136.57 MB used.
      Class:     21.00 MB used.
       Both:    157.58 MB used.

Virtual space:
  Non-class space:      192.00 MB reserved,     137.75 MB ( 72%) committed,  3 nodes.
      Class space:        1.00 GB reserved,      22.12 MB (  2%) committed,  1 nodes.
             Both:        1.19 GB reserved,     159.88 MB ( 13%) committed. 

Chunk freelists:
   Non-Class:  5.50 MB
       Class:  9.69 MB
        Both:  15.20 MB

MaxMetaspaceSize: unlimited
CompressedClassSpaceSize: 1.00 GB
Initial GC threshold: 21.00 MB
Current GC threshold: 264.94 MB
CDS: off
 - commit_granule_bytes: 65536.
 - commit_granule_words: 8192.
 - virtual_space_node_default_size: 8388608.
 - enlarge_chunks_in_place: 1.
 - use_allocation_guard: 0.


Internal statistics:

num_allocs_failed_limit: 6.
num_arena_births: 4650.
num_arena_deaths: 108.
num_vsnodes_births: 4.
num_vsnodes_deaths: 0.
num_space_committed: 2556.
num_space_uncommitted: 0.
num_chunks_returned_to_freelist: 166.
num_chunks_taken_from_freelist: 11584.
num_chunk_merges: 72.
num_chunk_splits: 7578.
num_chunks_enlarged: 4855.
num_inconsistent_stats: 0.

CodeHeap 'non-profiled nmethods': size=120000Kb used=19734Kb max_used=19734Kb free=100265Kb
 bounds [0x000002706d7e0000, 0x000002706eb30000, 0x0000027074d10000]
CodeHeap 'profiled nmethods': size=120000Kb used=37089Kb max_used=37089Kb free=82910Kb
 bounds [0x0000027065d10000, 0x0000027068150000, 0x000002706d240000]
CodeHeap 'non-nmethods': size=5760Kb used=2986Kb max_used=3114Kb free=2773Kb
 bounds [0x000002706d240000, 0x000002706d560000, 0x000002706d7e0000]
 total_blobs=19721 nmethods=18663 adapters=960
 compilation: enabled
              stopped_count=0, restarted_count=0
 full_count=0

Compilation events (20 events):
Event: 3752.238 Thread 0x000002707f121cb0 nmethod 30261 0x0000027068128010 code [0x00000270681281e0, 0x0000027068128580]
Event: 3752.238 Thread 0x000002707f121cb0 30262       3       org.gradle.internal.resource.transport.aws.s3.S3ConnectorFactory::getSupportedProtocols (6 bytes)
Event: 3752.239 Thread 0x000002707f121cb0 nmethod 30262 0x0000027068128710 code [0x00000270681288e0, 0x0000027068128c80]
Event: 3752.239 Thread 0x000002707f121cb0 30263       3       org.gradle.internal.resource.transport.http.HttpConnectorFactory::createResourceConnector (83 bytes)
Event: 3752.240 Thread 0x000002707f121cb0 nmethod 30263 0x0000027068128e10 code [0x0000027068129120, 0x000002706812a4e8]
Event: 3752.240 Thread 0x000002707f121cb0 30264       1       org.gradle.api.internal.artifacts.configurations.DefaultConfiguration::isDeprecatedForConsumption (5 bytes)
Event: 3752.240 Thread 0x000002707f121cb0 nmethod 30264 0x000002706eb11490 code [0x000002706eb11620, 0x000002706eb116f0]
Event: 3752.241 Thread 0x000002707f118690 nmethod 30239 0x000002706eb11790 code [0x000002706eb11ba0, 0x000002706eb14168]
Event: 3752.242 Thread 0x000002707f118690 30245       4       java.lang.ReflectiveOperationException::<init> (6 bytes)
Event: 3752.242 Thread 0x000002707f121cb0 30265       1       org.gradle.plugin.management.internal.DefaultPluginRequest::getOrigin (5 bytes)
Event: 3752.243 Thread 0x000002707f121cb0 nmethod 30265 0x000002706eb15c90 code [0x000002706eb15e20, 0x000002706eb15ee8]
Event: 3752.244 Thread 0x000002707f118690 nmethod 30245 0x000002706eb15f90 code [0x000002706eb16160, 0x000002706eb16860]
Event: 3752.244 Thread 0x000002707f118690 30240       4       java.net.URI$Parser::parseHierarchical (178 bytes)
Event: 3752.248 Thread 0x000002707f121cb0 30266       1       org.gradle.api.internal.artifacts.DefaultGlobalDependencyResolutionRules::getComponentMetadataProcessorFactory (5 bytes)
Event: 3752.248 Thread 0x000002707f121cb0 nmethod 30266 0x000002706eb16990 code [0x000002706eb16b20, 0x000002706eb16be8]
Event: 3752.249 Thread 0x000002707f121cb0 30267       3       it.unimi.dsi.fastutil.longs.AbstractLong2ObjectFunction::<init> (5 bytes)
Event: 3752.249 Thread 0x000002707f121cb0 nmethod 30267 0x000002706812ac90 code [0x000002706812ae40, 0x000002706812afa8]
Event: 3752.257 Thread 0x000002707f118690 nmethod 30240 0x000002706eb16c90 code [0x000002706eb16f40, 0x000002706eb18148]
Event: 3752.258 Thread 0x000002707f118690 30268   !   4       org.gradle.launcher.daemon.server.exec.LogToClient$AsynchronousLogDispatcher::dispatchAsync (33 bytes)
Event: 3752.259 Thread 0x000002707f118690 nmethod 30268 0x000002706eb19010 code [0x000002706eb191c0, 0x000002706eb193b0]

GC Heap History (20 events):
Event: 1346.109 GC heap before
{Heap before GC invocations=60 (full 0):
 garbage-first heap   total 490496K, used 457226K [0x0000000080000000, 0x0000000100000000)
  region size 1024K, 204 young (208896K), 5 survivors (5120K)
 Metaspace       used 159255K, committed 161664K, reserved 1245184K
  class space    used 21504K, committed 22656K, reserved 1048576K
}
Event: 1346.123 GC heap after
{Heap after GC invocations=61 (full 0):
 garbage-first heap   total 490496K, used 274074K [0x0000000080000000, 0x0000000100000000)
  region size 1024K, 24 young (24576K), 24 survivors (24576K)
 Metaspace       used 159255K, committed 161664K, reserved 1245184K
  class space    used 21504K, committed 22656K, reserved 1048576K
}
Event: 1346.636 GC heap before
{Heap before GC invocations=62 (full 0):
 garbage-first heap   total 490496K, used 442010K [0x0000000080000000, 0x0000000100000000)
  region size 1024K, 185 young (189440K), 24 survivors (24576K)
 Metaspace       used 159364K, committed 161728K, reserved 1245184K
  class space    used 21493K, committed 22656K, reserved 1048576K
}
Event: 1346.656 GC heap after
{Heap after GC invocations=63 (full 0):
 garbage-first heap   total 490496K, used 293112K [0x0000000080000000, 0x0000000100000000)
  region size 1024K, 22 young (22528K), 22 survivors (22528K)
 Metaspace       used 159364K, committed 161728K, reserved 1245184K
  class space    used 21493K, committed 22656K, reserved 1048576K
}
Event: 1346.868 GC heap before
{Heap before GC invocations=63 (full 0):
 garbage-first heap   total 490496K, used 441592K [0x0000000080000000, 0x0000000100000000)
  region size 1024K, 167 young (171008K), 22 survivors (22528K)
 Metaspace       used 159372K, committed 161728K, reserved 1245184K
  class space    used 21493K, committed 22656K, reserved 1048576K
}
Event: 1346.889 GC heap after
{Heap after GC invocations=64 (full 0):
 garbage-first heap   total 490496K, used 269578K [0x0000000080000000, 0x0000000100000000)
  region size 1024K, 6 young (6144K), 6 survivors (6144K)
 Metaspace       used 159372K, committed 161728K, reserved 1245184K
  class space    used 21493K, committed 22656K, reserved 1048576K
}
Event: 1347.111 GC heap before
{Heap before GC invocations=64 (full 0):
 garbage-first heap   total 490496K, used 371978K [0x0000000080000000, 0x0000000100000000)
  region size 1024K, 108 young (110592K), 6 survivors (6144K)
 Metaspace       used 159373K, committed 161728K, reserved 1245184K
  class space    used 21493K, committed 22656K, reserved 1048576K
}
Event: 1347.115 GC heap after
{Heap after GC invocations=65 (full 0):
 garbage-first heap   total 490496K, used 268928K [0x0000000080000000, 0x0000000100000000)
  region size 1024K, 6 young (6144K), 6 survivors (6144K)
 Metaspace       used 159373K, committed 161728K, reserved 1245184K
  class space    used 21493K, committed 22656K, reserved 1048576K
}
Event: 1671.566 GC heap before
{Heap before GC invocations=66 (full 0):
 garbage-first heap   total 501760K, used 499328K [0x0000000080000000, 0x0000000100000000)
  region size 1024K, 160 young (163840K), 6 survivors (6144K)
 Metaspace       used 159803K, committed 162176K, reserved 1245184K
  class space    used 21494K, committed 22656K, reserved 1048576K
}
Event: 1671.573 GC heap after
{Heap after GC invocations=67 (full 0):
 garbage-first heap   total 513024K, used 272253K [0x0000000080000000, 0x0000000100000000)
  region size 1024K, 11 young (11264K), 11 survivors (11264K)
 Metaspace       used 159803K, committed 162176K, reserved 1245184K
  class space    used 21494K, committed 22656K, reserved 1048576K
}
Event: 1673.874 GC heap before
{Heap before GC invocations=67 (full 0):
 garbage-first heap   total 513024K, used 477053K [0x0000000080000000, 0x0000000100000000)
  region size 1024K, 208 young (212992K), 11 survivors (11264K)
 Metaspace       used 160108K, committed 162496K, reserved 1245184K
  class space    used 21496K, committed 22656K, reserved 1048576K
}
Event: 1673.897 GC heap after
{Heap after GC invocations=68 (full 0):
 garbage-first heap   total 522240K, used 263274K [0x0000000080000000, 0x0000000100000000)
  region size 1024K, 26 young (26624K), 26 survivors (26624K)
 Metaspace       used 160108K, committed 162496K, reserved 1245184K
  class space    used 21496K, committed 22656K, reserved 1048576K
}
Event: 1674.178 GC heap before
{Heap before GC invocations=68 (full 0):
 garbage-first heap   total 522240K, used 467050K [0x0000000080000000, 0x0000000100000000)
  region size 1024K, 226 young (231424K), 26 survivors (26624K)
 Metaspace       used 160287K, committed 162688K, reserved 1245184K
  class space    used 21496K, committed 22656K, reserved 1048576K
}
Event: 1674.195 GC heap after
{Heap after GC invocations=69 (full 0):
 garbage-first heap   total 522240K, used 276216K [0x0000000080000000, 0x0000000100000000)
  region size 1024K, 14 young (14336K), 14 survivors (14336K)
 Metaspace       used 160287K, committed 162688K, reserved 1245184K
  class space    used 21496K, committed 22656K, reserved 1048576K
}
Event: 1981.965 GC heap before
{Heap before GC invocations=70 (full 0):
 garbage-first heap   total 578560K, used 551672K [0x0000000080000000, 0x0000000100000000)
  region size 1024K, 211 young (216064K), 14 survivors (14336K)
 Metaspace       used 160529K, committed 162880K, reserved 1245184K
  class space    used 21497K, committed 22656K, reserved 1048576K
}
Event: 1981.969 GC heap after
{Heap after GC invocations=71 (full 0):
 garbage-first heap   total 578560K, used 265694K [0x0000000080000000, 0x0000000100000000)
  region size 1024K, 5 young (5120K), 5 survivors (5120K)
 Metaspace       used 160529K, committed 162880K, reserved 1245184K
  class space    used 21497K, committed 22656K, reserved 1048576K
}
Event: 2887.272 GC heap before
{Heap before GC invocations=71 (full 0):
 garbage-first heap   total 578560K, used 530910K [0x0000000080000000, 0x0000000100000000)
  region size 1024K, 265 young (271360K), 5 survivors (5120K)
 Metaspace       used 161011K, committed 163392K, reserved 1245184K
  class space    used 21504K, committed 22656K, reserved 1048576K
}
Event: 2887.289 GC heap after
{Heap after GC invocations=72 (full 0):
 garbage-first heap   total 578560K, used 268467K [0x0000000080000000, 0x0000000100000000)
  region size 1024K, 15 young (15360K), 15 survivors (15360K)
 Metaspace       used 161011K, committed 163392K, reserved 1245184K
  class space    used 21504K, committed 22656K, reserved 1048576K
}
Event: 3752.180 GC heap before
{Heap before GC invocations=72 (full 0):
 garbage-first heap   total 578560K, used 531635K [0x0000000080000000, 0x0000000100000000)
  region size 1024K, 273 young (279552K), 15 survivors (15360K)
 Metaspace       used 161310K, committed 163712K, reserved 1245184K
  class space    used 21506K, committed 22656K, reserved 1048576K
}
Event: 3752.185 GC heap after
{Heap after GC invocations=73 (full 0):
 garbage-first heap   total 578560K, used 261041K [0x0000000080000000, 0x0000000100000000)
  region size 1024K, 8 young (8192K), 8 survivors (8192K)
 Metaspace       used 161310K, committed 163712K, reserved 1245184K
  class space    used 21506K, committed 22656K, reserved 1048576K
}

Dll operation events (3 events):
Event: 0.007 Loaded shared library C:\Program Files\Android\Android Studio1\jbr\bin\java.dll
Event: 0.011 Loaded shared library C:\Program Files\Android\Android Studio1\jbr\bin\zip.dll
Event: 0.341 Loaded shared library C:\Program Files\Android\Android Studio1\jbr\bin\verify.dll

Deoptimization events (20 events):
Event: 3384.021 Thread 0x0000027007933e90 Uncommon trap: trap_request=0xffffffd6 fr.pc=0x000002706e9e93bc relative=0x00000000000016fc
Event: 3384.021 Thread 0x0000027007933e90 Uncommon trap: reason=array_check action=maybe_recompile pc=0x000002706e9e93bc method=org.gradle.internal.service.DefaultServiceRegistry$FactoryService.bind()V @ 125 c2
Event: 3384.021 Thread 0x0000027007933e90 DEOPT PACKING pc=0x000002706e9e93bc sp=0x000000de6edfd2c0
Event: 3384.021 Thread 0x0000027007933e90 DEOPT UNPACKING pc=0x000002706d2946a2 sp=0x000000de6edfd290 mode 2
Event: 3384.023 Thread 0x0000027007933e90 Uncommon trap: trap_request=0xffffffd6 fr.pc=0x000002706e9e93bc relative=0x00000000000016fc
Event: 3384.023 Thread 0x0000027007933e90 Uncommon trap: reason=array_check action=maybe_recompile pc=0x000002706e9e93bc method=org.gradle.internal.service.DefaultServiceRegistry$FactoryService.bind()V @ 125 c2
Event: 3384.023 Thread 0x0000027007933e90 DEOPT PACKING pc=0x000002706e9e93bc sp=0x000000de6edfd180
Event: 3384.023 Thread 0x0000027007933e90 DEOPT UNPACKING pc=0x000002706d2946a2 sp=0x000000de6edfd150 mode 2
Event: 3384.214 Thread 0x00000270079358d0 DEOPT PACKING pc=0x0000027067554ddf sp=0x000000de718fde10
Event: 3384.214 Thread 0x00000270079358d0 DEOPT UNPACKING pc=0x000002706d294e42 sp=0x000000de718fd410 mode 0
Event: 3384.261 Thread 0x0000027007933e90 Uncommon trap: trap_request=0xffffff45 fr.pc=0x000002706e726b0c relative=0x0000000000002a4c
Event: 3384.261 Thread 0x0000027007933e90 Uncommon trap: reason=unstable_if action=reinterpret pc=0x000002706e726b0c method=com.google.common.collect.MapMakerInternalMap$Segment.put(Ljava/lang/Object;ILjava/lang/Object;Z)Ljava/lang/Object; @ 97 c2
Event: 3384.261 Thread 0x0000027007933e90 DEOPT PACKING pc=0x000002706e726b0c sp=0x000000de6edf8e10
Event: 3384.261 Thread 0x0000027007933e90 DEOPT UNPACKING pc=0x000002706d2946a2 sp=0x000000de6edf8bf8 mode 2
Event: 3384.558 Thread 0x000002700793dc10 DEOPT PACKING pc=0x0000027066d67f4d sp=0x000000de730fac20
Event: 3384.558 Thread 0x000002700793dc10 DEOPT UNPACKING pc=0x000002706d294e42 sp=0x000000de730f9fa8 mode 0
Event: 3384.728 Thread 0x000002700793dc10 Uncommon trap: trap_request=0xffffff6e fr.pc=0x000002706ea459a0 relative=0x00000000000000c0
Event: 3384.728 Thread 0x000002700793dc10 Uncommon trap: reason=loop_limit_check action=maybe_recompile pc=0x000002706ea459a0 method=org.gradle.api.internal.file.pattern.GreedyPathMatcher.matches([Ljava/lang/String;I)Z @ 34 c2
Event: 3384.728 Thread 0x000002700793dc10 DEOPT PACKING pc=0x000002706ea459a0 sp=0x000000de730fa5d0
Event: 3384.728 Thread 0x000002700793dc10 DEOPT UNPACKING pc=0x000002706d2946a2 sp=0x000000de730fa570 mode 2

Classes loaded (20 events):
Event: 166.291 Loading class javax/management/NotificationFilter
Event: 166.291 Loading class javax/management/NotificationFilter done
Event: 166.291 Loading class javax/management/ListenerNotFoundException
Event: 166.291 Loading class javax/management/ListenerNotFoundException done
Event: 166.291 Loading class jdk/jfr/Recording
Event: 166.291 Loading class jdk/jfr/Recording done
Event: 166.291 Loading class jdk/jfr/FlightRecorder
Event: 166.292 Loading class jdk/jfr/FlightRecorder done
Event: 166.292 Loading class jdk/management/jfr/FlightRecorderMXBeanImpl$MXBeanListener
Event: 166.292 Loading class jdk/jfr/FlightRecorderListener
Event: 166.292 Loading class jdk/jfr/FlightRecorderListener done
Event: 166.292 Loading class jdk/management/jfr/FlightRecorderMXBeanImpl$MXBeanListener done
Event: 166.296 Loading class com/sun/jmx/mbeanserver/StandardMBeanSupport
Event: 166.296 Loading class com/sun/jmx/mbeanserver/StandardMBeanSupport done
Event: 166.296 Loading class com/sun/jmx/mbeanserver/StandardMBeanIntrospector
Event: 166.296 Loading class com/sun/jmx/mbeanserver/StandardMBeanIntrospector done
Event: 166.297 Loading class sun/reflect/misc/MethodUtil
Event: 166.297 Loading class sun/reflect/misc/MethodUtil done
Event: 166.297 Loading class sun/reflect/misc/MethodUtil$1
Event: 166.297 Loading class sun/reflect/misc/MethodUtil$1 done

Classes unloaded (20 events):
Event: 1346.227 Thread 0x000002707aecbd60 Unloading class 0x0000000101506000 'java/lang/invoke/LambdaForm$DMH+0x0000000101506000'
Event: 1346.227 Thread 0x000002707aecbd60 Unloading class 0x0000000101505800 'java/lang/invoke/LambdaForm$DMH+0x0000000101505800'
Event: 1346.227 Thread 0x000002707aecbd60 Unloading class 0x0000000101505400 'java/lang/invoke/LambdaForm$DMH+0x0000000101505400'
Event: 1346.227 Thread 0x000002707aecbd60 Unloading class 0x0000000101506800 'java/lang/invoke/LambdaForm$DMH+0x0000000101506800'
Event: 1346.227 Thread 0x000002707aecbd60 Unloading class 0x0000000101504800 'java/lang/invoke/LambdaForm$DMH+0x0000000101504800'
Event: 1346.227 Thread 0x000002707aecbd60 Unloading class 0x0000000101505000 'java/lang/invoke/LambdaForm$DMH+0x0000000101505000'
Event: 1346.227 Thread 0x000002707aecbd60 Unloading class 0x0000000101504000 'java/lang/invoke/LambdaForm$DMH+0x0000000101504000'
Event: 1346.227 Thread 0x000002707aecbd60 Unloading class 0x0000000101504400 'java/lang/invoke/LambdaForm$DMH+0x0000000101504400'
Event: 1346.227 Thread 0x000002707aecbd60 Unloading class 0x00000001014b6400 'java/lang/invoke/LambdaForm$DMH+0x00000001014b6400'
Event: 1346.227 Thread 0x000002707aecbd60 Unloading class 0x00000001014b6000 'java/lang/invoke/LambdaForm$DMH+0x00000001014b6000'
Event: 1346.227 Thread 0x000002707aecbd60 Unloading class 0x00000001014b5c00 'java/lang/invoke/LambdaForm$DMH+0x00000001014b5c00'
Event: 1346.227 Thread 0x000002707aecbd60 Unloading class 0x00000001014b5800 'java/lang/invoke/LambdaForm$DMH+0x00000001014b5800'
Event: 1346.227 Thread 0x000002707aecbd60 Unloading class 0x00000001014b5000 'java/lang/invoke/LambdaForm$DMH+0x00000001014b5000'
Event: 1346.227 Thread 0x000002707aecbd60 Unloading class 0x00000001014b4800 'java/lang/invoke/LambdaForm$DMH+0x00000001014b4800'
Event: 1346.227 Thread 0x000002707aecbd60 Unloading class 0x00000001014b4400 'java/lang/invoke/LambdaForm$DMH+0x00000001014b4400'
Event: 1346.227 Thread 0x000002707aecbd60 Unloading class 0x00000001014b4c00 'java/lang/invoke/LambdaForm$DMH+0x00000001014b4c00'
Event: 1346.227 Thread 0x000002707aecbd60 Unloading class 0x00000001014b5400 'java/lang/invoke/LambdaForm$DMH+0x00000001014b5400'
Event: 1347.230 Thread 0x000002707aecbd60 Unloading class 0x000000010155e000 'java/lang/invoke/LambdaForm$MH+0x000000010155e000'
Event: 1347.230 Thread 0x000002707aecbd60 Unloading class 0x000000010155cc00 'java/lang/invoke/LambdaForm$DMH+0x000000010155cc00'
Event: 1347.230 Thread 0x000002707aecbd60 Unloading class 0x000000010155c000 'java/lang/invoke/LambdaForm$DMH+0x000000010155c000'

Classes redefined (0 events):
No events

Internal exceptions (20 events):
Event: 3384.057 Thread 0x0000027007933e90 Exception <a 'sun/nio/fs/WindowsException'{0x000000009bf13438}> (0x000000009bf13438) 
thrown [s\src\hotspot\share\prims\jni.cpp, line 535]
Event: 3384.057 Thread 0x0000027007933e90 Exception <a 'sun/nio/fs/WindowsException'{0x000000009bf14840}> (0x000000009bf14840) 
thrown [s\src\hotspot\share\prims\jni.cpp, line 535]
Event: 3384.057 Thread 0x0000027007933e90 Exception <a 'sun/nio/fs/WindowsException'{0x000000009bf15c38}> (0x000000009bf15c38) 
thrown [s\src\hotspot\share\prims\jni.cpp, line 535]
Event: 3384.057 Thread 0x0000027007933e90 Exception <a 'sun/nio/fs/WindowsException'{0x000000009bf17010}> (0x000000009bf17010) 
thrown [s\src\hotspot\share\prims\jni.cpp, line 535]
Event: 3384.421 Thread 0x0000027007933e90 Exception <a 'sun/nio/fs/WindowsException'{0x0000000098bf0830}> (0x0000000098bf0830) 
thrown [s\src\hotspot\share\prims\jni.cpp, line 535]
Event: 3384.421 Thread 0x0000027007933e90 Exception <a 'sun/nio/fs/WindowsException'{0x0000000098bf1ac0}> (0x0000000098bf1ac0) 
thrown [s\src\hotspot\share\prims\jni.cpp, line 535]
Event: 3384.421 Thread 0x0000027007933e90 Exception <a 'sun/nio/fs/WindowsException'{0x0000000098bf2da0}> (0x0000000098bf2da0) 
thrown [s\src\hotspot\share\prims\jni.cpp, line 535]
Event: 3384.422 Thread 0x0000027007933e90 Exception <a 'sun/nio/fs/WindowsException'{0x0000000098bf4080}> (0x0000000098bf4080) 
thrown [s\src\hotspot\share\prims\jni.cpp, line 535]
Event: 3384.467 Thread 0x0000027007933e90 Exception <a 'sun/nio/fs/WindowsException'{0x00000000987232f0}> (0x00000000987232f0) 
thrown [s\src\hotspot\share\prims\jni.cpp, line 535]
Event: 3384.483 Thread 0x000002700793dc10 Exception <a 'sun/nio/fs/WindowsException'{0x00000000987eb2c8}> (0x00000000987eb2c8) 
thrown [s\src\hotspot\share\prims\jni.cpp, line 535]
Event: 3384.749 Thread 0x0000027007941090 Exception <a 'sun/nio/fs/WindowsException'{0x0000000095e8cb68}> (0x0000000095e8cb68) 
thrown [s\src\hotspot\share\prims\jni.cpp, line 535]
Event: 3384.760 Thread 0x0000027007941090 Exception <a 'sun/nio/fs/WindowsException'{0x0000000095df83f0}> (0x0000000095df83f0) 
thrown [s\src\hotspot\share\prims\jni.cpp, line 535]
Event: 3384.981 Thread 0x000002700dfb0770 Exception <a 'sun/nio/fs/WindowsException'{0x00000000933ad648}> (0x00000000933ad648) 
thrown [s\src\hotspot\share\prims\jni.cpp, line 535]
Event: 3384.987 Thread 0x000002700dfb0770 Exception <a 'sun/nio/fs/WindowsException'{0x0000000093108230}> (0x0000000093108230) 
thrown [s\src\hotspot\share\prims\jni.cpp, line 535]
Event: 3385.011 Thread 0x0000027007933e90 Exception <a 'sun/nio/fs/WindowsException'{0x00000000987d0640}> (0x00000000987d0640) 
thrown [s\src\hotspot\share\prims\jni.cpp, line 535]
Event: 3385.020 Thread 0x000002700dfc1480 Exception <a 'sun/nio/fs/WindowsException'{0x00000000931c8128}> (0x00000000931c8128) 
thrown [s\src\hotspot\share\prims\jni.cpp, line 535]
Event: 3752.170 Thread 0x000002700dfb0e00 Exception <a 'sun/nio/fs/WindowsException'{0x00000000919113d8}> (0x00000000919113d8) 
thrown [s\src\hotspot\share\prims\jni.cpp, line 535]
Event: 3752.170 Thread 0x000002700dfb0e00 Exception <a 'sun/nio/fs/WindowsException'{0x00000000919127c8}> (0x00000000919127c8) 
thrown [s\src\hotspot\share\prims\jni.cpp, line 535]
Event: 3752.170 Thread 0x000002700dfb0e00 Exception <a 'sun/nio/fs/WindowsException'{0x0000000091913ba8}> (0x0000000091913ba8) 
thrown [s\src\hotspot\share\prims\jni.cpp, line 535]
Event: 3752.171 Thread 0x000002700dfb0e00 Exception <a 'sun/nio/fs/WindowsException'{0x0000000091914f68}> (0x0000000091914f68) 
thrown [s\src\hotspot\share\prims\jni.cpp, line 535]

ZGC Phase Switch (0 events):
No events

VM Operations (20 events):
Event: 2946.882 Executing VM operation: HandshakeAllThreads (HandshakeForDeflation)
Event: 2946.882 Executing VM operation: HandshakeAllThreads (HandshakeForDeflation) done
Event: 2946.882 Executing VM operation: RendezvousGCThreads
Event: 2946.882 Executing VM operation: RendezvousGCThreads done
Event: 2951.935 Executing VM operation: Cleanup
Event: 2951.935 Executing VM operation: Cleanup done
Event: 3196.834 Executing VM operation: Cleanup
Event: 3196.834 Executing VM operation: Cleanup done
Event: 3384.328 Executing VM operation: Cleanup
Event: 3384.328 Executing VM operation: Cleanup done
Event: 3384.876 Executing VM operation: ICBufferFull
Event: 3384.876 Executing VM operation: ICBufferFull done
Event: 3385.890 Executing VM operation: Cleanup
Event: 3385.890 Executing VM operation: Cleanup done
Event: 3427.837 Executing VM operation: HandshakeAllThreads (HandshakeForDeflation)
Event: 3427.837 Executing VM operation: HandshakeAllThreads (HandshakeForDeflation) done
Event: 3427.837 Executing VM operation: RendezvousGCThreads
Event: 3427.837 Executing VM operation: RendezvousGCThreads done
Event: 3752.180 Executing VM operation: G1CollectForAllocation (G1 Evacuation Pause)
Event: 3752.185 Executing VM operation: G1CollectForAllocation (G1 Evacuation Pause) done

Events (20 events):
Event: 3385.099 Thread 0x0000027007934520 Thread exited: 0x0000027007934520
Event: 3385.100 Thread 0x0000027007932ae0 Thread exited: 0x0000027007932ae0
Event: 3390.101 Thread 0x000002700146df80 Thread exited: 0x000002700146df80
Event: 3395.112 Thread 0x0000027001468dc0 Thread exited: 0x0000027001468dc0
Event: 3445.020 Thread 0x000002700793dc10 Thread exited: 0x000002700793dc10
Event: 3445.099 Thread 0x0000027007933e90 Thread exited: 0x0000027007933e90
Event: 3445.114 Thread 0x0000027007933800 Thread exited: 0x0000027007933800
Event: 3752.131 Thread 0x000002700dfb21b0 Thread added: 0x000002700dfb21b0
Event: 3752.131 Thread 0x000002700dfb3560 Thread added: 0x000002700dfb3560
Event: 3752.134 Thread 0x000002700dfb1490 Thread added: 0x000002700dfb1490
Event: 3752.137 Thread 0x000002700dfb0e00 Thread added: 0x000002700dfb0e00
Event: 3752.139 Thread 0x000002700dfb0770 Thread added: 0x000002700dfb0770
Event: 3752.139 Thread 0x000002700dfb1b20 Thread added: 0x000002700dfb1b20
Event: 3752.140 Thread 0x000002700dfb2840 Thread added: 0x000002700dfb2840
Event: 3752.157 Thread 0x000002700dfb00e0 Thread added: 0x000002700dfb00e0
Event: 3752.161 Thread 0x000002700dfb4fa0 Thread added: 0x000002700dfb4fa0
Event: 3752.164 Thread 0x000002700dfb3bf0 Thread added: 0x000002700dfb3bf0
Event: 3752.166 Thread 0x000002700dfb4910 Thread added: 0x000002700dfb4910
Event: 3752.199 Thread 0x000002700dfb69e0 Thread added: 0x000002700dfb69e0
Event: 3752.244 Thread 0x000002700dfba4f0 Thread added: 0x000002700dfba4f0


Dynamic libraries:
0x00007ff613780000 - 0x00007ff61378a000 	C:\Program Files\Android\Android Studio1\jbr\bin\java.exe
0x00007ffe308c0000 - 0x00007ffe30b28000 	C:\WINDOWS\SYSTEM32\ntdll.dll
0x00007ffe2edb0000 - 0x00007ffe2ee79000 	C:\WINDOWS\System32\KERNEL32.DLL
0x00007ffe2df10000 - 0x00007ffe2e2fd000 	C:\WINDOWS\System32\KERNELBASE.dll
0x00007ffe2dce0000 - 0x00007ffe2de2b000 	C:\WINDOWS\System32\ucrtbase.dll
0x00007ffe0eff0000 - 0x00007ffe0f00b000 	C:\Program Files\Android\Android Studio1\jbr\bin\VCRUNTIME140.dll
0x00007ffdf4f80000 - 0x00007ffdf4f98000 	C:\Program Files\Android\Android Studio1\jbr\bin\jli.dll
0x00007ffe2f8e0000 - 0x00007ffe2faac000 	C:\WINDOWS\System32\USER32.dll
0x00007ffe2dee0000 - 0x00007ffe2df07000 	C:\WINDOWS\System32\win32u.dll
0x00007ffe1e180000 - 0x00007ffe1e41a000 	C:\WINDOWS\WinSxS\amd64_microsoft.windows.common-controls_6595b64144ccf1df_6.0.26100.4484_none_3e0e6d4ce32ef3b3\COMCTL32.dll
0x00007ffe30850000 - 0x00007ffe3087b000 	C:\WINDOWS\System32\GDI32.dll
0x00007ffe2eb60000 - 0x00007ffe2ec09000 	C:\WINDOWS\System32\msvcrt.dll
0x00007ffe2e3a0000 - 0x00007ffe2e4d7000 	C:\WINDOWS\System32\gdi32full.dll
0x00007ffe2de30000 - 0x00007ffe2ded3000 	C:\WINDOWS\System32\msvcp_win.dll
0x00007ffe300d0000 - 0x00007ffe300ff000 	C:\WINDOWS\System32\IMM32.DLL
0x00007ffe27d40000 - 0x00007ffe27d4c000 	C:\Program Files\Android\Android Studio1\jbr\bin\vcruntime140_1.dll
0x00007ffde2690000 - 0x00007ffde271d000 	C:\Program Files\Android\Android Studio1\jbr\bin\msvcp140.dll
0x00007ffde0090000 - 0x00007ffde0d0d000 	C:\Program Files\Android\Android Studio1\jbr\bin\server\jvm.dll
0x00007ffe2fab0000 - 0x00007ffe2fb64000 	C:\WINDOWS\System32\ADVAPI32.dll
0x00007ffe2e7e0000 - 0x00007ffe2e886000 	C:\WINDOWS\System32\sechost.dll
0x00007ffe2ee80000 - 0x00007ffe2ef98000 	C:\WINDOWS\System32\RPCRT4.dll
0x00007ffe2ec20000 - 0x00007ffe2ec94000 	C:\WINDOWS\System32\WS2_32.dll
0x00007ffe27620000 - 0x00007ffe2762b000 	C:\WINDOWS\SYSTEM32\VERSION.dll
0x00007ffe2d860000 - 0x00007ffe2d8be000 	C:\WINDOWS\SYSTEM32\POWRPROF.dll
0x00007ffe26980000 - 0x00007ffe269b5000 	C:\WINDOWS\SYSTEM32\WINMM.dll
0x00007ffe2d840000 - 0x00007ffe2d854000 	C:\WINDOWS\SYSTEM32\UMPDC.dll
0x00007ffe2c770000 - 0x00007ffe2c78b000 	C:\WINDOWS\SYSTEM32\kernel.appcore.dll
0x00007ffe12590000 - 0x00007ffe1259a000 	C:\Program Files\Android\Android Studio1\jbr\bin\jimage.dll
0x00007ffe20c40000 - 0x00007ffe20e81000 	C:\WINDOWS\SYSTEM32\DBGHELP.DLL
0x00007ffe2fb70000 - 0x00007ffe2fef6000 	C:\WINDOWS\System32\combase.dll
0x00007ffe2ecc0000 - 0x00007ffe2eda0000 	C:\WINDOWS\System32\OLEAUT32.dll
0x00007ffe1a1a0000 - 0x00007ffe1a1e3000 	C:\WINDOWS\SYSTEM32\dbgcore.DLL
0x00007ffe2e300000 - 0x00007ffe2e399000 	C:\WINDOWS\System32\bcryptPrimitives.dll
0x00007ffe09e50000 - 0x00007ffe09e5e000 	C:\Program Files\Android\Android Studio1\jbr\bin\instrument.dll
0x00007ffe0efd0000 - 0x00007ffe0efef000 	C:\Program Files\Android\Android Studio1\jbr\bin\java.dll
0x00007ffe0efb0000 - 0x00007ffe0efc8000 	C:\Program Files\Android\Android Studio1\jbr\bin\zip.dll
0x00007ffe2f190000 - 0x00007ffe2f8da000 	C:\WINDOWS\System32\SHELL32.dll
0x00007ffe2e4e0000 - 0x00007ffe2e654000 	C:\WINDOWS\System32\wintypes.dll
0x00007ffe2b630000 - 0x00007ffe2be8b000 	C:\WINDOWS\SYSTEM32\windows.storage.dll
0x00007ffe2ff70000 - 0x00007ffe30065000 	C:\WINDOWS\System32\SHCORE.dll
0x00007ffe2eaf0000 - 0x00007ffe2eb5a000 	C:\WINDOWS\System32\shlwapi.dll
0x00007ffe2d920000 - 0x00007ffe2d94f000 	C:\WINDOWS\SYSTEM32\profapi.dll
0x00007ffe11b80000 - 0x00007ffe11b90000 	C:\Program Files\Android\Android Studio1\jbr\bin\net.dll
0x00007ffe26530000 - 0x00007ffe2664e000 	C:\WINDOWS\SYSTEM32\WINHTTP.dll
0x00007ffe2cce0000 - 0x00007ffe2cd4a000 	C:\WINDOWS\system32\mswsock.dll
0x00007ffe0a610000 - 0x00007ffe0a626000 	C:\Program Files\Android\Android Studio1\jbr\bin\nio.dll
0x00007ffe0a5f0000 - 0x00007ffe0a600000 	C:\Program Files\Android\Android Studio1\jbr\bin\verify.dll
0x00007ffdc1cd0000 - 0x00007ffdc1cf7000 	C:\Users\erica\.gradle\native\c067742578af261105cb4f569cf0c3c89f3d7b1fecec35dd04571415982c5e48\windows-amd64\native-platform.dll
0x00007ffdbecf0000 - 0x00007ffdbee34000 	C:\Users\erica\.gradle\native\38dada09dfb8b06ba9b0570ebf7e218e3eb74d4ef43ca46872605cf95ebc2f47\windows-amd64\native-platform-file-events.dll
0x00007ffe11b50000 - 0x00007ffe11b59000 	C:\Program Files\Android\Android Studio1\jbr\bin\management.dll
0x00007ffe0f3b0000 - 0x00007ffe0f3bb000 	C:\Program Files\Android\Android Studio1\jbr\bin\management_ext.dll
0x00007ffe2eca0000 - 0x00007ffe2eca8000 	C:\WINDOWS\System32\PSAPI.DLL
0x00007ffe2d0c0000 - 0x00007ffe2d0db000 	C:\WINDOWS\SYSTEM32\CRYPTSP.dll
0x00007ffe2c6d0000 - 0x00007ffe2c70b000 	C:\WINDOWS\system32\rsaenh.dll
0x00007ffe2cd80000 - 0x00007ffe2cdab000 	C:\WINDOWS\SYSTEM32\USERENV.dll
0x00007ffe2d8f0000 - 0x00007ffe2d916000 	C:\WINDOWS\SYSTEM32\bcrypt.dll
0x00007ffe2cf20000 - 0x00007ffe2cf2c000 	C:\WINDOWS\SYSTEM32\CRYPTBASE.dll
0x00007ffe2c180000 - 0x00007ffe2c1b3000 	C:\WINDOWS\SYSTEM32\IPHLPAPI.DLL
0x00007ffe2ecb0000 - 0x00007ffe2ecba000 	C:\WINDOWS\System32\NSI.dll
0x00007ffe11770000 - 0x00007ffe11779000 	C:\Program Files\Android\Android Studio1\jbr\bin\extnet.dll
0x00007ffde5cb0000 - 0x00007ffde5cb8000 	C:\WINDOWS\system32\wshunix.dll

dbghelp: loaded successfully - version: 4.0.5 - missing functions: none
symbol engine: initialized successfully - sym options: 0x614 - pdb path: .;C:\Program Files\Android\Android Studio1\jbr\bin;C:\WINDOWS\SYSTEM32;C:\WINDOWS\WinSxS\amd64_microsoft.windows.common-controls_6595b64144ccf1df_6.0.26100.4484_none_3e0e6d4ce32ef3b3;C:\Program Files\Android\Android Studio1\jbr\bin\server;C:\Users\erica\.gradle\native\c067742578af261105cb4f569cf0c3c89f3d7b1fecec35dd04571415982c5e48\windows-amd64;C:\Users\erica\.gradle\native\38dada09dfb8b06ba9b0570ebf7e218e3eb74d4ef43ca46872605cf95ebc2f47\windows-amd64

VM Arguments:
jvm_args: --add-opens=java.base/java.util=ALL-UNNAMED --add-opens=java.base/java.lang=ALL-UNNAMED --add-opens=java.base/java.lang.invoke=ALL-UNNAMED --add-opens=java.prefs/java.util.prefs=ALL-UNNAMED --add-opens=java.base/java.nio.charset=ALL-UNNAMED --add-opens=java.base/java.net=ALL-UNNAMED --add-opens=java.base/java.util.concurrent.atomic=ALL-UNNAMED -Xmx2048m -Dfile.encoding=UTF-8 -Duser.country=US -Duser.language=en -Duser.variant -javaagent:C:\Users\erica\.gradle\wrapper\dists\gradle-8.5-bin\5t9huq95ubn472n8rpzujfbqh\gradle-8.5\lib\agents\gradle-instrumentation-agent-8.5.jar 
java_command: org.gradle.launcher.daemon.bootstrap.GradleDaemon 8.5
java_class_path (initial): C:\Users\erica\.gradle\wrapper\dists\gradle-8.5-bin\5t9huq95ubn472n8rpzujfbqh\gradle-8.5\lib\gradle-launcher-8.5.jar
Launcher Type: SUN_STANDARD

[Global flags]
     intx CICompilerCount                          = 4                                         {product} {ergonomic}
     uint ConcGCThreads                            = 3                                         {product} {ergonomic}
     uint G1ConcRefinementThreads                  = 10                                        {product} {ergonomic}
   size_t G1HeapRegionSize                         = 1048576                                   {product} {ergonomic}
    uintx GCDrainStackTargetSize                   = 64                                        {product} {ergonomic}
   size_t InitialHeapSize                          = 257949696                                 {product} {ergonomic}
   size_t MarkStackSize                            = 4194304                                   {product} {ergonomic}
   size_t MaxHeapSize                              = 2147483648                                {product} {command line}
   size_t MaxNewSize                               = 1287651328                                {product} {ergonomic}
   size_t MinHeapDeltaBytes                        = 1048576                                   {product} {ergonomic}
   size_t MinHeapSize                              = 8388608                                   {product} {ergonomic}
    uintx NonNMethodCodeHeapSize                   = 5839372                                {pd product} {ergonomic}
    uintx NonProfiledCodeHeapSize                  = 122909434                              {pd product} {ergonomic}
    uintx ProfiledCodeHeapSize                     = 122909434                              {pd product} {ergonomic}
    uintx ReservedCodeCacheSize                    = 251658240                              {pd product} {ergonomic}
     bool SegmentedCodeCache                       = true                                      {product} {ergonomic}
   size_t SoftMaxHeapSize                          = 2147483648                             {manageable} {ergonomic}
     bool UseCompressedOops                        = true                           {product lp64_product} {ergonomic}
     bool UseG1GC                                  = true                                      {product} {ergonomic}
     bool UseLargePagesIndividualAllocation        = false                                  {pd product} {ergonomic}

Logging:
Log output configuration:
 #0: stdout all=warning uptime,level,tags foldmultilines=false
 #1: stderr all=off uptime,level,tags foldmultilines=false

Environment Variables:
JAVA_HOME=C:\Program Files\Eclipse Adoptium\jdk-21.0.7.6-hotspot
PATH=C:\Program Files\Eclipse Adoptium\jdk-21.0.7.6-hotspot\bin;C:\WINDOWS\system32;C:\WINDOWS;C:\WINDOWS\System32\Wbem;C:\WINDOWS\System32\WindowsPowerShell\v1.0\;C:\WINDOWS\System32\OpenSSH\;C:\Program Files\Git\cmd;C:\xampp\php;C:\Program Files\Eclipse Adoptium\jdk-21.0.7.6-hotspot\bin;C:\Program Files\Cloudflare\Cloudflare WARP\;C:\Users\erica\AppData\Local\Microsoft\WindowsApps;C:\Users\erica\AppData\Local\Programs\Microsoft VS Code\bin;C:\Users\erica\AppData\Local\Programs\cursor\resources\app\bin
USERNAME=erica
OS=Windows_NT
PROCESSOR_IDENTIFIER=AMD64 Family 23 Model 96 Stepping 1, AuthenticAMD
TMP=C:\Users\erica\AppData\Local\Temp
TEMP=C:\Users\erica\AppData\Local\Temp




Periodic native trim disabled

JNI global refs:
JNI global refs: 30, weak refs: 4

JNI global refs memory usage: 835, weak refs: 833

Process memory usage:
Resident Set Size: 743572K (4% of 16119108K total physical memory with 2146976K free physical memory)

OOME stack traces (most recent first):
Classloader memory used:
Loader org.gradle.internal.classloader.VisitableURLClassLoader$InstrumentingVisitableURLClassLoader: 63631K
Loader org.gradle.internal.classloader.VisitableURLClassLoader                         : 42803K
Loader bootstrap                                                                       : 31906K
Loader org.gradle.initialization.MixInLegacyTypesClassLoader                           : 12578K
Loader org.gradle.internal.classloader.VisitableURLClassLoader                         : 8558K
Loader jdk.internal.reflect.DelegatingClassLoader                                      : 835K
Loader jdk.internal.loader.ClassLoaders$PlatformClassLoader                            : 516K
Loader jdk.internal.loader.ClassLoaders$AppClassLoader                                 : 227K
Loader org.codehaus.groovy.runtime.callsite.CallSiteClassLoader                        : 218K
Loader org.gradle.groovy.scripts.internal.DefaultScriptCompilationHandler$ScriptClassLoader: 87616B
Loader sun.reflect.misc.MethodUtil                                                     : 3000B

Classes loaded by more than one classloader:
Class Program                                                                         : loaded 6 times (x 69B)
Class com.google.common.collect.Iterators$MergingIterator                             : loaded 3 times (x 78B)
Class com.google.common.collect.ImmutableList$SubList                                 : loaded 3 times (x 205B)
Class com.google.common.collect.ForwardingObject                                      : loaded 3 times (x 69B)
Class com.google.common.collect.RegularImmutableMap$KeySet                            : loaded 3 times (x 147B)
Class com.google.common.collect.ImmutableSet$SetBuilderImpl                           : loaded 3 times (x 73B)
Class com.google.common.collect.ImmutableList                                         : loaded 3 times (x 203B)
Class Build_gradle                                                                    : loaded 3 times (x 127B)
Class com.google.common.base.CharMatcher$InRange                                      : loaded 3 times (x 108B)
Class com.google.common.collect.ImmutableSet$Builder                                  : loaded 3 times (x 82B)
Class com.google.common.collect.SetMultimap                                           : loaded 3 times (x 67B)
Class com.google.common.collect.ImmutableMapEntrySet$RegularEntrySet                  : loaded 3 times (x 148B)
Class com.google.common.collect.RangeSet                                              : loaded 3 times (x 67B)
Class com.google.common.base.CharMatcher$NamedFastMatcher                             : loaded 3 times (x 109B)
Class com.google.common.base.CharMatcher$1                                            : loaded 3 times (x 110B)
Class com.google.common.base.Joiner$2                                                 : loaded 3 times (x 76B)
Class com.google.common.base.CharMatcher$IsEither                                     : loaded 3 times (x 108B)
Class com.google.common.collect.RangeGwtSerializationDependencies                     : loaded 3 times (x 68B)
Class com.google.common.base.CharMatcher                                              : loaded 3 times (x 108B)
Class com.google.common.collect.PeekingIterator                                       : loaded 3 times (x 67B)
Class com.google.common.base.Joiner$1                                                 : loaded 3 times (x 77B)
Class com.google.common.base.Preconditions                                            : loaded 3 times (x 68B)
Class com.google.common.base.CharMatcher$Negated                                      : loaded 3 times (x 110B)
Class com.google.common.base.CharMatcher$Is                                           : loaded 3 times (x 108B)
Class com.google.common.collect.RegularImmutableMap$BucketOverflowException           : loaded 3 times (x 79B)
Class com.google.common.collect.ImmutableSet$RegularSetBuilderImpl                    : loaded 3 times (x 74B)
Class com.google.common.collect.ImmutableRangeSet$ComplementRanges                    : loaded 3 times (x 204B)
Class org.gradle.internal.IoActions                                                   : loaded 3 times (x 68B)
Class org.gradle.api.GradleException                                                  : loaded 3 times (x 79B)
Class com.google.common.collect.ImmutableEntry                                        : loaded 3 times (x 79B)
Class [Lcom.google.common.collect.AbstractMapEntry;                                   : loaded 3 times (x 66B)
Class com.google.common.collect.ImmutableList$1                                       : loaded 3 times (x 94B)
Class com.google.common.base.CharMatcher$NegatedFastMatcher                           : loaded 3 times (x 110B)
Class com.google.common.collect.AbstractRangeSet                                      : loaded 3 times (x 111B)
Class com.google.common.base.Predicate                                                : loaded 3 times (x 67B)
Class com.google.common.collect.ImmutableMap                                          : loaded 3 times (x 117B)
Class com.google.common.base.CharMatcher$FastMatcher                                  : loaded 3 times (x 108B)
Class org.gradle.internal.Cast                                                        : loaded 3 times (x 68B)
Class org.gradle.api.Action                                                           : loaded 3 times (x 67B)
Class com.google.common.collect.ImmutableList$SerializedForm                          : loaded 3 times (x 70B)
Class com.google.common.collect.RegularImmutableMap                                   : loaded 3 times (x 118B)
Class com.google.common.collect.ImmutableMap$MapViewOfValuesAsSingletonSets           : loaded 3 times (x 122B)
Class com.google.common.base.CharMatcher$Or                                           : loaded 3 times (x 109B)
Class com.google.common.base.CharMatcher$BitSetMatcher                                : loaded 3 times (x 109B)
Class com.google.common.collect.ImmutableSet                                          : loaded 3 times (x 142B)
Class com.google.common.collect.RegularImmutableMap$Values                            : loaded 3 times (x 204B)
Class com.google.common.collect.ImmutableRangeSet$Builder                             : loaded 3 times (x 74B)
Class [Lcom.google.common.collect.ImmutableEntry;                                     : loaded 3 times (x 66B)
Class com.google.common.collect.RegularImmutableList                                  : loaded 3 times (x 209B)
Class com.google.common.base.Function                                                 : loaded 3 times (x 67B)
Class com.google.common.collect.ImmutableMapEntry$NonTerminalImmutableMapEntry        : loaded 3 times (x 82B)
Class com.google.common.collect.ImmutableMultimap                                     : loaded 3 times (x 144B)
Class com.google.common.collect.ImmutableMapEntry                                     : loaded 3 times (x 82B)
Class com.google.common.collect.RegularImmutableSortedSet                             : loaded 3 times (x 296B)
Class com.google.common.base.CharMatcher$IsNot                                        : loaded 3 times (x 108B)
Class com.google.common.collect.UnmodifiableListIterator                              : loaded 3 times (x 92B)
Class com.google.common.collect.RegularImmutableSet                                   : loaded 3 times (x 145B)
Class com.google.common.collect.ImmutableSortedSet                                    : loaded 3 times (x 296B)
Class com.google.common.collect.ImmutableAsList                                       : loaded 3 times (x 206B)
Class com.google.common.collect.Iterators$9                                           : loaded 3 times (x 78B)
Class com.google.common.collect.Lists                                                 : loaded 3 times (x 68B)
Class com.google.common.collect.ImmutableSet$CachingAsList                            : loaded 3 times (x 144B)
Class com.google.common.base.CharMatcher$AnyOf                                        : loaded 3 times (x 109B)
Class com.google.common.collect.ImmutableCollection                                   : loaded 3 times (x 122B)
Class com.google.common.base.CharMatcher$ForPredicate                                 : loaded 3 times (x 109B)
Class com.google.common.collect.Iterators$5                                           : loaded 3 times (x 79B)
Class com.google.common.collect.ImmutableBiMap                                        : loaded 3 times (x 140B)
Class com.google.common.collect.Iterators$4                                           : loaded 3 times (x 79B)
Class com.google.common.collect.SortedIterable                                        : loaded 3 times (x 67B)
Class com.google.common.collect.ImmutableMap$IteratorBasedImmutableMap                : loaded 3 times (x 122B)
Class com.google.common.collect.SingletonImmutableSet                                 : loaded 3 times (x 143B)
Class com.google.common.collect.Iterators$1                                           : loaded 3 times (x 78B)
Class com.google.common.collect.ImmutableList$ReverseImmutableList                    : loaded 3 times (x 205B)
Class org.gradle.api.UncheckedIOException                                             : loaded 3 times (x 79B)
Class com.google.common.collect.SingletonImmutableList                                : loaded 3 times (x 204B)
Class com.google.common.collect.Iterables                                             : loaded 3 times (x 68B)
Class com.google.common.collect.NullnessCasts                                         : loaded 3 times (x 68B)
Class com.google.common.collect.Multimap                                              : loaded 3 times (x 67B)
Class com.google.common.collect.ImmutableMap$Builder                                  : loaded 3 times (x 79B)
Class com.google.common.collect.ImmutableMapEntrySet                                  : loaded 3 times (x 148B)
Class com.google.common.collect.AbstractIndexedListIterator                           : loaded 3 times (x 93B)
Class [Lcom.google.common.collect.ImmutableMapEntry;                                  : loaded 3 times (x 66B)
Class com.google.common.collect.ObjectArrays                                          : loaded 3 times (x 68B)
Class com.google.common.collect.AbstractIterator                                      : loaded 3 times (x 79B)
Class com.google.common.collect.BiMap                                                 : loaded 3 times (x 67B)
Class com.google.common.collect.ImmutableMap$1                                        : loaded 3 times (x 78B)
Class com.google.common.collect.ImmutableRangeSet                                     : loaded 3 times (x 112B)
Class com.google.common.collect.IndexedImmutableSet                                   : loaded 3 times (x 147B)
Class com.google.common.base.CharMatcher$And                                          : loaded 3 times (x 109B)
Class com.google.common.collect.Lists$StringAsImmutableList                           : loaded 3 times (x 204B)
Class com.google.common.collect.Iterators                                             : loaded 3 times (x 68B)
Class com.google.common.collect.Range                                                 : loaded 3 times (x 84B)
Class com.google.common.collect.RegularImmutableAsList                                : loaded 3 times (x 213B)
Class com.google.common.collect.ImmutableRangeSet$1                                   : loaded 3 times (x 206B)
Class com.google.common.collect.AbstractMultimap                                      : loaded 3 times (x 120B)
Class com.google.common.collect.ImmutableList$Builder                                 : loaded 3 times (x 74B)
Class com.google.common.collect.AbstractMapEntry                                      : loaded 3 times (x 78B)
Class com.google.common.collect.UnmodifiableIterator                                  : loaded 3 times (x 77B)
Class com.google.common.collect.Platform                                              : loaded 3 times (x 68B)
Class com.google.common.base.Joiner                                                   : loaded 3 times (x 76B)
Class com.google.common.collect.BaseImmutableMultimap                                 : loaded 3 times (x 120B)
Class com.google.common.collect.ImmutableCollection$Builder                           : loaded 3 times (x 73B)
Class com.google.common.collect.Iterators$ArrayItr                                    : loaded 3 times (x 94B)
Class com.google.common.collect.ImmutableRangeSet$AsSet                               : loaded 3 times (x 296B)
Class org.jetbrains.kotlin.idea.gradleTooling.model.allopen.AllOpenModel              : loaded 2 times (x 67B)
Class kotlin.jvm.internal.ArrayIteratorKt                                             : loaded 2 times (x 68B)
Class com.google.common.collect.ComparatorOrdering                                    : loaded 2 times (x 112B)
Class org.gradle.api.internal.DefaultClassPathProvider                                : loaded 2 times (x 73B)
Class [Lcom.google.common.base.Function;                                              : loaded 2 times (x 66B)
Class com.google.common.collect.MapMakerInternalMap$Strength$1                        : loaded 2 times (x 77B)
Class com.google.common.io.CharSource$ConcatenatedCharSource                          : loaded 2 times (x 83B)
Class com.google.common.collect.Maps$ViewCachingAbstractMap                           : loaded 2 times (x 122B)
Class com.android.builder.model.v2.models.BasicAndroidProject                         : loaded 2 times (x 67B)
Class com.android.builder.model.AndroidProject                                        : loaded 2 times (x 67B)
Class org.apache.http.HttpEntityEnclosingRequest                                      : loaded 2 times (x 67B)
Class com.google.common.collect.Sets$2                                                : loaded 2 times (x 136B)
Class com.amazon.ion.impl.SharedSymbolTable                                           : loaded 2 times (x 90B)
Class com.amazon.ion.impl.bin.IonRawBinaryWriter                                      : loaded 2 times (x 166B)
Class com.amazon.ion.SymbolToken                                                      : loaded 2 times (x 67B)
Class kotlin.text.StringsKt__StringNumberConversionsJVMKt                             : loaded 2 times (x 68B)
Class com.google.common.collect.NaturalOrdering                                       : loaded 2 times (x 112B)
Class kotlin.sequences.SequenceScope                                                  : loaded 2 times (x 70B)
Class kotlin.sequences.Sequence                                                       : loaded 2 times (x 67B)
Class [Lorg.gradle.api.internal.ClassPathProvider;                                    : loaded 2 times (x 66B)
Class org.gradle.api.internal.ClassPathProvider                                       : loaded 2 times (x 67B)
Class com.google.common.reflect.Types$ClassOwnership$1                                : loaded 2 times (x 77B)
Class com.google.common.collect.MapMakerInternalMap$Strength$2                        : loaded 2 times (x 77B)
Class [Lorg.objectweb.asm.AnnotationVisitor;                                          : loaded 2 times (x 66B)
Class com.google.common.collect.Sets$3                                                : loaded 2 times (x 136B)
Class com.google.common.util.concurrent.AbstractFuture$SafeAtomicHelper               : loaded 2 times (x 76B)
Class com.google.common.cache.LocalCache$LocalLoadingCache                            : loaded 2 times (x 131B)
Class com.google.common.base.AbstractIterator$State                                   : loaded 2 times (x 76B)
Class com.amazon.ion.impl.lite.IonBoolLite                                            : loaded 2 times (x 175B)
Class org.gradle.internal.impldep.gnu.trove.TObjectHash$NULL                          : loaded 2 times (x 68B)
Class kotlin.collections.CollectionsKt___CollectionsKt$asSequence$$inlined$Sequence$1 : loaded 2 times (x 72B)
Class org.gradle.internal.service.UnknownServiceException                             : loaded 2 times (x 80B)
Class com.google.common.reflect.Types$ClassOwnership$2                                : loaded 2 times (x 77B)
Class com.google.common.reflect.TypeResolver                                          : loaded 2 times (x 69B)
Class com.google.common.io.ByteArrayDataInput                                         : loaded 2 times (x 67B)
Class com.google.common.collect.MapMakerInternalMap$StrongValueEntry                  : loaded 2 times (x 67B)
Class com.google.common.collect.Sets$4                                                : loaded 2 times (x 136B)
Class org.objectweb.asm.ModuleVisitor                                                 : loaded 2 times (x 77B)
Class com.google.common.cache.LocalCache$Strength$1                                   : loaded 2 times (x 78B)
Class org.gradle.internal.impldep.gnu.trove.PrimeFinder                               : loaded 2 times (x 68B)
Class org.jetbrains.kotlin.idea.gradleTooling.model.kapt.KaptGradleModel              : loaded 2 times (x 67B)
Class org.jetbrains.kotlin.idea.gradleTooling.KotlinDslScriptAdditionalTask           : loaded 2 times (x 67B)
Class org.jetbrains.plugins.gradle.model.ClasspathEntryModel                          : loaded 2 times (x 67B)
Class com.google.common.reflect.Types$ClassOwnership$3                                : loaded 2 times (x 68B)
Class com.google.common.collect.Collections2$FilteredCollection                       : loaded 2 times (x 116B)
Class com.google.common.util.concurrent.SettableFuture                                : loaded 2 times (x 111B)
Class com.google.common.cache.LocalCache$Strength$2                                   : loaded 2 times (x 78B)
Class com.amazon.ion.IonTimestamp                                                     : loaded 2 times (x 67B)
Class com.amazon.ion.impl.bin.PooledBlockAllocatorProvider$PooledBlockAllocator       : loaded 2 times (x 78B)
Class org.jetbrains.plugins.gradle.tooling.serialization.GradleExtensionsSerializationService: loaded 2 times (x 74B)
Class com.android.ide.gradle.model.AdditionalClassifierArtifactsModelParameter        : loaded 2 times (x 67B)
Class org.gradle.api.JavaVersion                                                      : loaded 2 times (x 76B)
Class org.gradle.tooling.model.Dependency                                             : loaded 2 times (x 67B)
Class [Lcom.google.common.collect.Maps$EntryFunction;                                 : loaded 2 times (x 66B)
Class com.google.common.collect.TransformedIterator                                   : loaded 2 times (x 77B)
Class com.google.common.io.ByteStreams                                                : loaded 2 times (x 68B)
Class com.google.common.collect.Interners$InternerImpl                                : loaded 2 times (x 72B)
Class com.google.common.collect.Interner                                              : loaded 2 times (x 67B)
Class com.android.builder.model.v2.ide.AbstractArtifact                               : loaded 2 times (x 67B)
Class com.google.common.cache.LocalCache$Strength$3                                   : loaded 2 times (x 78B)
Class com.google.common.collect.MapDifference                                         : loaded 2 times (x 67B)
Class com.google.common.base.Splitter$1                                               : loaded 2 times (x 74B)
Class com.amazon.ion.IonDatagram                                                      : loaded 2 times (x 67B)
Class com.amazon.ion.impl._Private_RecyclingStack$ElementFactory                      : loaded 2 times (x 67B)
Class com.amazon.ion.impl.bin.IonManagedBinaryWriter$ImportedSymbolResolverMode$1$1   : loaded 2 times (x 75B)
Class com.amazon.ion.impl._Private_ByteTransferSink                                   : loaded 2 times (x 67B)
Class com.intellij.openapi.externalSystem.model.project.dependencies.ResolutionState  : loaded 2 times (x 76B)
Class kotlin.text.StringsKt__RegexExtensionsJVMKt                                     : loaded 2 times (x 68B)
Class com.google.common.collect.AllEqualOrdering                                      : loaded 2 times (x 111B)
Class kotlin.collections.ArraysKt___ArraysJvmKt                                       : loaded 2 times (x 68B)
Class kotlin.collections.CollectionsKt__CollectionsKt                                 : loaded 2 times (x 68B)
Class com.google.common.reflect.Invokable                                             : loaded 2 times (x 100B)
Class com.google.common.collect.MapMaker$Dummy                                        : loaded 2 times (x 76B)
Class org.apache.http.HttpMessage                                                     : loaded 2 times (x 67B)
Class org.objectweb.asm.FieldWriter                                                   : loaded 2 times (x 74B)
Class com.google.common.cache.CacheBuilder$NullListener                               : loaded 2 times (x 79B)
Class org.jetbrains.plugins.gradle.model.ExternalLibraryDependency                    : loaded 2 times (x 67B)
Class kotlin.text.Regex$Companion                                                     : loaded 2 times (x 68B)
Class org.gradle.internal.classpath.TransformedClassPath                              : loaded 2 times (x 93B)
Class com.google.common.reflect.Types$ParameterizedTypeImpl                           : loaded 2 times (x 78B)
Class com.google.common.collect.Maps$IteratorBasedAbstractMap$1                       : loaded 2 times (x 135B)
Class org.gradle.internal.impldep.gnu.trove.TObjectIntHashMap                         : loaded 2 times (x 106B)
Class com.google.common.collect.ImmutableListMultimap                                 : loaded 2 times (x 173B)
Class com.google.common.cache.CacheLoader$FunctionToCacheLoader                       : loaded 2 times (x 72B)
Class com.intellij.gradle.toolingExtension.impl.model.buildScriptClasspathModel.GradleBuildScriptClasspathSerializationService$ReadContext: loaded 2 times (x 69B)
Class com.amazon.ion.impl._Private_IonContainer                                       : loaded 2 times (x 67B)
Class com.amazon.ion.IonValue                                                         : loaded 2 times (x 67B)
Class kotlin.jvm.internal.FunctionReference                                           : loaded 2 times (x 119B)
Class [Lkotlin.coroutines.intrinsics.CoroutineSingletons;                             : loaded 2 times (x 66B)
Class kotlin.jvm.internal.FunctionBase                                                : loaded 2 times (x 67B)
Class kotlin.enums.EnumEntriesList                                                    : loaded 2 times (x 220B)
Class com.google.common.reflect.TypeResolver$TypeVariableKey                          : loaded 2 times (x 69B)
Class com.google.common.collect.EmptyImmutableListMultimap                            : loaded 2 times (x 173B)
Class com.google.common.base.Splitter                                                 : loaded 2 times (x 69B)
Class org.objectweb.asm.AnnotationVisitor                                             : loaded 2 times (x 74B)
Class com.google.common.base.MoreObjects                                              : loaded 2 times (x 68B)
Class com.amazon.ion.impl.bin.IonRawBinaryWriter$ContainerType                        : loaded 2 times (x 76B)
Class com.amazon.ion.impl._Private_IonTextWriterBuilder$Mutable                       : loaded 2 times (x 98B)
Class kotlin.comparisons.ComparisonsKt___ComparisonsJvmKt                             : loaded 2 times (x 68B)
Class kotlin.collections.CollectionsKt__IteratorsJVMKt                                : loaded 2 times (x 68B)
Class com.android.builder.model.v2.ide.TestInfo$Execution                             : loaded 2 times (x 76B)
Class [Lorg.objectweb.asm.Type;                                                       : loaded 2 times (x 66B)
Class com.google.common.collect.Sets$1                                                : loaded 2 times (x 136B)
Class com.google.common.collect.Iterators$EmptyModifiableIterator                     : loaded 2 times (x 83B)
Class org.jetbrains.kotlin.idea.gradleTooling.KotlinSourceSetContainer                : loaded 2 times (x 67B)
Class org.jetbrains.plugins.gradle.model.IntelliJSettings                             : loaded 2 times (x 67B)
Class kotlin.Result                                                                   : loaded 2 times (x 69B)
Class org.gradle.internal.service.ServiceLocator                                      : loaded 2 times (x 67B)
Class com.google.common.base.Ascii                                                    : loaded 2 times (x 68B)
Class com.google.common.collect.SingletonImmutableBiMap                               : loaded 2 times (x 140B)
Class com.google.common.cache.LocalCache$1                                            : loaded 2 times (x 86B)
Class org.gradle.tooling.internal.gradle.DefaultProjectIdentifier                     : loaded 2 times (x 83B)
Class com.amazon.ion.impl.IonWriterSystem                                             : loaded 2 times (x 168B)
Class com.amazon.ion.impl.bin.Symbols$2                                               : loaded 2 times (x 104B)
Class com.amazon.ion.impl.bin._Private_IonManagedWriter                               : loaded 2 times (x 67B)
Class org.jetbrains.kotlin.android.synthetic.idea.AndroidExtensionsGradleModel        : loaded 2 times (x 67B)
Class com.intellij.gradle.toolingExtension.util.GradleVersionUtil                     : loaded 2 times (x 68B)
Class com.android.ide.gradle.model.GradlePropertiesModel                              : loaded 2 times (x 67B)
Class kotlin.sequences.TransformingSequence$iterator$1                                : loaded 2 times (x 76B)
Class kotlin.Pair                                                                     : loaded 2 times (x 69B)
Class org.gradle.tooling.internal.adapter.ProtocolToModelAdapter$SupportedPropertyInvoker: loaded 2 times (x 73B)
Class org.gradle.tooling.model.UnsupportedMethodException                             : loaded 2 times (x 79B)
Class com.google.common.reflect.TypeToken$SimpleTypeToken                             : loaded 2 times (x 70B)
Class com.google.common.collect.AbstractSetMultimap                                   : loaded 2 times (x 171B)
Class com.google.common.collect.MapMakerInternalMap$AbstractStrongKeyEntry            : loaded 2 times (x 79B)
Class com.google.common.io.CharSource$StringCharSource                                : loaded 2 times (x 83B)
Class com.google.common.io.ByteSource$ByteArrayByteSource                             : loaded 2 times (x 82B)
Class com.google.common.collect.Sets$ImprovedAbstractSet                              : loaded 2 times (x 132B)
Class kotlin.text.StringsKt__AppendableKt                                             : loaded 2 times (x 68B)
Class org.apache.http.client.methods.AbstractExecutionAwareRequest                    : loaded 2 times (x 125B)
Class com.google.common.cache.LocalCache$2                                            : loaded 2 times (x 139B)
Class com.amazon.ion.IonWriter                                                        : loaded 2 times (x 67B)
Class com.amazon.ion.impl.lite.IonContainerLite                                       : loaded 2 times (x 245B)
Class com.amazon.ion.IonBufferConfiguration$OversizedSymbolTableHandler               : loaded 2 times (x 67B)
Class com.amazon.ion.system.IonWriterBuilder                                          : loaded 2 times (x 71B)
Class org.jetbrains.plugins.gradle.tooling.serialization.ToolingStreamApiUtils        : loaded 2 times (x 68B)
Class com.amazon.ion.facet.Faceted                                                    : loaded 2 times (x 67B)
Class kotlin.collections.CollectionsKt__MutableCollectionsKt                          : loaded 2 times (x 68B)
Class com.amazon.ion.impl.bin._Private_IonRawWriter                                   : loaded 2 times (x 67B)
Class com.android.builder.model.v2.ide.CodeShrinker                                   : loaded 2 times (x 76B)
Class com.google.common.util.concurrent.AbstractFuture$UnsafeAtomicHelper$1           : loaded 2 times (x 73B)
Class com.amazon.ion.impl.bin.IonRawBinaryWriter$PreallocationMode                    : loaded 2 times (x 79B)
Class com.amazon.ion.impl.bin.utf8.Poolable                                           : loaded 2 times (x 76B)
Class com.amazon.ion.IonSymbol                                                        : loaded 2 times (x 67B)
Class org.jetbrains.plugins.gradle.tooling.serialization.AnnotationProcessingModelSerializationService$WriteContext: loaded 2 times (x 69B)
Class org.gradle.internal.impldep.gnu.trove.THash                                     : loaded 2 times (x 78B)
Class kotlin.io.TerminateException                                                    : loaded 2 times (x 79B)
Class kotlin.io.FilesKt__FilePathComponentsKt                                         : loaded 2 times (x 68B)
Class kotlin.reflect.KCallable                                                        : loaded 2 times (x 67B)
Class com.amazon.ion.impl.lite.IonSystemLite                                          : loaded 2 times (x 272B)
Class com.google.common.base.Optional                                                 : loaded 2 times (x 77B)
Class org.apache.http.client.methods.HttpEntityEnclosingRequestBase                   : loaded 2 times (x 150B)
Class com.google.common.util.concurrent.AbstractFuture$Trusted                        : loaded 2 times (x 67B)
Class com.google.common.collect.ListMultimap                                          : loaded 2 times (x 67B)
Class com.google.common.base.CharMatcher$RangesMatcher                                : loaded 2 times (x 109B)
Class com.amazon.ion.impl.lite.IonStructLite                                          : loaded 2 times (x 295B)
Class com.amazon.ion.impl._Private_ReaderWriter                                       : loaded 2 times (x 67B)
Class com.amazon.ion.impl.bin.AbstractSymbolTable                                     : loaded 2 times (x 104B)
Class com.amazon.ion.Decimal                                                          : loaded 2 times (x 130B)
Class com.amazon.ion.impl.bin._Private_IonManagedBinaryWriterBuilder$AllocatorMode$1  : loaded 2 times (x 77B)
Class org.jetbrains.plugins.gradle.tooling.serialization.ProjectDependenciesSerializationService$WriteContext: loaded 2 times (x 69B)
Class org.jetbrains.plugins.gradle.tooling.serialization.ProjectDependenciesSerializationService: loaded 2 times (x 74B)
Class kotlin.text.CharsKt                                                             : loaded 2 times (x 68B)
Class org.gradle.tooling.model.kotlin.dsl.KotlinDslScriptModel                        : loaded 2 times (x 67B)
Class org.gradle.tooling.internal.adapter.CollectionMapper                            : loaded 2 times (x 70B)
Class com.google.common.io.ByteSink$AsCharSink                                        : loaded 2 times (x 77B)
Class [Lcom.android.builder.model.v2.ide.LibraryType;                                 : loaded 2 times (x 66B)
Class com.android.builder.model.v2.ide.LibraryType                                    : loaded 2 times (x 76B)
Class com.google.common.util.concurrent.UncheckedExecutionException                   : loaded 2 times (x 79B)
Class com.google.common.collect.ImmutableEnumMap                                      : loaded 2 times (x 122B)
Class com.amazon.ion.impl.lite.IonFloatLite                                           : loaded 2 times (x 183B)
Class com.amazon.ion.impl._Private_IonTextWriterBuilder                               : loaded 2 times (x 98B)
Class com.amazon.ion.impl.bin._Private_IonManagedBinaryWriterBuilder$AllocatorMode$2  : loaded 2 times (x 77B)
Class org.gradle.internal.impldep.gnu.trove.Equality                                  : loaded 2 times (x 67B)
Class com.android.ide.gradle.model.ArtifactIdentifierImpl                             : loaded 2 times (x 74B)
Class com.google.common.collect.ExplicitOrdering                                      : loaded 2 times (x 112B)
Class com.google.common.collect.ImmutableSortedSetFauxverideShim                      : loaded 2 times (x 144B)
Class com.google.common.base.CharMatcher$JavaLetterOrDigit                            : loaded 2 times (x 108B)
Class org.jetbrains.plugins.gradle.ExternalDependencyId                               : loaded 2 times (x 67B)
Class com.amazon.ion.impl._Private_RecyclingStack                                     : loaded 2 times (x 69B)
Class com.amazon.ion.impl._Private_IonReaderBuilder                                   : loaded 2 times (x 92B)
Class com.amazon.ion.IonMutableCatalog                                                : loaded 2 times (x 67B)
Class com.intellij.gradle.toolingExtension.impl.model.buildScriptClasspathModel.GradleBuildScriptClasspathSerializationService$WriteContext: loaded 2 times (x 69B)
Class org.gradle.tooling.internal.adapter.ProtocolToModelAdapter                      : loaded 2 times (x 77B)
Class org.gradle.internal.InternalTransformer                                         : loaded 2 times (x 67B)
Class com.android.builder.model.v2.ide.AndroidGradlePluginProjectFlags$BooleanFlag    : loaded 2 times (x 76B)
Class com.google.common.collect.AbstractMapBasedMultimap$KeySet$1                     : loaded 2 times (x 79B)
Class org.apache.http.client.methods.HttpRequestBase                                  : loaded 2 times (x 142B)
Class org.objectweb.asm.ClassWriter                                                   : loaded 2 times (x 101B)
Class com.google.common.cache.CacheLoader$UnsupportedLoadingOperationException        : loaded 2 times (x 79B)
Class com.android.builder.model.v2.models.AndroidDsl                                  : loaded 2 times (x 67B)
Class org.gradle.internal.impldep.gnu.trove.TObjectCanonicalHashingStrategy           : loaded 2 times (x 77B)
Class kotlin.collections.ArraysKt___ArraysKt$asSequence$$inlined$Sequence$1           : loaded 2 times (x 72B)
Class kotlin.collections.MapsKt__MapsJVMKt                                            : loaded 2 times (x 68B)
Class kotlin.collections.EmptyList                                                    : loaded 2 times (x 171B)
Class org.gradle.internal.time.DefaultTimer                                           : loaded 2 times (x 77B)
Class org.gradle.internal.classloader.ClasspathUtil$1                                 : loaded 2 times (x 73B)
Class com.google.common.collect.FluentIterable$1                                      : loaded 2 times (x 78B)
Class com.google.common.base.Objects                                                  : loaded 2 times (x 68B)
Class org.objectweb.asm.FieldVisitor                                                  : loaded 2 times (x 73B)
Class com.google.common.collect.AbstractIterator$1                                    : loaded 2 times (x 68B)
Class org.gradle.api.internal.classpath.EffectiveClassPath                            : loaded 2 times (x 87B)
Class kotlin.sequences.SequencesKt___SequencesKt$flatMap$2                            : loaded 2 times (x 122B)
Class com.amazon.ion.impl.bin.PooledBlockAllocatorProvider$PooledBlockAllocator$1     : loaded 2 times (x 76B)
Class com.amazon.ion.impl.lite.IonStringLite                                          : loaded 2 times (x 209B)
Class org.gradle.tooling.internal.adapter.ProtocolToModelAdapter$ViewKey              : loaded 2 times (x 69B)
Class org.gradle.api.internal.classpath.DefaultModuleRegistry$DefaultModule           : loaded 2 times (x 83B)
Class com.google.common.reflect.Reflection                                            : loaded 2 times (x 68B)
Class com.google.common.base.Absent                                                   : loaded 2 times (x 77B)
Class com.google.common.collect.FluentIterable$2                                      : loaded 2 times (x 78B)
Class com.android.builder.model.v2.CustomSourceDirectory                              : loaded 2 times (x 67B)
Class com.google.common.primitives.Ints                                               : loaded 2 times (x 68B)
Class com.google.common.collect.Ordering                                              : loaded 2 times (x 111B)
Class com.amazon.ion.impl.bin.Block                                                   : loaded 2 times (x 76B)
Class org.jetbrains.kotlin.idea.gradleTooling.model.lombok.LombokModel                : loaded 2 times (x 67B)
Class com.google.common.collect.NullsFirstOrdering                                    : loaded 2 times (x 112B)
Class kotlin.ResultKt                                                                 : loaded 2 times (x 68B)
Class org.gradle.tooling.internal.adapter.ProtocolToModelAdapter$PropertyCachingMethodInvoker: loaded 2 times (x 73B)
Class com.google.common.collect.FluentIterable$3                                      : loaded 2 times (x 78B)
Class com.android.builder.model.v2.models.ProjectSyncIssues                           : loaded 2 times (x 67B)
Class com.google.common.math.MathPreconditions                                        : loaded 2 times (x 68B)
Class com.google.common.collect.Multiset                                              : loaded 2 times (x 67B)
Class com.google.common.collect.ArrayListMultimapGwtSerializationDependencies         : loaded 2 times (x 169B)
Class org.jetbrains.plugins.gradle.tooling.serialization.internal.IdeaProjectSerializationService: loaded 2 times (x 74B)
Class org.gradle.internal.classloader.ClassLoaderVisitor                              : loaded 2 times (x 73B)
Class com.amazon.ion.impl.bin.utf8.Utf8StringEncoderPool$1                            : loaded 2 times (x 73B)
Class com.amazon.ion.impl.lite.IonLoaderLite                                          : loaded 2 times (x 79B)
Class com.amazon.ion.impl.lite.IonContext                                             : loaded 2 times (x 67B)
Class com.amazon.ion.impl.IonWriterSystemText                                         : loaded 2 times (x 187B)
Class [Lcom.amazon.ion.impl.bin.IonManagedBinaryWriter$ImportedSymbolResolverMode;    : loaded 2 times (x 66B)
Class com.amazon.ion.ValueFactory                                                     : loaded 2 times (x 67B)
Class org.jetbrains.plugins.gradle.model.ExternalTask                                 : loaded 2 times (x 67B)
Class kotlin.collections.ArraysKt__ArraysKt                                           : loaded 2 times (x 68B)
Class kotlin.Result$Failure                                                           : loaded 2 times (x 69B)
Class org.gradle.internal.time.DefaultCountdownTimer                                  : loaded 2 times (x 85B)
Class kotlin.collections.AbstractList$Companion                                       : loaded 2 times (x 68B)
Class com.amazon.ion.impl._Private_IonReaderBuilder$TwoElementSequenceInputStream     : loaded 2 times (x 89B)
Class com.amazon.ion.impl.bin.IonManagedBinaryWriter$SymbolResolver                   : loaded 2 times (x 67B)
Class com.amazon.ion.impl._Private_SymbolToken                                        : loaded 2 times (x 67B)
Class com.amazon.ion.impl.bin._Private_IonManagedBinaryWriterBuilder$AllocatorMode    : loaded 2 times (x 77B)
Class org.jetbrains.plugins.gradle.tooling.util.ObjectCollector                       : loaded 2 times (x 69B)
Class org.jetbrains.plugins.gradle.model.GradleTaskModel                              : loaded 2 times (x 67B)
Class kotlin.collections.SetsKt__SetsJVMKt                                            : loaded 2 times (x 68B)
Class org.gradle.tooling.internal.adapter.ProtocolToModelAdapter$AdaptingMethodInvoker: loaded 2 times (x 73B)
Class org.gradle.tooling.internal.gradle.DefaultBuildIdentifier                       : loaded 2 times (x 76B)
Class kotlin.Function                                                                 : loaded 2 times (x 67B)
Class org.gradle.api.internal.classpath.Module                                        : loaded 2 times (x 67B)
Class com.google.common.cache.Weigher                                                 : loaded 2 times (x 67B)
Class com.amazon.ion.impl._Private_IonReaderBuilder$Mutable                           : loaded 2 times (x 92B)
Class com.intellij.openapi.externalSystem.model.project.IExternalSystemSourceType     : loaded 2 times (x 67B)
Class kotlin.io.FileAlreadyExistsException                                            : loaded 2 times (x 79B)
Class kotlin.internal.ProgressionUtilKt                                               : loaded 2 times (x 68B)
Class org.gradle.api.internal.classpath.UnknownModuleException                        : loaded 2 times (x 79B)
Class org.gradle.cache.GlobalCache                                                    : loaded 2 times (x 67B)
Class com.google.common.base.Stopwatch                                                : loaded 2 times (x 69B)
Class com.google.common.cache.LocalCache$Strength                                     : loaded 2 times (x 78B)
Class com.google.common.cache.Cache                                                   : loaded 2 times (x 67B)
Class org.jetbrains.plugins.gradle.tooling.serialization.ProjectDependenciesSerializationService$ReadContext: loaded 2 times (x 69B)
Class org.gradle.internal.impldep.gnu.trove.TObjectIdentityHashingStrategy            : loaded 2 times (x 75B)
Class com.intellij.openapi.externalSystem.model.project.dependencies.ProjectDependencies: loaded 2 times (x 67B)
Class com.google.common.io.AppendableWriter                                           : loaded 2 times (x 97B)
Class com.google.common.io.Files$2                                                    : loaded 2 times (x 73B)
Class org.apache.commons.io.filefilter.IOFileFilter                                   : loaded 2 times (x 67B)
Class com.google.common.util.concurrent.AbstractFuture$Cancellation                   : loaded 2 times (x 69B)
Class kotlin.sequences.SequencesKt___SequencesKt                                      : loaded 2 times (x 68B)
Class com.google.common.base.NullnessCasts                                            : loaded 2 times (x 68B)
Class com.google.common.collect.Maps$EntryFunction$1                                  : loaded 2 times (x 88B)
Class com.google.common.collect.AbstractMapBasedMultimap$WrappedCollection$WrappedIterator: loaded 2 times (x 81B)
Class com.google.common.base.Present                                                  : loaded 2 times (x 78B)
Class com.android.builder.model.Variant                                               : loaded 2 times (x 67B)
Class com.google.common.cache.RemovalListener                                         : loaded 2 times (x 67B)
Class com.amazon.ion.IonBufferConfiguration                                           : loaded 2 times (x 70B)
Class com.amazon.ion.impl.bin.Symbols                                                 : loaded 2 times (x 68B)
Class org.jetbrains.plugins.gradle.tooling.serialization.RepositoriesModelSerializationService: loaded 2 times (x 79B)
Class com.android.ide.gradle.model.artifacts.AdditionalClassifierArtifactsModel       : loaded 2 times (x 67B)
Class org.gradle.tooling.internal.gradle.GradleProjectIdentity                        : loaded 2 times (x 67B)
Class org.gradle.api.internal.DefaultClassPathRegistry                                : loaded 2 times (x 73B)
Class com.google.common.reflect.Invokable$ConstructorInvokable                        : loaded 2 times (x 104B)
Class com.google.common.collect.Maps$EntryFunction$2                                  : loaded 2 times (x 88B)
Class com.google.common.collect.ImmutableMultimap$Keys                                : loaded 2 times (x 163B)
Class com.android.builder.model.v2.ide.JavaArtifact                                   : loaded 2 times (x 67B)
Class com.android.builder.model.ProjectSyncIssues                                     : loaded 2 times (x 67B)
Class com.google.common.primitives.IntsMethodsForWeb                                  : loaded 2 times (x 68B)
Class com.google.common.collect.ReverseNaturalOrdering                                : loaded 2 times (x 111B)
Class [Lcom.amazon.ion.impl.bin.AbstractIonWriter$WriteValueOptimization;             : loaded 2 times (x 66B)
Class org.jetbrains.plugins.gradle.tooling.serialization.RepositoriesModelSerializationService$ReadContext: loaded 2 times (x 69B)
Class kotlin.ranges.ClosedRange                                                       : loaded 2 times (x 67B)
Class org.gradle.api.internal.ClassPathRegistry                                       : loaded 2 times (x 67B)
Class org.gradle.internal.classpath.DefaultClassPath$ImmutableUniqueList              : loaded 2 times (x 196B)
Class com.google.common.reflect.TypeToken                                             : loaded 2 times (x 70B)
Class com.amazon.ion.impl.bin.IonManagedBinaryWriter$ImportedSymbolResolverMode$2     : loaded 2 times (x 77B)
Class com.google.common.collect.MapMakerInternalMap$Segment                           : loaded 2 times (x 139B)
Class com.google.common.base.ExtraObjectsMethodsForWeb                                : loaded 2 times (x 68B)
Class com.amazon.ion.impl.bin.IonManagedBinaryWriter$UserState                        : loaded 2 times (x 82B)
Class com.amazon.ion.impl._Private_IonWriter                                          : loaded 2 times (x 67B)
Class com.amazon.ion.impl.bin._Private_IonManagedBinaryWriterBuilder                  : loaded 2 times (x 69B)
Class org.jetbrains.plugins.gradle.tooling.serialization.internal.adapter.InternalBuildIdentifier: loaded 2 times (x 72B)
Class com.intellij.gradle.toolingExtension.impl.model.projectModel.GradleExternalProjectSerializationService$WriteContext: loaded 2 times (x 70B)
Class kotlin.text.StringsKt__StringsJVMKt                                             : loaded 2 times (x 68B)
Class kotlin.collections.IntIterator                                                  : loaded 2 times (x 79B)
Class com.google.common.base.CharMatcher$None                                         : loaded 2 times (x 109B)
Class com.google.common.cache.RemovalCause                                            : loaded 2 times (x 77B)
Class com.google.common.io.ByteSink                                                   : loaded 2 times (x 73B)
Class com.android.builder.model.v2.dsl.SigningConfig                                  : loaded 2 times (x 67B)
Class com.android.builder.model.v2.models.AndroidProject                              : loaded 2 times (x 67B)
Class com.android.builder.model.v2.AndroidModel                                       : loaded 2 times (x 67B)
Class com.google.common.cache.CacheBuilder                                            : loaded 2 times (x 69B)
Class org.apache.http.client.methods.HttpUriRequest                                   : loaded 2 times (x 67B)
Class Settings_gradle$1                                                               : loaded 2 times (x 72B)
Class [Lcom.amazon.ion.SymbolToken;                                                   : loaded 2 times (x 66B)
Class kotlin.text.StringsKt__IndentKt                                                 : loaded 2 times (x 68B)
Class kotlin.collections.SetsKt                                                       : loaded 2 times (x 68B)
Class com.google.common.io.ByteSource$ConcatenatedByteSource                          : loaded 2 times (x 82B)
Class org.gradle.internal.classpath.ClassPath                                         : loaded 2 times (x 67B)
Class [Lcom.google.common.reflect.Types$JavaVersion;                                  : loaded 2 times (x 66B)
Class com.google.common.collect.Interners$InternerBuilder                             : loaded 2 times (x 73B)
Class com.google.common.io.Files$FileByteSource                                       : loaded 2 times (x 82B)
Class [Lcom.google.common.collect.AbstractIterator$State;                             : loaded 2 times (x 66B)
Class com.google.common.base.JdkPattern                                               : loaded 2 times (x 72B)
Class org.jetbrains.plugins.gradle.model.ExternalProjectDependency                    : loaded 2 times (x 67B)
Class org.jetbrains.plugins.gradle.tooling.serialization.KotlinDslScriptsModelSerializationService: loaded 2 times (x 78B)
Class kotlin.reflect.KFunction                                                        : loaded 2 times (x 67B)
Class kotlin.collections.ArrayDeque                                                   : loaded 2 times (x 204B)
Class com.google.common.io.CharStreams$NullWriter                                     : loaded 2 times (x 96B)
Class com.google.common.io.CharSource$CharSequenceCharSource                          : loaded 2 times (x 83B)
Class org.objectweb.asm.SymbolTable$Entry                                             : loaded 2 times (x 71B)
Class com.google.common.util.concurrent.AbstractFuture$AtomicHelper                   : loaded 2 times (x 75B)
Class com.amazon.ion.impl.bin.IonRawBinaryWriter$PatchList$Node                       : loaded 2 times (x 69B)
Class com.amazon.ion.system.IonSystemBuilder$Mutable                                  : loaded 2 times (x 72B)
Class com.amazon.ion.impl.bin.IonManagedBinaryWriter$SymbolResolverBuilder            : loaded 2 times (x 67B)
Class org.jetbrains.plugins.gradle.tooling.serialization.ExternalTestsSerializationService$WriteContext: loaded 2 times (x 69B)
Class org.jetbrains.kotlin.idea.gradleTooling.KotlinGradleModel                       : loaded 2 times (x 67B)
Class kotlin.collections.MapsKt__MapsKt                                               : loaded 2 times (x 68B)
Class kotlin.jvm.internal.Lambda                                                      : loaded 2 times (x 72B)
Class com.android.builder.model.v2.ide.Variant                                        : loaded 2 times (x 67B)
Class org.objectweb.asm.Edge                                                          : loaded 2 times (x 69B)
Class com.google.common.base.Suppliers$SupplierOfInstance                             : loaded 2 times (x 76B)
Class org.gradle.internal.classloader.DefaultClassLoaderFactory                       : loaded 2 times (x 79B)
Class com.amazon.ion.impl.bin.IonManagedBinaryWriter$LocalSymbolTableView             : loaded 2 times (x 104B)
Class com.android.ide.gradle.model.ArtifactIdentifier                                 : loaded 2 times (x 67B)
Class org.gradle.tooling.model.Model                                                  : loaded 2 times (x 67B)
Class com.google.common.reflect.TypeToken$1                                           : loaded 2 times (x 107B)
Class com.google.common.cache.LocalCache$ComputingValueReference                      : loaded 2 times (x 93B)
Class org.jetbrains.kotlin.idea.gradleTooling.model.noarg.NoArgModel                  : loaded 2 times (x 67B)
Class com.intellij.util.containers.IntObjectHashMap$ArrayProducer                     : loaded 2 times (x 67B)
Class com.amazon.ion.impl.bin.IonRawBinaryWriter$PatchList                            : loaded 2 times (x 82B)
Class com.amazon.ion.UnknownSymbolException                                           : loaded 2 times (x 83B)
Class com.android.ide.gradle.model.composites.BuildMap                                : loaded 2 times (x 67B)
Class kotlin.Metadata                                                                 : loaded 2 times (x 67B)
Class kotlin.UninitializedPropertyAccessException                                     : loaded 2 times (x 79B)
Class com.google.common.reflect.TypeToken$2                                           : loaded 2 times (x 107B)
Class com.google.common.collect.AbstractMapBasedMultimap$AsMap$AsMapEntries           : loaded 2 times (x 135B)
Class com.android.builder.model.v2.ide.Library                                        : loaded 2 times (x 67B)
Class com.android.builder.model.v2.ide.ArtifactDependenciesAdjacencyList              : loaded 2 times (x 67B)
Class com.android.builder.model.v2.models.Versions                                    : loaded 2 times (x 67B)
Class com.google.common.cache.LocalCache$Segment                                      : loaded 2 times (x 151B)
Class org.jetbrains.kotlin.idea.gradleTooling.model.annotation.AnnotationBasedPluginModel: loaded 2 times (x 67B)
Class org.jetbrains.plugins.gradle.model.IntelliJProjectSettings                      : loaded 2 times (x 67B)
Class kotlin.sequences.SequencesKt___SequencesKt$filterNotNull$1                      : loaded 2 times (x 75B)
Class org.gradle.tooling.internal.adapter.ProtocolToModelAdapter$MethodInvocationCache: loaded 2 times (x 70B)
Class com.amazon.ion.impl.bin.IonManagedBinaryWriter$ImportedSymbolResolverMode$1     : loaded 2 times (x 77B)
Class com.android.builder.model.v2.models.ndk.NativeModule                            : loaded 2 times (x 67B)
Class [Lorg.objectweb.asm.SymbolTable$Entry;                                          : loaded 2 times (x 66B)
Class com.google.common.cache.CacheLoader                                             : loaded 2 times (x 71B)
Class com.amazon.ion.impl.lite.IonSymbolLite                                          : loaded 2 times (x 243B)
Class org.jetbrains.kotlin.idea.gradleTooling.AndroidAwareGradleModelProvider$Companion: loaded 2 times (x 68B)
Class com.google.common.collect.AbstractListMultimap                                  : loaded 2 times (x 169B)
Class org.jetbrains.plugins.gradle.model.ExternalDependency                           : loaded 2 times (x 67B)
Class com.intellij.util.containers.IntObjectHashMap                                   : loaded 2 times (x 69B)
Class org.gradle.internal.installation.GradleInstallation$1                           : loaded 2 times (x 72B)
Class org.gradle.api.internal.classpath.ModuleRegistry                                : loaded 2 times (x 67B)
Class com.android.builder.model.v2.ide.PrivacySandboxSdkInfo                          : loaded 2 times (x 67B)
Class com.google.common.util.concurrent.internal.InternalFutureFailureAccess          : loaded 2 times (x 69B)
Class [Lcom.amazon.ion.impl.bin.IonRawBinaryWriter$StreamCloseMode;                   : loaded 2 times (x 66B)
Class com.google.common.collect.ImmutableSet$JdkBackedSetBuilderImpl                  : loaded 2 times (x 73B)
Class com.google.common.base.Splitter$SplittingIterator                               : loaded 2 times (x 81B)
Class com.amazon.ion.impl.bin.IonManagedBinaryWriter$SymbolState$1                    : loaded 2 times (x 77B)
Class com.amazon.ion.impl.LocalSymbolTableAsStruct$Factory                            : loaded 2 times (x 76B)
Class [Lcom.amazon.ion.IonType;                                                       : loaded 2 times (x 66B)
Class com.intellij.gradle.toolingExtension.impl.model.sourceSetDependencyModel.GradleSourceSetDependencySerialisationService$SourceSetDependencyModelReadContext: loaded 2 times (x 69B)
Class com.intellij.gradle.toolingExtension.impl.model.dependencyModel.DependencyReadContext: loaded 2 times (x 69B)
Class org.jetbrains.plugins.gradle.model.VersionCatalogsModel                         : loaded 2 times (x 67B)
Class com.intellij.gradle.toolingExtension.impl.model.taskIndex.GradleTaskRequest     : loaded 2 times (x 67B)
Class org.gradle.tooling.internal.adapter.ObjectGraphAdapter                          : loaded 2 times (x 67B)
Class com.google.common.collect.Iterators$6                                           : loaded 2 times (x 78B)
Class com.google.common.io.Closer$SuppressingSuppressor                               : loaded 2 times (x 72B)
Class com.google.common.collect.ImmutableMultimap$Values                              : loaded 2 times (x 123B)
Class com.google.common.util.concurrent.AbstractFuture$UnsafeAtomicHelper             : loaded 2 times (x 75B)
Class com.google.common.cache.LocalCache$LocalManualCache$1                           : loaded 2 times (x 72B)
Class com.google.common.base.Suppliers                                                : loaded 2 times (x 68B)
Class com.amazon.ion.impl.bin.IonManagedBinaryWriter$SymbolState$2                    : loaded 2 times (x 77B)
Class org.jetbrains.plugins.gradle.model.ProjectImportModelProvider                   : loaded 2 times (x 67B)
Class com.amazon.ion.IonNull                                                          : loaded 2 times (x 67B)
Class com.android.ide.gradle.model.LegacyAndroidGradlePluginPropertiesModelParameters : loaded 2 times (x 67B)
Class com.google.common.collect.ImmutableSortedAsList                                 : loaded 2 times (x 218B)
Class kotlin.coroutines.intrinsics.IntrinsicsKt__IntrinsicsKt                         : loaded 2 times (x 68B)
Class com.google.common.collect.Multimaps$CustomSetMultimap                           : loaded 2 times (x 175B)
Class com.android.builder.model.v2.models.ModelBuilderParameter                       : loaded 2 times (x 67B)
Class [Lcom.google.common.cache.CacheBuilder$OneWeigher;                              : loaded 2 times (x 66B)
Class com.google.common.base.Platform$JdkPatternCompiler                              : loaded 2 times (x 72B)
Class com.amazon.ion.impl.bin.IonRawBinaryWriter$ContainerInfo                        : loaded 2 times (x 73B)
Class com.amazon.ion.impl.bin.IonManagedBinaryWriter$SymbolState$3                    : loaded 2 times (x 77B)
Class com.amazon.ion.impl.bin.IonRawBinaryWriter$StreamFlushMode                      : loaded 2 times (x 76B)
Class com.amazon.ion.IonBinaryWriter                                                  : loaded 2 times (x 67B)
Class com.intellij.gradle.toolingExtension.impl.model.sourceSetArtifactIndex.GradleSourceSetArtifactBuildRequest: loaded 2 times (x 67B)
Class kotlin.io.FilesKt__UtilsKt                                                      : loaded 2 times (x 68B)
Class com.google.common.collect.Lists$TransformingRandomAccessList                    : loaded 2 times (x 196B)
Class kotlin.collections.CollectionsKt__CollectionsJVMKt                              : loaded 2 times (x 68B)
Class org.gradle.api.internal.classpath.DefaultModuleRegistry                         : loaded 2 times (x 83B)
Class org.apache.http.message.AbstractHttpMessage                                     : loaded 2 times (x 105B)
Class com.google.common.util.concurrent.ListenableFuture                              : loaded 2 times (x 67B)
Class com.google.common.cache.ReferenceEntry                                          : loaded 2 times (x 67B)
Class org.objectweb.asm.MethodTooLargeException                                       : loaded 2 times (x 80B)
Class com.google.common.base.Converter                                                : loaded 2 times (x 87B)
Class com.google.common.collect.MapMakerInternalMap$Strength                          : loaded 2 times (x 77B)
Class com.google.common.base.CharMatcher$Any                                          : loaded 2 times (x 109B)
Class com.amazon.ion.impl.bin.IonManagedBinaryWriter$SymbolState$4                    : loaded 2 times (x 77B)
Class org.jetbrains.plugins.gradle.tooling.serialization.internal.IdeaProjectSerializationService$WriteContext$1: loaded 2 times (x 80B)
Class org.jetbrains.plugins.gradle.model.ExternalProject                              : loaded 2 times (x 67B)
Class kotlin.collections.CollectionsKt__IteratorsKt                                   : loaded 2 times (x 68B)
Class kotlin.sequences.SequencesKt                                                    : loaded 2 times (x 68B)
Class [Lcom.android.builder.model.v2.ide.CodeShrinker;                                : loaded 2 times (x 66B)
Class com.google.common.util.concurrent.AbstractFuture                                : loaded 2 times (x 103B)
Class com.google.common.base.FunctionalEquivalence                                    : loaded 2 times (x 80B)
Class org.gradle.internal.operations.MultipleBuildOperationFailures                   : loaded 2 times (x 92B)
Class com.google.common.collect.AbstractMapBasedMultimap                              : loaded 2 times (x 136B)
Class org.gradle.tooling.internal.adapter.MethodInvocation                            : loaded 2 times (x 82B)
Class com.amazon.ion.impl.bin.utf8.Pool                                               : loaded 2 times (x 71B)
Class com.amazon.ion.impl._Private_SymtabExtendsCache                                 : loaded 2 times (x 69B)
Class org.jetbrains.plugins.gradle.tooling.serialization.internal.IdeaProjectSerializationService$WriteContext$2: loaded 2 times (x 80B)
Class kotlin.text.StringsKt                                                           : loaded 2 times (x 68B)
Class com.google.common.reflect.TypeResolver$TypeTable                                : loaded 2 times (x 70B)
Class com.google.common.io.CharStreams                                                : loaded 2 times (x 68B)
Class com.google.common.collect.ImmutableMultiset                                     : loaded 2 times (x 160B)
Class org.apache.http.client.methods.AbortableHttpRequest                             : loaded 2 times (x 67B)
Class org.objectweb.asm.RecordComponentVisitor                                        : loaded 2 times (x 74B)
Class com.google.common.cache.CacheLoader$SupplierToCacheLoader                       : loaded 2 times (x 72B)
Class com.amazon.ion.impl._Private_IonSymbol                                          : loaded 2 times (x 67B)
Class com.amazon.ion.impl.lite.IonValueLite                                           : loaded 2 times (x 144B)
Class com.amazon.ion.IonContainer                                                     : loaded 2 times (x 67B)
Class com.amazon.ion.impl.bin.PooledBlockAllocatorProvider                            : loaded 2 times (x 70B)
Class org.jetbrains.plugins.gradle.tooling.serialization.AnnotationProcessingModelSerializationService$ReadContext: loaded 2 times (x 69B)
Class org.jetbrains.plugins.gradle.tooling.serialization.internal.IdeaProjectSerializationService$WriteContext$3: loaded 2 times (x 80B)
Class com.android.ide.gradle.model.artifacts.AdditionalClassifierArtifacts            : loaded 2 times (x 67B)
Class org.gradle.util.internal.DefaultGradleVersion$Stage                             : loaded 2 times (x 72B)
Class kotlin.coroutines.jvm.internal.RestrictedContinuationImpl                       : loaded 2 times (x 84B)
Class com.google.common.reflect.TypeResolver$TypeTable$1                              : loaded 2 times (x 70B)
Class com.google.common.collect.Maps$EntryTransformer                                 : loaded 2 times (x 67B)
Class org.jetbrains.kotlin.idea.gradleTooling.AndroidAwareGradleModelProvider         : loaded 2 times (x 80B)
Class org.jetbrains.plugins.gradle.tooling.serialization.internal.IdeaProjectSerializationService$WriteContext$4: loaded 2 times (x 80B)
Class com.intellij.gradle.toolingExtension.impl.model.sourceSetDependencyModel.GradleSourceSetDependencySerialisationService$Companion: loaded 2 times (x 68B)
Class [Lkotlin.Pair;                                                                  : loaded 2 times (x 66B)
Class kotlin.text.StringsKt__StringNumberConversionsKt                                : loaded 2 times (x 68B)
Class kotlin.io.FilesKt__FileReadWriteKt                                              : loaded 2 times (x 68B)
Class com.google.common.collect.UsingToStringOrdering                                 : loaded 2 times (x 111B)
Class kotlin.jvm.internal.markers.KMutableList                                        : loaded 2 times (x 67B)
Class org.gradle.internal.time.MonotonicClock                                         : loaded 2 times (x 74B)
Class org.gradle.internal.service.ServiceLookupException                              : loaded 2 times (x 79B)
Class kotlin.sequences.TransformingSequence                                           : loaded 2 times (x 72B)
Class com.google.common.collect.Lists$ReverseList                                     : loaded 2 times (x 197B)
Class [Lcom.google.common.cache.LocalCache$EntryFactory;                              : loaded 2 times (x 66B)
Class com.intellij.util.ThrowableConsumer                                             : loaded 2 times (x 67B)
Class com.amazon.ion.BufferConfiguration$Builder                                      : loaded 2 times (x 75B)
Class org.jetbrains.plugins.gradle.tooling.serialization.internal.IdeaProjectSerializationService$WriteContext$5: loaded 2 times (x 80B)
Class com.intellij.gradle.toolingExtension.impl.model.sourceSetDependencyModel.GradleSourceSetDependencySerialisationService$SourceSetDependencyModelWriteContext: loaded 2 times (x 69B)
Class org.gradle.internal.classloader.ClassLoaderFactory                              : loaded 2 times (x 67B)
Class com.android.builder.model.v2.ide.LibraryInfo                                    : loaded 2 times (x 67B)
Class com.google.common.cache.LocalCache$LocalManualCache                             : loaded 2 times (x 96B)
Class org.objectweb.asm.ClassVisitor                                                  : loaded 2 times (x 84B)
Class com.google.common.base.CommonPattern                                            : loaded 2 times (x 71B)
Class com.amazon.ion.impl.bin.IntList                                                 : loaded 2 times (x 74B)
Class com.amazon.ion.impl.lite._Private_LiteDomTrampoline                             : loaded 2 times (x 68B)
Class com.amazon.ion.IonType                                                          : loaded 2 times (x 76B)
Class org.jetbrains.plugins.gradle.tooling.serialization.internal.IdeaProjectSerializationService$WriteContext$6: loaded 2 times (x 80B)
Class org.jetbrains.plugins.gradle.tooling.util.IntObjectMap                          : loaded 2 times (x 70B)
Class org.gradle.internal.service.CachingServiceLocator                               : loaded 2 times (x 79B)
Class [Lorg.objectweb.asm.Symbol;                                                     : loaded 2 times (x 66B)
Class com.google.common.collect.Streams                                               : loaded 2 times (x 68B)
Class com.google.common.collect.AbstractMapBasedMultimap$KeySet                       : loaded 2 times (x 134B)
Class com.google.common.math.IntMath                                                  : loaded 2 times (x 68B)
Class com.amazon.ion.impl.lite.ValueFactoryLite                                       : loaded 2 times (x 215B)
Class org.jetbrains.plugins.gradle.tooling.serialization.internal.IdeaProjectSerializationService$WriteContext$7: loaded 2 times (x 80B)
Class org.jetbrains.plugins.gradle.model.RepositoryModels                             : loaded 2 times (x 67B)
Class ijInit1_bi8zhmqyl0a144x0345zvd4rg                                               : loaded 2 times (x 176B)
Class kotlin.jvm.internal.CallableReference                                           : loaded 2 times (x 103B)
Class com.google.common.reflect.Types$TypeVariableInvocationHandler                   : loaded 2 times (x 72B)
Class com.google.common.collect.MapMakerInternalMap$InternalEntry                     : loaded 2 times (x 67B)
Class com.google.common.collect.Iterators$10                                          : loaded 2 times (x 78B)
Class com.android.utils.FileUtils                                                     : loaded 2 times (x 68B)
Class com.google.common.base.CharMatcher$JavaDigit                                    : loaded 2 times (x 108B)
Class com.amazon.ion.impl.bin.WriteBuffer                                             : loaded 2 times (x 75B)
Class com.amazon.ion.impl.bin.IonManagedBinaryWriter                                  : loaded 2 times (x 163B)
Class org.jetbrains.plugins.gradle.tooling.serialization.internal.IdeaProjectSerializationService$WriteContext$8: loaded 2 times (x 80B)
Class [Lorg.gradle.api.JavaVersion;                                                   : loaded 2 times (x 66B)
Class kotlin.ranges.IntRange                                                          : loaded 2 times (x 90B)
Class org.gradle.tooling.model.idea.IdeaDependencyScope                               : loaded 2 times (x 67B)
Class org.gradle.internal.time.TimeSource                                             : loaded 2 times (x 67B)
Class org.gradle.tooling.model.kotlin.dsl.KotlinDslScriptsModel                       : loaded 2 times (x 67B)
Class com.google.common.base.Predicates                                               : loaded 2 times (x 68B)
Class com.android.builder.model.v2.ide.AaptOptions$Namespacing                        : loaded 2 times (x 76B)
Class com.android.builder.model.v2.ide.TestInfo                                       : loaded 2 times (x 67B)
Class com.google.common.base.Equivalence                                              : loaded 2 times (x 79B)
Class com.google.common.cache.LocalCache$Values                                       : loaded 2 times (x 115B)
Class com.google.common.reflect.TypeCapture                                           : loaded 2 times (x 68B)
Class com.amazon.ion.impl.lite.IonBlobLite                                            : loaded 2 times (x 216B)
Class com.amazon.ion.impl.LocalSymbolTable                                            : loaded 2 times (x 118B)
Class org.jetbrains.plugins.gradle.tooling.serialization.SerializationService         : loaded 2 times (x 67B)
Class org.gradle.tooling.internal.gradle.GradleBuildIdentity                          : loaded 2 times (x 67B)
Class kotlin.enums.EnumEntries                                                        : loaded 2 times (x 67B)
Class com.android.builder.model.v2.ide.JavaCompileOptions                             : loaded 2 times (x 67B)
Class com.google.common.collect.IndexedImmutableSet$1                                 : loaded 2 times (x 209B)
Class com.google.common.cache.CacheBuilder$OneWeigher                                 : loaded 2 times (x 79B)
Class org.gradle.tooling.internal.adapter.TargetTypeProvider                          : loaded 2 times (x 67B)
Class com.amazon.ion.IonList                                                          : loaded 2 times (x 67B)
Class org.jetbrains.plugins.gradle.tooling.serialization.internal.adapter.Supplier    : loaded 2 times (x 67B)
Class org.gradle.tooling.internal.adapter.ProtocolToModelAdapter$MixInMappingAction   : loaded 2 times (x 77B)
Class org.gradle.internal.exceptions.ResolutionProvider                               : loaded 2 times (x 67B)
Class com.google.common.reflect.Types$ClassOwnership$1LocalClass                      : loaded 2 times (x 68B)
Class com.google.common.collect.Maps$EntryFunction                                    : loaded 2 times (x 88B)
Class com.google.common.collect.ImmutableBiMapFauxverideShim                          : loaded 2 times (x 117B)
Class com.amazon.ion.IonSystem                                                        : loaded 2 times (x 67B)
Class com.amazon.ion.impl.bin.IonManagedBinaryWriter$ImportedSymbolContext            : loaded 2 times (x 69B)
Class sync_studio_tooling2_bmrpsnw6y3ufk5784ivwhuq8y                                  : loaded 2 times (x 176B)
Class org.gradle.tooling.model.idea.IdeaCompilerOutput                                : loaded 2 times (x 67B)
Class org.gradle.tooling.model.ProjectIdentifier                                      : loaded 2 times (x 67B)
Class org.gradle.internal.classloader.ClasspathUtil                                   : loaded 2 times (x 68B)
Class com.android.builder.model.v2.ide.ComponentInfo                                  : loaded 2 times (x 67B)
Class com.google.common.base.Charsets                                                 : loaded 2 times (x 68B)
Class com.google.common.util.concurrent.Uninterruptibles                              : loaded 2 times (x 68B)
Class com.android.builder.model.v2.ide.ProjectType                                    : loaded 2 times (x 76B)
Class com.intellij.gradle.toolingExtension.impl.model.sourceSetModel.GradleSourceSetSerialisationService: loaded 2 times (x 74B)
Class kotlin.io.FileSystemException                                                   : loaded 2 times (x 79B)
Class com.google.common.collect.AbstractMapBasedMultimap$WrappedSet                   : loaded 2 times (x 139B)
Class com.google.common.io.CharSource                                                 : loaded 2 times (x 82B)
Class com.android.builder.model.v2.dsl.BaseConfig                                     : loaded 2 times (x 67B)
Class com.google.common.collect.Maps                                                  : loaded 2 times (x 68B)
Class com.google.common.base.CharMatcher$JavaUpperCase                                : loaded 2 times (x 108B)
Class com.amazon.ion.impl.lite.IonIntLite                                             : loaded 2 times (x 186B)
Class com.amazon.ion.util._Private_FastAppendable                                     : loaded 2 times (x 67B)
Class [Lcom.amazon.ion.impl.bin.IonRawBinaryWriter$PreallocationMode;                 : loaded 2 times (x 66B)
Class org.gradle.internal.time.TimeSource$1                                           : loaded 2 times (x 74B)
Class kotlin.jvm.internal.DefaultConstructorMarker                                    : loaded 2 times (x 68B)
Class org.gradle.api.specs.Spec                                                       : loaded 2 times (x 67B)
Class com.google.common.reflect.Types$JavaVersion                                     : loaded 2 times (x 80B)
Class com.google.common.collect.MapMaker                                              : loaded 2 times (x 69B)
Class kotlin.ranges.IntProgression$Companion                                          : loaded 2 times (x 68B)
Class com.amazon.ion.impl.lite.IonSexpLite                                            : loaded 2 times (x 487B)
Class com.amazon.ion.impl.lite.IonListLite                                            : loaded 2 times (x 487B)
Class com.amazon.ion.IonFloat                                                         : loaded 2 times (x 67B)
Class com.google.common.cache.LocalCache$LoadingValueReference                        : loaded 2 times (x 93B)
Class com.amazon.ion.impl.LocalSymbolTable$Factory                                    : loaded 2 times (x 74B)
Class com.amazon.ion.impl.bin.IonManagedBinaryWriter$ImportedSymbolResolverMode       : loaded 2 times (x 77B)
Class com.intellij.gradle.toolingExtension.impl.model.buildScriptClasspathModel.GradleBuildScriptClasspathSerializationService: loaded 2 times (x 74B)
Class kotlin.jvm.internal.ArrayIterator                                               : loaded 2 times (x 76B)
Class Build_gradle$1                                                                  : loaded 2 times (x 71B)
Class com.google.common.reflect.Invokable$MethodInvokable                             : loaded 2 times (x 104B)
Class com.google.common.collect.MapMakerInternalMap$StrongKeyDummyValueEntry          : loaded 2 times (x 81B)
Class com.google.common.io.LineReader$1                                               : loaded 2 times (x 72B)
Class com.google.common.collect.CollectSpliterators                                   : loaded 2 times (x 68B)
Class com.google.common.collect.AbstractMapBasedMultimap$AsMap                        : loaded 2 times (x 125B)
Class com.google.common.base.Platform                                                 : loaded 2 times (x 68B)
Class com.amazon.ion.impl.LocalSymbolTableAsStruct                                    : loaded 2 times (x 123B)
Class com.amazon.ion.impl.lite.IonTimestampLite                                       : loaded 2 times (x 189B)
Class org.jetbrains.plugins.gradle.model.FileCollectionDependency                     : loaded 2 times (x 67B)
Class org.gradle.internal.impldep.gnu.trove.TObjectHashingStrategy                    : loaded 2 times (x 67B)
Class com.intellij.gradle.toolingExtension.impl.model.utilDummyModel.DummyModel       : loaded 2 times (x 67B)
Class kotlin.collections.EmptyIterator                                                : loaded 2 times (x 86B)
Class kotlin.text.StringsKt__RegexExtensionsKt                                        : loaded 2 times (x 68B)
Class org.gradle.internal.time.Clock                                                  : loaded 2 times (x 67B)
Class Build_gradle$2                                                                  : loaded 2 times (x 75B)
Class com.google.common.collect.AbstractMapBasedMultimap$WrappedList                  : loaded 2 times (x 202B)
Class com.android.builder.model.v2.dsl.ProductFlavor                                  : loaded 2 times (x 67B)
Class [Lcom.android.builder.model.v2.ide.TestInfo$Execution;                          : loaded 2 times (x 66B)
Class [Lorg.objectweb.asm.AnnotationWriter;                                           : loaded 2 times (x 66B)
Class com.google.common.primitives.Ints$IntConverter                                  : loaded 2 times (x 87B)
Class com.google.common.collect.Maps$8                                                : loaded 2 times (x 79B)
Class com.amazon.ion.IonString                                                        : loaded 2 times (x 67B)
Class org.jetbrains.plugins.gradle.model.jar.JarTaskManifestConfiguration             : loaded 2 times (x 67B)
Class org.jetbrains.plugins.gradle.model.GradleSourceSetDependencyModel               : loaded 2 times (x 67B)
Class kotlin.io.FilePathComponents                                                    : loaded 2 times (x 69B)
Class com.google.common.collect.CompoundOrdering                                      : loaded 2 times (x 112B)
Class kotlin.sequences.SequencesKt__SequencesJVMKt                                    : loaded 2 times (x 68B)
Class kotlin.coroutines.jvm.internal.RestrictedSuspendLambda                          : loaded 2 times (x 88B)
Class org.gradle.tooling.internal.adapter.TypeInspector                               : loaded 2 times (x 70B)
Class org.gradle.tooling.internal.adapter.ProtocolToModelAdapter$NoOpDecoration       : loaded 2 times (x 76B)
Class org.gradle.tooling.model.Element                                                : loaded 2 times (x 67B)
Class kotlin.collections.AbstractList                                                 : loaded 2 times (x 194B)
Class kotlin.collections.AbstractCollection                                           : loaded 2 times (x 114B)
Class com.google.common.base.Predicates$CompositionPredicate                          : loaded 2 times (x 85B)
Class [Lcom.google.common.collect.Iterators$EmptyModifiableIterator;                  : loaded 2 times (x 66B)
Class org.jetbrains.plugins.gradle.model.AnnotationProcessingModel                    : loaded 2 times (x 67B)
Class com.google.common.collect.Lists$ReverseList$1                                   : loaded 2 times (x 96B)
Class com.google.common.collect.Sets$SetView                                          : loaded 2 times (x 135B)
Class com.google.common.cache.LocalCache$StrongValueReference                         : loaded 2 times (x 87B)
Class com.google.common.util.concurrent.AbstractFuture$SynchronizedHelper             : loaded 2 times (x 75B)
Class com.google.common.base.CharMatcher$Invisible                                    : loaded 2 times (x 109B)
Class com.amazon.ion.BufferConfiguration                                              : loaded 2 times (x 70B)
Class com.amazon.ion.system.SimpleCatalog                                             : loaded 2 times (x 88B)
Class com.intellij.gradle.toolingExtension.impl.model.taskModel.GradleTaskSerialisationService: loaded 2 times (x 73B)
Class com.android.ide.gradle.model.LegacyV1AgpVersionModel                            : loaded 2 times (x 67B)
Class kotlin.text.StringsKt__StringBuilderJVMKt                                       : loaded 2 times (x 68B)
Class kotlin.text.Regex                                                               : loaded 2 times (x 69B)
Class kotlin.sequences.SequencesKt__SequenceBuilderKt$sequence$$inlined$Sequence$1    : loaded 2 times (x 72B)
Class com.google.common.graph.SuccessorsFunction                                      : loaded 2 times (x 67B)
Class org.objectweb.asm.Type                                                          : loaded 2 times (x 69B)
Class org.jetbrains.plugins.gradle.tooling.util.IntObjectMap$1                        : loaded 2 times (x 74B)
Class org.gradle.internal.impldep.com.google.common.base.Preconditions                : loaded 2 times (x 68B)
Class org.gradle.tooling.model.internal.ImmutableDomainObjectSet                      : loaded 2 times (x 152B)
Class org.gradle.internal.classloader.VisitableURLClassLoader$InstrumentingVisitableURLClassLoader: loaded 2 times (x 120B)
Class com.google.common.collect.MapMakerInternalMap$StrongKeyDummyValueEntry$Helper   : loaded 2 times (x 76B)
Class com.google.common.io.Files$FileByteSink                                         : loaded 2 times (x 74B)
Class com.android.builder.model.v2.ide.AndroidGradlePluginProjectFlags                : loaded 2 times (x 67B)
Class [Lcom.android.builder.model.v2.ide.AndroidGradlePluginProjectFlags$BooleanFlag; : loaded 2 times (x 66B)
Class com.android.builder.model.v2.ide.BasicVariant                                   : loaded 2 times (x 67B)
Class org.objectweb.asm.ByteVector                                                    : loaded 2 times (x 75B)
Class [Lcom.google.common.cache.CacheBuilder$NullListener;                            : loaded 2 times (x 66B)
Class com.google.common.math.IntMath$1                                                : loaded 2 times (x 68B)
Class [Lcom.amazon.ion.impl.bin.IonRawBinaryWriter$StreamFlushMode;                   : loaded 2 times (x 66B)
Class com.amazon.ion.UnsupportedIonVersionException                                   : loaded 2 times (x 82B)
Class kotlin.comparisons.ComparisonsKt__ComparisonsKt                                 : loaded 2 times (x 68B)
Class kotlin.ranges.RangesKt__RangesKt                                                : loaded 2 times (x 68B)
Class kotlin.collections.SetsKt___SetsKt                                              : loaded 2 times (x 68B)
Class kotlin.sequences.SequencesKt__SequencesKt                                       : loaded 2 times (x 68B)
Class kotlin.coroutines.Continuation                                                  : loaded 2 times (x 67B)
Class org.gradle.internal.classloader.VisitableURLClassLoader$Spec                    : loaded 2 times (x 71B)
Class org.gradle.internal.classpath.DefaultClassPath                                  : loaded 2 times (x 87B)
Class com.google.common.reflect.Types$ClassOwnership                                  : loaded 2 times (x 77B)
Class com.android.builder.model.v2.ide.BundleInfo                                     : loaded 2 times (x 67B)
Class com.android.builder.model.v2.ide.SourceProvider                                 : loaded 2 times (x 67B)
Class org.objectweb.asm.Symbol                                                        : loaded 2 times (x 70B)
Class com.google.common.base.AbstractIterator                                         : loaded 2 times (x 77B)
Class com.amazon.ion.impl.bin.IonManagedBinaryWriter$SymbolState                      : loaded 2 times (x 77B)
Class com.amazon.ion.IonStruct                                                        : loaded 2 times (x 67B)
Class org.jetbrains.plugins.gradle.model.GradleBuildScriptClasspathModel              : loaded 2 times (x 67B)
Class kotlin.text.CharsKt__CharJVMKt                                                  : loaded 2 times (x 68B)
Class kotlin.sequences.FilteringSequence                                              : loaded 2 times (x 72B)
Class kotlin.comparisons.ComparisonsKt                                                : loaded 2 times (x 68B)
Class kotlin.comparisons.ComparisonsKt___ComparisonsKt                                : loaded 2 times (x 68B)
Class kotlin.coroutines.jvm.internal.BaseContinuationImpl                             : loaded 2 times (x 84B)
Class kotlin.Result$Companion                                                         : loaded 2 times (x 68B)
Class org.gradle.util.internal.DefaultGradleVersion                                   : loaded 2 times (x 81B)
Class com.google.common.collect.Sets$FilteredSet                                      : loaded 2 times (x 134B)
Class com.google.common.io.Java8Compatibility                                         : loaded 2 times (x 68B)
Class com.google.common.io.Closer                                                     : loaded 2 times (x 75B)
Class org.jetbrains.plugins.gradle.model.GradleExtensions                             : loaded 2 times (x 67B)
Class com.amazon.ion.system.IonBinaryWriterBuilder                                    : loaded 2 times (x 94B)
Class com.google.common.base.CharMatcher$Ascii                                        : loaded 2 times (x 109B)
Class com.amazon.ion.impl.bin.IonManagedBinaryWriter$UserState$4                      : loaded 2 times (x 82B)
Class org.gradle.internal.classloader.ClassLoaderSpec                                 : loaded 2 times (x 68B)
Class com.google.common.io.ByteSource$EmptyByteSource                                 : loaded 2 times (x 82B)
Class org.objectweb.asm.AnnotationWriter                                              : loaded 2 times (x 75B)
Class com.google.common.cache.CacheStats                                              : loaded 2 times (x 68B)
Class com.amazon.ion.impl.IonWriterSystemTextMarkup                                   : loaded 2 times (x 189B)
Class com.amazon.ion.impl.bin.BlockAllocator                                          : loaded 2 times (x 77B)
Class kotlin.jvm.internal.FunctionReferenceImpl                                       : loaded 2 times (x 119B)
Class kotlin.collections.CollectionsKt___CollectionsJvmKt                             : loaded 2 times (x 68B)
Class com.google.common.collect.Interners                                             : loaded 2 times (x 68B)
Class com.google.common.io.Closer$Suppressor                                          : loaded 2 times (x 67B)
Class com.google.common.io.LineProcessor                                              : loaded 2 times (x 67B)
Class com.google.common.collect.ImmutableMultisetGwtSerializationDependencies         : loaded 2 times (x 122B)
Class org.objectweb.asm.RecordComponentWriter                                         : loaded 2 times (x 75B)
Class [Lcom.android.builder.model.v2.ide.ProjectType;                                 : loaded 2 times (x 66B)
Class com.google.common.util.concurrent.AbstractFuture$Listener                       : loaded 2 times (x 69B)
Class org.jetbrains.plugins.gradle.model.UnresolvedExternalDependency                 : loaded 2 times (x 67B)
Class Settings_gradle$1$1                                                             : loaded 2 times (x 72B)
Class com.amazon.ion.system.IonWriterBuilderBase                                      : loaded 2 times (x 80B)
Class kotlin.TuplesKt                                                                 : loaded 2 times (x 68B)
Class kotlin.jvm.internal.markers.KMutableIterable                                    : loaded 2 times (x 67B)
Class kotlin.sequences.SequencesKt___SequencesJvmKt                                   : loaded 2 times (x 68B)
Class kotlin.Unit                                                                     : loaded 2 times (x 68B)
Class org.gradle.tooling.internal.adapter.ProtocolToModelAdapter$DefaultViewBuilder   : loaded 2 times (x 77B)
Class [Lcom.android.builder.model.v2.ide.AaptOptions$Namespacing;                     : loaded 2 times (x 66B)
Class org.objectweb.asm.Attribute                                                     : loaded 2 times (x 74B)
Class com.google.common.base.Supplier                                                 : loaded 2 times (x 67B)
Class kotlin.ranges.RangesKt                                                          : loaded 2 times (x 68B)
Class org.gradle.tooling.internal.adapter.ProtocolToModelAdapter$ViewGraphDetails$1   : loaded 2 times (x 74B)
Class org.gradle.internal.classloader.VisitableURLClassLoader                         : loaded 2 times (x 114B)
Class com.android.builder.model.v2.ide.AndroidArtifact                                : loaded 2 times (x 67B)
Class com.google.common.io.CharSource$AsByteSource                                    : loaded 2 times (x 82B)
Class com.google.common.util.concurrent.AbstractFuture$Waiter                         : loaded 2 times (x 69B)
Class Settings_gradle                                                                 : loaded 2 times (x 125B)
Class com.amazon.ion.impl.bin.IonRawBinaryWriter$1                                    : loaded 2 times (x 74B)
Class [Lcom.amazon.ion.SymbolTable;                                                   : loaded 2 times (x 66B)
Class com.amazon.ion.impl.bin.IonBinaryWriterAdapter$Factory                          : loaded 2 times (x 67B)
Class com.amazon.ion.impl.BlockedBuffer$BufferedOutputStream                          : loaded 2 times (x 87B)
Class org.jetbrains.plugins.gradle.tooling.serialization.ExternalTestsSerializationService$ReadContext: loaded 2 times (x 69B)
Class kotlin.collections.ArraysUtilJVM                                                : loaded 2 times (x 68B)
Class kotlin.sequences.FlatteningSequence$iterator$1                                  : loaded 2 times (x 76B)
Class kotlin.jvm.functions.Function0                                                  : loaded 2 times (x 67B)
Class com.google.common.io.ByteArrayDataOutput                                        : loaded 2 times (x 67B)
Class org.gradle.api.internal.classpath.ManifestUtil                                  : loaded 2 times (x 68B)
Class org.gradle.tooling.model.idea.IdeaDependency                                    : loaded 2 times (x 67B)
Class com.google.common.collect.MapMakerInternalMap                                   : loaded 2 times (x 158B)
Class com.android.builder.model.v2.ide.AaptOptions                                    : loaded 2 times (x 67B)
Class com.google.common.collect.Sets                                                  : loaded 2 times (x 68B)
Class org.objectweb.asm.Handler                                                       : loaded 2 times (x 69B)
Class com.google.common.base.Strings                                                  : loaded 2 times (x 68B)
Class com.google.common.base.Ticker                                                   : loaded 2 times (x 69B)
Class org.gradle.tooling.internal.adapter.ProtocolToModelAdapter$InvocationHandlerImpl: loaded 2 times (x 74B)
Class com.amazon.ion.impl.bin.AbstractIonWriter$WriteValueOptimization                : loaded 2 times (x 76B)
Class kotlin.collections.AbstractMutableList                                          : loaded 2 times (x 203B)
Class kotlin.jvm.functions.Function1                                                  : loaded 2 times (x 67B)
Class org.gradle.internal.agents.InstrumentingClassLoader                             : loaded 2 times (x 67B)
Class com.google.common.cache.RemovalCause$1                                          : loaded 2 times (x 77B)
Class com.android.builder.model.v2.models.ndk.NativeModelBuilderParameter             : loaded 2 times (x 67B)
Class [Lcom.google.common.cache.LocalCache$Segment;                                   : loaded 2 times (x 66B)
Class [Lcom.google.common.cache.LocalCache$Strength;                                  : loaded 2 times (x 66B)
Class com.google.common.cache.CacheBuilder$1                                          : loaded 2 times (x 82B)
Class org.gradle.tooling.model.build.GradleEnvironment                                : loaded 2 times (x 67B)
Class org.jetbrains.plugins.gradle.tooling.util.IntObjectMap$ObjectFactory            : loaded 2 times (x 67B)
Class com.amazon.ion.impl.bin.BlockAllocatorProvider                                  : loaded 2 times (x 69B)
Class org.jetbrains.plugins.gradle.tooling.serialization.internal.IdeaProjectSerializationService$WriteContext: loaded 2 times (x 69B)
Class com.intellij.gradle.toolingExtension.impl.model.sourceSetDependencyModel.GradleSourceSetDependencySerialisationService: loaded 2 times (x 74B)
Class org.jetbrains.plugins.gradle.model.GradleSourceSetModel                         : loaded 2 times (x 67B)
Class kotlin.KotlinNothingValueException                                              : loaded 2 times (x 79B)
Class kotlin.jvm.functions.Function2                                                  : loaded 2 times (x 67B)
Class org.gradle.internal.classpath.DefaultClassPath$ImmutableUniqueList$Builder      : loaded 2 times (x 72B)
Class com.google.common.cache.RemovalCause$2                                          : loaded 2 times (x 77B)
Class com.amazon.ion.IonException                                                     : loaded 2 times (x 81B)
Class com.google.common.collect.MapMakerInternalMap$WeakValueReference                : loaded 2 times (x 67B)
Class com.google.common.cache.LocalCache                                              : loaded 2 times (x 184B)
Class com.google.common.cache.CacheBuilder$2                                          : loaded 2 times (x 76B)
Class com.amazon.ion.impl.bin.IonManagedBinaryWriter$UserState$3                      : loaded 2 times (x 82B)
Class com.amazon.ion.impl.lite.IonSequenceLite                                        : loaded 2 times (x 429B)
Class com.amazon.ion.impl._Private_Utils$1                                            : loaded 2 times (x 86B)
Class com.amazon.ion.impl.SymbolTableAsStruct                                         : loaded 2 times (x 67B)
Class kotlin.collections.MapsKt___MapsJvmKt                                           : loaded 2 times (x 68B)
Class org.gradle.tooling.internal.adapter.WeakIdentityHashMap$AbsentValueProvider     : loaded 2 times (x 67B)
Class com.google.common.cache.RemovalCause$3                                          : loaded 2 times (x 77B)
Class com.google.common.cache.CacheBuilder$3                                          : loaded 2 times (x 69B)
Class com.google.common.util.concurrent.ExecutionError                                : loaded 2 times (x 79B)
Class com.google.common.collect.ImmutableEnumSet                                      : loaded 2 times (x 143B)
Class com.google.common.collect.ArrayListMultimap                                     : loaded 2 times (x 169B)
Class com.google.common.base.AbstractIterator$1                                       : loaded 2 times (x 68B)
Class com.google.common.base.CharMatcher$Digit                                        : loaded 2 times (x 109B)
Class com.amazon.ion.impl.bin.AbstractIonWriter                                       : loaded 2 times (x 158B)
Class org.jetbrains.plugins.gradle.tooling.util.ObjectCollector$Processor             : loaded 2 times (x 67B)
Class org.jetbrains.kotlin.idea.gradleTooling.model.samWithReceiver.SamWithReceiverModel: loaded 2 times (x 67B)
Class kotlin.jvm.functions.Function4                                                  : loaded 2 times (x 67B)
Class kotlin.collections.EmptySet                                                     : loaded 2 times (x 119B)
Class kotlin.collections.CollectionsKt___CollectionsKt                                : loaded 2 times (x 68B)
Class kotlin.annotation.Target                                                        : loaded 2 times (x 67B)
Class com.android.builder.model.v2.models.VariantDependenciesAdjacencyList            : loaded 2 times (x 67B)
Class org.gradle.internal.exceptions.NonGradleCauseExceptionsHolder                   : loaded 2 times (x 67B)
Class org.gradle.tooling.model.idea.IdeaModuleDependency                              : loaded 2 times (x 67B)
Class org.gradle.tooling.internal.adapter.ViewBuilder                                 : loaded 2 times (x 67B)
Class com.google.common.cache.RemovalCause$4                                          : loaded 2 times (x 77B)
Class com.google.common.io.CharSource$EmptyCharSource                                 : loaded 2 times (x 83B)
Class com.google.common.base.Suppliers$MemoizingSupplier                              : loaded 2 times (x 76B)
Class com.android.builder.model.v2.ide.AndroidLibraryData                             : loaded 2 times (x 67B)
Class com.android.builder.model.v2.ide.ApiVersion                                     : loaded 2 times (x 67B)
Class com.google.common.collect.ForwardingMap                                         : loaded 2 times (x 129B)
Class com.google.common.collect.CollectPreconditions                                  : loaded 2 times (x 68B)
Class com.google.common.base.CharMatcher$JavaIsoControl                               : loaded 2 times (x 109B)
Class com.amazon.ion.system.IonReaderBuilder                                          : loaded 2 times (x 90B)
Class org.jetbrains.plugins.gradle.model.AnnotationProcessingConfig                   : loaded 2 times (x 67B)
Class com.amazon.ion.IonReader                                                        : loaded 2 times (x 67B)
Class kotlin.text.StringsKt___StringsJvmKt                                            : loaded 2 times (x 68B)
Class kotlin.reflect.KDeclarationContainer                                            : loaded 2 times (x 67B)
Class kotlin.annotation.Retention                                                     : loaded 2 times (x 67B)
Class com.google.common.cache.RemovalCause$5                                          : loaded 2 times (x 77B)
Class com.google.common.collect.Maps$AbstractFilteredMap                              : loaded 2 times (x 124B)
Class [Lcom.google.common.collect.MapMakerInternalMap$Strength;                       : loaded 2 times (x 66B)
Class [Lcom.google.common.io.FileWriteMode;                                           : loaded 2 times (x 66B)
Class com.android.builder.model.v2.models.Versions$Version                            : loaded 2 times (x 67B)
Class org.apache.http.client.methods.HttpExecutionAware                               : loaded 2 times (x 67B)
Class com.google.common.collect.SortedMapDifference                                   : loaded 2 times (x 67B)
Class com.google.common.base.CharMatcher$JavaLowerCase                                : loaded 2 times (x 108B)
Class com.amazon.ion.IonClob                                                          : loaded 2 times (x 67B)
Class org.jetbrains.plugins.gradle.tooling.ModelBuilderService$Parameter              : loaded 2 times (x 67B)
Class kotlin.io.FilesKt                                                               : loaded 2 times (x 68B)
Class kotlin.collections.MapsKt___MapsKt                                              : loaded 2 times (x 68B)
Class kotlin.collections.ArraysKt___ArraysKt                                          : loaded 2 times (x 68B)
Class Build_gradle$1$1                                                                : loaded 2 times (x 75B)
Class com.google.common.collect.MapMakerInternalMap$StrongKeyDummyValueSegment        : loaded 2 times (x 139B)
Class com.google.common.collect.Iterables$4                                           : loaded 2 times (x 78B)
Class com.google.common.io.Files                                                      : loaded 2 times (x 68B)
Class com.google.common.cache.LocalCache$WriteThroughEntry                            : loaded 2 times (x 76B)
Class com.google.common.cache.LocalCache$HashIterator                                 : loaded 2 times (x 83B)
Class com.google.common.cache.LocalCache$EntryFactory                                 : loaded 2 times (x 80B)
Class com.amazon.ion.impl.lite.IonLobLite                                             : loaded 2 times (x 181B)
Class com.amazon.ion.impl.lite.IonTextLite                                            : loaded 2 times (x 178B)
Class com.amazon.ion.IonNumber                                                        : loaded 2 times (x 67B)
Class org.gradle.internal.impldep.gnu.trove.TObjectIntProcedure                       : loaded 2 times (x 67B)
Class kotlin.collections.MapsKt__MapWithDefaultKt                                     : loaded 2 times (x 68B)
Class org.gradle.tooling.internal.adapter.ProtocolToModelAdapter$ReflectionMethodInvoker: loaded 2 times (x 73B)
Class com.google.common.reflect.Types$NativeTypeVariableEquals                        : loaded 2 times (x 68B)
Class com.google.common.reflect.TypeParameter                                         : loaded 2 times (x 69B)
Class com.google.common.collect.Iterables$5                                           : loaded 2 times (x 78B)
Class [Lcom.google.common.collect.MapMaker$Dummy;                                     : loaded 2 times (x 66B)
Class com.google.common.cache.LocalCache$AbstractReferenceEntry                       : loaded 2 times (x 104B)
Class com.google.common.base.Splitter$1$1                                             : loaded 2 times (x 83B)
Class com.google.common.base.CharMatcher$Whitespace                                   : loaded 2 times (x 109B)
Class [Lcom.amazon.ion.impl.bin.IonManagedBinaryWriter$UserState;                     : loaded 2 times (x 66B)
Class com.amazon.ion.impl.bin.utf8.Utf8StringEncoder                                  : loaded 2 times (x 77B)
Class com.amazon.ion.IonBool                                                          : loaded 2 times (x 67B)
Class org.jetbrains.kotlin.idea.gradleTooling.model.assignment.AssignmentModel        : loaded 2 times (x 67B)
Class kotlin.text.StringsKt___StringsKt                                               : loaded 2 times (x 68B)
Class com.google.common.collect.NullsLastOrdering                                     : loaded 2 times (x 112B)
Class kotlin.collections.CollectionsKt__MutableCollectionsJVMKt                       : loaded 2 times (x 68B)
Class com.google.common.collect.AbstractMapBasedMultimap$WrappedCollection            : loaded 2 times (x 121B)
Class kotlin.enums.EnumEntriesKt                                                      : loaded 2 times (x 68B)
Class com.google.common.collect.ImmutableMapKeySet                                    : loaded 2 times (x 147B)
Class [Lcom.google.common.cache.RemovalCause;                                         : loaded 2 times (x 66B)
Class com.android.builder.model.v2.models.VariantDependencies                         : loaded 2 times (x 67B)
Class org.apache.http.client.methods.HttpPut                                          : loaded 2 times (x 150B)
Class org.apache.http.client.methods.Configurable                                     : loaded 2 times (x 67B)
Class org.objectweb.asm.SymbolTable                                                   : loaded 2 times (x 69B)
Class com.google.common.cache.CacheLoader$InvalidCacheLoadException                   : loaded 2 times (x 79B)
Class org.gradle.internal.classloader.ClassLoaderHierarchy                            : loaded 2 times (x 67B)
Class com.google.common.base.CharMatcher$SingleWidth                                  : loaded 2 times (x 109B)
Class com.amazon.ion.IonLoader                                                        : loaded 2 times (x 67B)
Class org.jetbrains.plugins.gradle.model.GradleProperty                               : loaded 2 times (x 67B)
Class org.gradle.internal.classloader.SystemClassLoaderSpec                           : loaded 2 times (x 68B)
Class com.google.common.collect.FluentIterable                                        : loaded 2 times (x 78B)
Class com.android.builder.model.v2.ide.TestedTargetVariant                            : loaded 2 times (x 67B)
Class com.google.common.cache.LocalCache$StrongEntry                                  : loaded 2 times (x 105B)
Class com.google.common.util.concurrent.AbstractFuture$TrustedFuture                  : loaded 2 times (x 111B)
Class com.google.common.cache.LoadingCache                                            : loaded 2 times (x 67B)
Class com.amazon.ion.impl._Private_Utils                                              : loaded 2 times (x 68B)
Class kotlin.ranges.IntRange$Companion                                                : loaded 2 times (x 68B)
Class kotlin.collections.EmptyMap                                                     : loaded 2 times (x 106B)
Class kotlin.reflect.KAnnotatedElement                                                : loaded 2 times (x 67B)
Class kotlin.jvm.internal.markers.KMutableCollection                                  : loaded 2 times (x 67B)
Class kotlin.coroutines.intrinsics.IntrinsicsKt                                       : loaded 2 times (x 68B)
Class org.gradle.internal.exceptions.MultiCauseException                              : loaded 2 times (x 67B)
Class org.gradle.internal.time.CountdownTimer                                         : loaded 2 times (x 67B)
Class kotlin.jvm.internal.Intrinsics                                                  : loaded 2 times (x 68B)
Class com.google.common.io.ByteStreams$LimitedInputStream                             : loaded 2 times (x 89B)
Class com.google.common.base.Suppliers$NonSerializableMemoizingSupplier               : loaded 2 times (x 76B)
Class org.objectweb.asm.MethodWriter                                                  : loaded 2 times (x 102B)
Class [Lcom.google.common.cache.Weigher;                                              : loaded 2 times (x 66B)
Class kotlin.sequences.SequencesKt__SequenceBuilderKt                                 : loaded 2 times (x 68B)
Class com.intellij.gradle.toolingExtension.impl.model.projectModel.GradleExternalProjectSerializationService$ReadContext: loaded 2 times (x 70B)
Class com.intellij.gradle.toolingExtension.impl.model.dependencyModel.DependencyWriteContext: loaded 2 times (x 69B)
Class org.jetbrains.kotlin.idea.gradleTooling.model.parcelize.ParcelizeGradleModel    : loaded 2 times (x 67B)
Class kotlin.collections.MapsKt                                                       : loaded 2 times (x 68B)
Class kotlin.collections.CollectionsKt__IterablesKt                                   : loaded 2 times (x 68B)
Class kotlin.coroutines.intrinsics.CoroutineSingletons                                : loaded 2 times (x 76B)
Class org.gradle.tooling.model.ProjectModel                                           : loaded 2 times (x 67B)
Class com.google.common.collect.AbstractMapBasedMultimap$RandomAccessWrappedList      : loaded 2 times (x 202B)
Class com.google.common.collect.ImmutableMultimap$1                                   : loaded 2 times (x 79B)
Class org.jetbrains.plugins.gradle.model.GradleConfiguration                          : loaded 2 times (x 67B)
Class com.amazon.ion.impl.bin.utf8.Utf8StringEncoderPool                              : loaded 2 times (x 71B)
Class com.amazon.ion.impl._Private_IonSystem                                          : loaded 2 times (x 67B)
Class com.amazon.ion.BufferConfiguration$OversizedValueHandler                        : loaded 2 times (x 67B)
Class kotlin.ranges.OpenEndRange                                                      : loaded 2 times (x 67B)
Class kotlin.sequences.SequenceBuilderIterator                                        : loaded 2 times (x 82B)
Class kotlin.KotlinNullPointerException                                               : loaded 2 times (x 80B)
Class com.google.common.reflect.Types$JavaVersion$1                                   : loaded 2 times (x 80B)
Class com.google.common.collect.AbstractIterator$State                                : loaded 2 times (x 76B)
Class com.google.common.collect.ImmutableMultimap$2                                   : loaded 2 times (x 78B)
Class com.google.common.collect.RegularImmutableBiMap                                 : loaded 2 times (x 145B)
Class com.google.common.cache.LocalCache$ValueReference                               : loaded 2 times (x 67B)
Class kotlin.collections.CollectionsKt__ReversedViewsKt                               : loaded 2 times (x 68B)
Class kotlin.jvm.internal.CollectionToArray                                           : loaded 2 times (x 68B)
Class com.amazon.ion.IonDecimal                                                       : loaded 2 times (x 67B)
Class org.jetbrains.plugins.gradle.model.tests.ExternalTestsModel                     : loaded 2 times (x 67B)
Class kotlin.sequences.SequencesKt__SequencesKt$flatten$3                             : loaded 2 times (x 75B)
Class kotlin.ranges.RangesKt___RangesKt                                               : loaded 2 times (x 68B)
Class org.gradle.tooling.model.idea.IdeaLanguageLevel                                 : loaded 2 times (x 67B)
Class org.gradle.tooling.internal.adapter.ProtocolToModelAdapter$SafeMethodInvoker    : loaded 2 times (x 73B)
Class org.gradle.tooling.internal.adapter.WeakIdentityHashMap$WeakKey                 : loaded 2 times (x 76B)
Class org.gradle.internal.exceptions.DefaultMultiCauseException                       : loaded 2 times (x 92B)
Class com.google.common.reflect.Types$JavaVersion$2                                   : loaded 2 times (x 80B)
Class com.google.common.reflect.Types                                                 : loaded 2 times (x 68B)
Class com.google.common.hash.PrimitiveSink                                            : loaded 2 times (x 67B)
Class com.android.builder.model.v2.ide.ProjectInfo                                    : loaded 2 times (x 67B)
Class com.google.common.util.concurrent.AbstractFuture$Failure                        : loaded 2 times (x 69B)
Class com.google.common.base.PatternCompiler                                          : loaded 2 times (x 67B)
Class com.google.common.base.Equivalence$Equals                                       : loaded 2 times (x 79B)
Class com.google.common.collect.Hashing                                               : loaded 2 times (x 68B)
Class kotlin.io.FilesKt__FileTreeWalkKt                                               : loaded 2 times (x 68B)
Class com.amazon.ion.impl.bin.IonRawBinaryWriter$StreamCloseMode                      : loaded 2 times (x 76B)
Class com.amazon.ion.impl._Private_IonBinaryWriterBuilder$Mutable                     : loaded 2 times (x 106B)
Class com.intellij.gradle.toolingExtension.impl.model.projectModel.GradleExternalProjectSerializationService: loaded 2 times (x 74B)
Class kotlin.text.CharsKt__CharKt                                                     : loaded 2 times (x 68B)
Class kotlin.collections.ArraysKt                                                     : loaded 2 times (x 68B)
Class kotlin.collections.ArrayDeque$Companion                                         : loaded 2 times (x 68B)
Class org.gradle.tooling.model.HierarchicalElement                                    : loaded 2 times (x 67B)
Class com.google.common.reflect.Types$JavaVersion$3                                   : loaded 2 times (x 80B)
Class com.google.common.io.CharSink                                                   : loaded 2 times (x 76B)
Class com.android.builder.model.v2.dsl.DependenciesInfo                               : loaded 2 times (x 67B)
Class kotlin.sequences.FilteringSequence$iterator$1                                   : loaded 2 times (x 76B)
Class org.objectweb.asm.Label                                                         : loaded 2 times (x 70B)
Class org.objectweb.asm.CurrentFrame                                                  : loaded 2 times (x 70B)
Class org.objectweb.asm.ClassTooLargeException                                        : loaded 2 times (x 80B)
Class com.intellij.gradle.toolingExtension.impl.model.sourceSetModel.GradleSourceSetSerialisationService$Companion: loaded 2 times (x 68B)
Class com.amazon.ion.impl._Private_IonValue                                           : loaded 2 times (x 67B)
Class com.amazon.ion.impl.bin.IonRawBinaryWriter$PatchPoint                           : loaded 2 times (x 68B)
Class com.amazon.ion.IonSequence                                                      : loaded 2 times (x 67B)
Class com.amazon.ion.IonBlob                                                          : loaded 2 times (x 67B)
Class com.amazon.ion.IonLob                                                           : loaded 2 times (x 67B)
Class org.jetbrains.plugins.gradle.tooling.serialization.ExternalTestsSerializationService: loaded 2 times (x 74B)
Class com.google.common.collect.ImmutableSetMultimap                                  : loaded 2 times (x 177B)
Class com.google.common.collect.ByFunctionOrdering                                    : loaded 2 times (x 112B)
Class kotlin.collections.SetsKt__SetsKt                                               : loaded 2 times (x 68B)
Class kotlin.coroutines.EmptyCoroutineContext                                         : loaded 2 times (x 74B)
Class org.gradle.internal.time.Time                                                   : loaded 2 times (x 68B)
Class com.google.common.reflect.Types$JavaVersion$4                                   : loaded 2 times (x 80B)
Class com.amazon.ion.impl.bin.IonManagedBinaryWriter$UserState$2                      : loaded 2 times (x 82B)
Class com.google.common.collect.MapMakerInternalMap$InternalEntryHelper               : loaded 2 times (x 67B)
Class com.google.common.io.ByteSource$AsCharSource                                    : loaded 2 times (x 83B)
Class com.google.common.collect.Maps$IteratorBasedAbstractMap                         : loaded 2 times (x 122B)
Class [Lcom.google.common.base.AbstractIterator$State;                                : loaded 2 times (x 66B)
Class org.objectweb.asm.Frame                                                         : loaded 2 times (x 70B)
Class org.objectweb.asm.MethodVisitor                                                 : loaded 2 times (x 101B)
Class com.google.common.cache.LocalCache$EntryFactory$1                               : loaded 2 times (x 80B)
Class [Lcom.google.common.cache.RemovalListener;                                      : loaded 2 times (x 66B)
Class com.google.common.io.FileWriteMode                                              : loaded 2 times (x 76B)
Class [Lcom.google.common.collect.MapMakerInternalMap$Segment;                        : loaded 2 times (x 66B)
Class com.amazon.ion.system.IonTextWriterBuilder                                      : loaded 2 times (x 94B)
Class com.amazon.ion.impl.bin.IonManagedBinaryWriter$ImportedSymbolResolverMode$1$1$1 : loaded 2 times (x 73B)
Class com.amazon.ion.impl._Private_LocalSymbolTableFactory                            : loaded 2 times (x 67B)
Class org.jetbrains.plugins.gradle.tooling.serialization.AnnotationProcessingModelSerializationService: loaded 2 times (x 74B)
Class kotlin.collections.ArraysKt__ArraysJVMKt                                        : loaded 2 times (x 68B)
Class com.google.common.reflect.Types$JavaVersion$5                                   : loaded 2 times (x 68B)
Class [Lcom.google.common.reflect.Types$ClassOwnership;                               : loaded 2 times (x 66B)
Class com.google.common.cache.LocalCache$ValueIterator                                : loaded 2 times (x 83B)
Class com.google.common.cache.LocalCache$EntryFactory$2                               : loaded 2 times (x 80B)
Class com.amazon.ion.impl.lite.IonNullLite                                            : loaded 2 times (x 172B)
Class [Lcom.intellij.openapi.externalSystem.model.project.dependencies.ResolutionState;: loaded 2 times (x 66B)
Class org.gradle.internal.impldep.gnu.trove.TObjectHash                               : loaded 2 times (x 91B)
Class org.jetbrains.plugins.gradle.model.DependencyAccessorsModel                     : loaded 2 times (x 67B)
Class kotlin.text.StringsKt__StringBuilderKt                                          : loaded 2 times (x 68B)
Class kotlin.jvm.internal.CallableReference$NoReceiver                                : loaded 2 times (x 68B)
Class com.google.common.collect.Multimaps                                             : loaded 2 times (x 68B)
Class com.google.common.collect.CollectCollectors                                     : loaded 2 times (x 68B)
Class org.objectweb.asm.ModuleWriter                                                  : loaded 2 times (x 78B)
Class com.google.common.cache.LocalCache$EntryFactory$3                               : loaded 2 times (x 80B)
Class com.google.common.base.Ticker$1                                                 : loaded 2 times (x 69B)
Class com.google.common.collect.SortedSetMultimap                                     : loaded 2 times (x 67B)
Class com.google.common.collect.Maps$BiMapConverter                                   : loaded 2 times (x 87B)
Class com.amazon.ion.impl.lite.IonClobLite                                            : loaded 2 times (x 217B)
Class com.amazon.ion.impl._Private_ValueFactory                                       : loaded 2 times (x 67B)
Class com.amazon.ion.impl.bin.IonRawBinaryWriter$PreallocationMode$1                  : loaded 2 times (x 79B)
Class [Lcom.amazon.ion.impl.bin._Private_IonManagedBinaryWriterBuilder$AllocatorMode; : loaded 2 times (x 66B)
Class org.jetbrains.kotlin.idea.gradleTooling.KotlinMPPGradleModel                    : loaded 2 times (x 67B)
Class com.intellij.gradle.toolingExtension.impl.model.dependencyDownloadPolicyModel.GradleDependencyDownloadPolicy: loaded 2 times (x 67B)
Class sync_studio_tooling2_bmrpsnw6y3ufk5784ivwhuq8y$_run_closure1                    : loaded 2 times (x 136B)
Class kotlin.NoWhenBranchMatchedException                                             : loaded 2 times (x 79B)
Class org.gradle.tooling.model.BuildIdentifier                                        : loaded 2 times (x 67B)
Class org.gradle.internal.classloader.FilteringClassLoader                            : loaded 2 times (x 102B)
Class com.google.common.collect.CollectSpliterators$1                                 : loaded 2 times (x 87B)
Class com.android.builder.model.v2.ide.VectorDrawablesOptions                         : loaded 2 times (x 67B)
Class com.google.common.cache.LocalCache$EntryFactory$4                               : loaded 2 times (x 80B)
Class kotlin.NotImplementedError                                                      : loaded 2 times (x 79B)
Class kotlin.sequences.FlatteningSequence                                             : loaded 2 times (x 72B)
Class com.amazon.ion.IonInt                                                           : loaded 2 times (x 67B)
Class com.amazon.ion.impl.bin.IonRawBinaryWriter$PreallocationMode$2                  : loaded 2 times (x 79B)
Class org.jetbrains.kotlin.idea.gradleTooling.PrepareKotlinIdeImportTaskModel         : loaded 2 times (x 67B)
Class com.google.common.io.ByteStreams$1                                              : loaded 2 times (x 82B)
Class com.android.builder.model.v2.ide.Edge                                           : loaded 2 times (x 67B)
Class com.google.common.cache.LocalCache$EntryFactory$5                               : loaded 2 times (x 80B)
Class com.amazon.ion.impl.bin.IonRawBinaryWriter$PreallocationMode$3                  : loaded 2 times (x 79B)
Class com.android.ide.gradle.model.GradlePluginModel                                  : loaded 2 times (x 67B)
Class com.google.common.collect.ReverseOrdering                                       : loaded 2 times (x 112B)
Class org.gradle.tooling.model.build.JavaEnvironment                                  : loaded 2 times (x 67B)
Class kotlin.text.StringsKt__StringsKt                                                : loaded 2 times (x 68B)
Class com.android.builder.model.v2.ide.SourceSetContainer                             : loaded 2 times (x 67B)
Class com.google.common.cache.LocalCache$EntryFactory$6                               : loaded 2 times (x 80B)
Class org.jetbrains.plugins.gradle.model.GradleExtension                              : loaded 2 times (x 67B)
Class com.amazon.ion.impl.lite.IonDecimalLite                                         : loaded 2 times (x 185B)
Class com.amazon.ion.IonBufferConfiguration$Builder                                   : loaded 2 times (x 75B)
Class org.gradle.internal.time.Timer                                                  : loaded 2 times (x 67B)
Class kotlin.jvm.internal.markers.KMappedMarker                                       : loaded 2 times (x 67B)
Class org.gradle.internal.installation.CurrentGradleInstallationLocator               : loaded 2 times (x 68B)
Class com.google.common.io.ByteSource$SlicedByteSource                                : loaded 2 times (x 82B)
Class com.google.common.collect.ImmutableMultimap$Builder                             : loaded 2 times (x 80B)
Class com.android.builder.model.v2.ide.LintOptions                                    : loaded 2 times (x 67B)
Class com.google.common.collect.Maps$KeySet                                           : loaded 2 times (x 134B)
Class com.google.common.cache.LocalCache$EntryFactory$7                               : loaded 2 times (x 80B)
Class com.google.common.collect.ImmutableSet$EmptySetBuilderImpl                      : loaded 2 times (x 73B)
Class org.jetbrains.plugins.gradle.tooling.serialization.internal.IdeaProjectSerializationService$ReadContext: loaded 2 times (x 69B)
Class com.amazon.ion.impl.bin.IonRawBinaryWriter$PatchList$1                          : loaded 2 times (x 80B)
Class [Lcom.amazon.ion.impl.bin.IonRawBinaryWriter$ContainerType;                     : loaded 2 times (x 66B)
Class org.gradle.tooling.internal.adapter.ProtocolToModelAdapter$ViewGraphDetails     : loaded 2 times (x 69B)
Class org.gradle.tooling.model.idea.IdeaProject                                       : loaded 2 times (x 67B)
Class org.gradle.tooling.model.DomainObjectSet                                        : loaded 2 times (x 67B)
Class org.gradle.internal.service.DefaultServiceLocator                               : loaded 2 times (x 80B)
Class com.google.common.cache.LocalCache$SoftValueReference                           : loaded 2 times (x 94B)
Class com.google.common.collect.Maps$EntrySet                                         : loaded 2 times (x 133B)
Class com.google.common.collect.ImmutableMultimap$EntryCollection                     : loaded 2 times (x 124B)
Class com.android.builder.model.v2.ide.BasicArtifact                                  : loaded 2 times (x 67B)
Class com.google.common.cache.LocalCache$EntryFactory$8                               : loaded 2 times (x 80B)
Class com.amazon.ion.impl.bin.IonManagedBinaryWriter$UserState$1                      : loaded 2 times (x 82B)
Class com.amazon.ion.impl.bin.utf8.Utf8StringEncoder$Result                           : loaded 2 times (x 71B)
Class com.amazon.ion.impl.bin.utf8.Pool$Allocator                                     : loaded 2 times (x 67B)
Class com.amazon.ion.IonText                                                          : loaded 2 times (x 67B)
Class com.amazon.ion.impl.SymbolTokenImpl                                             : loaded 2 times (x 78B)
Class com.amazon.ion.SubstituteSymbolTableException                                   : loaded 2 times (x 81B)
Class kotlin.coroutines.jvm.internal.SuspendFunction                                  : loaded 2 times (x 67B)
Class org.gradle.util.GradleVersion                                                   : loaded 2 times (x 80B)
Class org.gradle.internal.installation.CurrentGradleInstallation                      : loaded 2 times (x 70B)
Class org.apache.http.HttpEntity                                                      : loaded 2 times (x 67B)
Class org.apache.http.HttpRequest                                                     : loaded 2 times (x 67B)
Class com.google.common.cache.CacheLoader$1                                           : loaded 2 times (x 72B)
Class com.google.common.base.PairwiseEquivalence                                      : loaded 2 times (x 80B)
Class com.google.common.base.Equivalence$Identity                                     : loaded 2 times (x 79B)
Class com.amazon.ion.impl.bin.IonManagedBinaryWriter$ImportDescriptor                 : loaded 2 times (x 73B)
Class com.amazon.ion.SymbolTable                                                      : loaded 2 times (x 67B)
Class org.jetbrains.plugins.gradle.tooling.serialization.GradleExtensionsSerializationService$WriteContext: loaded 2 times (x 69B)
Class com.intellij.gradle.toolingExtension.impl.model.taskModel.GradleTaskSerialisationService$Companion: loaded 2 times (x 68B)
Class kotlin.jvm.internal.Ref$BooleanRef                                              : loaded 2 times (x 68B)
Class kotlin.jvm.internal.StringCompanionObject                                       : loaded 2 times (x 68B)
Class kotlin.coroutines.intrinsics.IntrinsicsKt__IntrinsicsJvmKt                      : loaded 2 times (x 68B)
Class kotlin.coroutines.jvm.internal.CoroutineStackFrame                              : loaded 2 times (x 67B)
Class org.gradle.tooling.internal.adapter.ProtocolToModelAdapter$MethodInvocationCache$MethodInvocationKey: loaded 2 times (x 70B)
Class org.gradle.util.internal.GUtil                                                  : loaded 2 times (x 68B)
Class com.google.common.io.ByteSource                                                 : loaded 2 times (x 81B)
Class com.android.utils.StringHelper                                                  : loaded 2 times (x 68B)
Class com.google.common.util.concurrent.AbstractFuture$SetFuture                      : loaded 2 times (x 72B)
Class com.google.common.cache.AbstractCache$StatsCounter                              : loaded 2 times (x 67B)
Class [Lcom.amazon.ion.impl.bin.IonManagedBinaryWriter$SymbolState;                   : loaded 2 times (x 66B)
Class com.amazon.ion.impl._Private_IonWriterBase                                      : loaded 2 times (x 159B)
Class com.amazon.ion.system.IonSystemBuilder                                          : loaded 2 times (x 72B)
Class com.amazon.ion.IonCatalog                                                       : loaded 2 times (x 67B)
Class com.intellij.gradle.toolingExtension.impl.model.sourceSetModel.GradleSourceSetSerialisationService$SourceSetModelReadContext: loaded 2 times (x 69B)
Class com.intellij.gradle.toolingExtension.impl.model.utilTurnOffDefaultTasksModel.TurnOffDefaultTasks: loaded 2 times (x 67B)
Class kotlin.io.NoSuchFileException                                                   : loaded 2 times (x 79B)
Class kotlin.collections.CollectionsKt                                                : loaded 2 times (x 68B)
Class com.google.common.reflect.Types$TypeVariableImpl                                : loaded 2 times (x 69B)
Class com.google.common.collect.MapMakerInternalMap$1                                 : loaded 2 times (x 80B)
Class com.google.common.io.LineBuffer                                                 : loaded 2 times (x 72B)
Class com.android.builder.model.v2.dsl.BuildType                                      : loaded 2 times (x 67B)
Class com.android.builder.model.v2.ide.ViewBindingOptions                             : loaded 2 times (x 67B)
Class com.google.common.base.CharMatcher$JavaLetter                                   : loaded 2 times (x 108B)
Class com.intellij.gradle.toolingExtension.impl.model.sourceSetModel.GradleSourceSetSerialisationService$SourceSetModelWriteContext: loaded 2 times (x 69B)
Class kotlin.ranges.IntProgressionIterator                                            : loaded 2 times (x 79B)
Class kotlin.coroutines.CoroutineContext                                              : loaded 2 times (x 67B)
Class kotlin.coroutines.jvm.internal.DebugProbesKt                                    : loaded 2 times (x 68B)
Class org.gradle.tooling.internal.adapter.WeakIdentityHashMap                         : loaded 2 times (x 73B)
Class org.gradle.tooling.GradleConnectionException                                    : loaded 2 times (x 79B)
Class org.gradle.tooling.internal.adapter.ProtocolToModelAdapter$1                    : loaded 2 times (x 72B)
Class org.gradle.tooling.internal.adapter.ProtocolToModelAdapter$ViewDecoration       : loaded 2 times (x 67B)
Class org.gradle.internal.installation.GradleInstallation                             : loaded 2 times (x 72B)
Class com.google.common.io.LineReader                                                 : loaded 2 times (x 69B)
Class com.google.common.base.Splitter$Strategy                                        : loaded 2 times (x 67B)
Class com.amazon.ion.impl.lite.ContainerlessContext                                   : loaded 2 times (x 77B)
Class org.jetbrains.plugins.gradle.tooling.serialization.GradleExtensionsSerializationService$ReadContext: loaded 2 times (x 69B)
Class com.google.common.collect.ForwardingCollection                                  : loaded 2 times (x 127B)
Class com.google.common.collect.LexicographicalOrdering                               : loaded 2 times (x 112B)
Class org.gradle.tooling.internal.adapter.MethodInvoker                               : loaded 2 times (x 67B)
Class com.google.common.collect.Lists$RandomAccessReverseList                         : loaded 2 times (x 197B)
Class com.amazon.ion.UnexpectedEofException                                           : loaded 2 times (x 81B)
Class com.amazon.ion.IonSexp                                                          : loaded 2 times (x 67B)
Class com.amazon.ion.impl._Private_LocalSymbolTable                                   : loaded 2 times (x 67B)
Class com.amazon.ion.BufferConfiguration$DataHandler                                  : loaded 2 times (x 67B)
Class com.amazon.ion.ReadOnlyValueException                                           : loaded 2 times (x 81B)
Class com.amazon.ion.impl._Private_IonBinaryWriterBuilder                             : loaded 2 times (x 106B)
Class org.jetbrains.plugins.gradle.tooling.serialization.RepositoriesModelSerializationService$WriteContext: loaded 2 times (x 69B)
Class com.android.ide.gradle.model.LegacyAndroidGradlePluginProperties                : loaded 2 times (x 67B)
Class kotlin.ranges.IntProgression                                                    : loaded 2 times (x 78B)
Class kotlin.jvm.KotlinReflectionNotSupportedError                                    : loaded 2 times (x 79B)
Class org.gradle.tooling.model.gradle.GradleScript                                    : loaded 2 times (x 67B)

---------------  S Y S T E M  ---------------

OS:
 Windows 11 , 64 bit Build 26100 (10.0.26100.4484)
OS uptime: 0 days 1:15 hours
Hyper-V role detected

CPU: total 12 (initial active 12) (12 cores per cpu, 2 threads per core) family 23 model 96 stepping 1 microcode 0x8600103, cx8, cmov, fxsr, ht, mmx, 3dnowpref, sse, sse2, sse3, ssse3, sse4a, sse4.1, sse4.2, popcnt, lzcnt, tsc, tscinvbit, avx, avx2, aes, clmul, bmi1, bmi2, adx, sha, fma, vzeroupper, clflush, clflushopt, hv, rdtscp, rdpid, f16c
Processor Information for all 12 processors :
  Max Mhz: 3000, Current Mhz: 3000, Mhz Limit: 3000

Memory: 4k page, system-wide physical 15741M (2084M free)
TotalPageFile size 19709M (AvailPageFile size 2882M)
current process WorkingSet (physical memory assigned to process): 737M, peak: 958M
current process commit charge ("private bytes"): 1049M, peak: 1111M

vm_info: OpenJDK 64-Bit Server VM (21.0.3+-12282718-b509.11) for windows-amd64 JRE (21.0.3+-12282718-b509.11), built on 2024-08-27T17:34:15Z by "builder" with MS VC++ 16.10 / 16.11 (VS2019)

END.
