#
# A fatal error has been detected by the Java Runtime Environment:
#
#  EXCEPTION_ACCESS_VIOLATION (0xc0000005) at pc=0x00007ffdb49244c7, pid=9728, tid=18272
#
# JRE version: OpenJDK Runtime Environment Temurin-21.0.7+6 (21.0.7+6) (build 21.0.7+6-LTS)
# Java VM: OpenJDK 64-Bit Server VM Temurin-21.0.7+6 (21.0.7+6-LTS, mixed mode, sharing, tiered, compressed oops, compressed class ptrs, parallel gc, windows-amd64)
# Problematic frame:
# V  [jvm.dll+0x8144c7]
#
# No core dump will be written. Minidumps are not enabled by default on client versions of Windows
#
# If you would like to submit a bug report, please visit:
#   https://github.com/adoptium/adoptium-support/issues
#

---------------  S U M M A R Y ------------

Command Line: --add-modules=ALL-SYSTEM --add-opens=java.base/java.util=ALL-UNNAMED --add-opens=java.base/java.lang=ALL-UNNAMED --add-opens=java.base/sun.nio.fs=ALL-UNNAMED -Declipse.application=org.eclipse.jdt.ls.core.id1 -Dosgi.bundles.defaultStartLevel=4 -Declipse.product=org.eclipse.jdt.ls.core.product -Djava.import.generatesMetadataFilesAtProjectRoot=false -DDetectVMInstallationsJob.disabled=true -Dfile.encoding=utf8 -XX:+UseParallelGC -XX:GCTimeRatio=4 -XX:AdaptiveSizePolicyWeight=90 -Dsun.zip.disableMemoryMapping=true -Xmx1G -Xms100m -Xlog:disable -javaagent:c:\Users\erica\.cursor\extensions\redhat.java-1.42.0-win32-x64\lombok\lombok-1.18.36.jar -XX:+HeapDumpOnOutOfMemoryError -XX:HeapDumpPath=c:\Users\erica\AppData\Roaming\Cursor\User\workspaceStorage\c226c4d3aaca153f88d0744c7cd4e6ac\redhat.java -Daether.dependencyCollector.impl=bf c:\Users\erica\.cursor\extensions\redhat.java-1.42.0-win32-x64\server\plugins\org.eclipse.equinox.launcher_1.7.0.v20250424-1814.jar -configuration c:\Users\erica\AppData\Roaming\Cursor\User\globalStorage\redhat.java\1.42.0\config_win -data c:\Users\erica\AppData\Roaming\Cursor\User\workspaceStorage\c226c4d3aaca153f88d0744c7cd4e6ac\redhat.java\jdt_ws --pipe=\\.\pipe\lsp-5a942dfd91c623c3b69121adeaa221e4-sock

Host: AMD Ryzen 5 4600H with Radeon Graphics         , 12 cores, 15G,  Windows 11 , 64 bit Build 26100 (10.0.26100.3912)
Time: Wed Jun 11 12:58:02 2025 China Standard Time elapsed time: 38.574984 seconds (0d 0h 0m 38s)

---------------  T H R E A D  ---------------

Current thread (0x000001a1f0eb1860):  JavaThread "Connection worker"        [_thread_in_vm, id=18272, stack(0x000000a0efa00000,0x000000a0efb00000) (1024K)]

Stack: [0x000000a0efa00000,0x000000a0efb00000],  sp=0x000000a0efaf81c0,  free space=992k
Native frames: (J=compiled Java code, j=interpreted, Vv=VM code, C=native code)
V  [jvm.dll+0x8144c7]
V  [jvm.dll+0x816d7d]
V  [jvm.dll+0x816cc3]
V  [jvm.dll+0x8171f3]
V  [jvm.dll+0x2887df]
V  [jvm.dll+0x288f18]
V  [jvm.dll+0x20e00a]
V  [jvm.dll+0x20d7bd]
V  [jvm.dll+0x5ae5b6]
V  [jvm.dll+0x821706]
V  [jvm.dll+0x4718d6]
V  [jvm.dll+0x4777a8]
C  [java.dll+0x17ec]

Java frames: (J=compiled Java code, j=interpreted, Vv=VM code)
J 1115  java.lang.ClassLoader.defineClass1(Ljava/lang/ClassLoader;Ljava/lang/String;[BIILjava/security/ProtectionDomain;Ljava/lang/String;)Ljava/lang/Class; java.base@21.0.7 (0 bytes) @ 0x000001a1df4cfe91 [0x000001a1df4cfdc0+0x00000000000000d1]
J 8884 c2 java.lang.ClassLoader.defineClass(Ljava/lang/String;[BIILjava/security/ProtectionDomain;)Ljava/lang/Class; java.base@21.0.7 (43 bytes) @ 0x000001a1df5ff828 [0x000001a1df5feba0+0x0000000000000c88]
J 8903 c1 java.security.SecureClassLoader.defineClass(Ljava/lang/String;[BIILjava/security/CodeSource;)Ljava/lang/Class; java.base@21.0.7 (16 bytes) @ 0x000001a1d89bd59c [0x000001a1d89bd4c0+0x00000000000000dc]
J 3632 c1 java.net.URLClassLoader.defineClass(Ljava/lang/String;Ljdk/internal/loader/Resource;)Ljava/lang/Class; java.base@21.0.7 (224 bytes) @ 0x000001a1d80aaa14 [0x000001a1d80a9740+0x00000000000012d4]
J 3631 c1 java.net.URLClassLoader$1.run()Ljava/lang/Class; java.base@21.0.7 (81 bytes) @ 0x000001a1d80a808c [0x000001a1d80a7460+0x0000000000000c2c]
J 1749 c1 java.net.URLClassLoader$1.run()Ljava/lang/Object; java.base@21.0.7 (5 bytes) @ 0x000001a1d7c8f9d4 [0x000001a1d7c8f940+0x0000000000000094]
J 1627 c1 java.security.AccessController.doPrivileged(Ljava/security/PrivilegedExceptionAction;Ljava/security/AccessControlContext;)Ljava/lang/Object; java.base@21.0.7 (26 bytes) @ 0x000001a1d7c4760c [0x000001a1d7c47420+0x00000000000001ec]
J 1633 c1 java.net.URLClassLoader.findClass(Ljava/lang/String;)Ljava/lang/Class; java.base@21.0.7 (47 bytes) @ 0x000001a1d7c48d84 [0x000001a1d7c48c00+0x0000000000000184]
J 1655 c1 java.lang.ClassLoader.loadClass(Ljava/lang/String;Z)Ljava/lang/Class; java.base@21.0.7 (121 bytes) @ 0x000001a1d7c56f2c [0x000001a1d7c56960+0x00000000000005cc]
J 5438 c2 java.lang.ClassLoader.loadClass(Ljava/lang/String;)Ljava/lang/Class; java.base@21.0.7 (7 bytes) @ 0x000001a1df4abcec [0x000001a1df4abca0+0x000000000000004c]
v  ~StubRoutines::call_stub 0x000001a1deec100d
j  org.gradle.internal.service.scopes.BasicGlobalScopeServices.createFileCollectionFactory(Lorg/gradle/internal/file/PathToFileResolver;Lorg/gradle/internal/Factory;Lorg/gradle/api/internal/file/collections/DirectoryFileTreeFactory;Lorg/gradle/api/internal/provider/PropertyHost;Lorg/gradle/internal/nativeintegration/filesystem/FileSystem;)Lorg/gradle/api/internal/file/FileCollectionFactory;+0
j  java.lang.invoke.LambdaForm$DMH+0x000001a1816d8000.invokeVirtual(Ljava/lang/Object;Ljava/lang/Object;Ljava/lang/Object;Ljava/lang/Object;Ljava/lang/Object;Ljava/lang/Object;Ljava/lang/Object;)Ljava/lang/Object;+20 java.base@21.0.7
j  java.lang.invoke.LambdaForm$MH+0x000001a181753800.invoke(Ljava/lang/Object;Ljava/lang/Object;Ljava/lang/Object;)Ljava/lang/Object;+168 java.base@21.0.7
J 1565 c1 jdk.internal.reflect.DirectMethodHandleAccessor.invoke(Ljava/lang/Object;[Ljava/lang/Object;)Ljava/lang/Object; java.base@21.0.7 (92 bytes) @ 0x000001a1d7c2d924 [0x000001a1d7c2d0c0+0x0000000000000864]
J 1561 c1 java.lang.reflect.Method.invoke(Ljava/lang/Object;[Ljava/lang/Object;)Ljava/lang/Object; java.base@21.0.7 (108 bytes) @ 0x000001a1d7c29354 [0x000001a1d7c28e40+0x0000000000000514]
j  org.gradle.internal.reflect.JavaMethod.invoke(Ljava/lang/Object;[Ljava/lang/Object;)Ljava/lang/Object;+6
j  org.gradle.internal.service.ReflectionBasedServiceMethod.invoke(Ljava/lang/Object;[Ljava/lang/Object;)Ljava/lang/Object;+6
j  org.gradle.internal.service.DefaultServiceRegistry$FactoryMethodService.invokeMethod([Ljava/lang/Object;)Ljava/lang/Object;+9
j  org.gradle.internal.service.DefaultServiceRegistry$FactoryService.createServiceInstance()Ljava/lang/Object;+7
j  org.gradle.internal.service.DefaultServiceRegistry$ManagedObjectServiceProvider.getInstance()Ljava/lang/Object;+24
j  org.gradle.internal.service.DefaultServiceRegistry$SingletonService.get()Ljava/lang/Object;+1
j  org.gradle.internal.service.DefaultServiceRegistry$FactoryService.assembleParameters()[Ljava/lang/Object;+44
j  org.gradle.internal.service.DefaultServiceRegistry$FactoryService.createServiceInstance()Ljava/lang/Object;+1
j  org.gradle.internal.service.DefaultServiceRegistry$ManagedObjectServiceProvider.getInstance()Ljava/lang/Object;+24
j  org.gradle.internal.service.DefaultServiceRegistry$SingletonService.get()Ljava/lang/Object;+1
j  org.gradle.internal.service.DefaultServiceRegistry$FactoryService.assembleParameters()[Ljava/lang/Object;+44
j  org.gradle.internal.service.DefaultServiceRegistry$FactoryService.createServiceInstance()Ljava/lang/Object;+1
j  org.gradle.internal.service.DefaultServiceRegistry$ManagedObjectServiceProvider.getInstance()Ljava/lang/Object;+24
j  org.gradle.internal.service.DefaultServiceRegistry$SingletonService.get()Ljava/lang/Object;+1
j  org.gradle.internal.service.DefaultServiceRegistry$FactoryService.assembleParameters()[Ljava/lang/Object;+44
j  org.gradle.internal.service.DefaultServiceRegistry$FactoryService.createServiceInstance()Ljava/lang/Object;+1
j  org.gradle.internal.service.DefaultServiceRegistry$ManagedObjectServiceProvider.getInstance()Ljava/lang/Object;+24
j  org.gradle.internal.service.DefaultServiceRegistry$SingletonService.get()Ljava/lang/Object;+1
j  org.gradle.internal.service.DefaultServiceRegistry$FactoryService.assembleParameters()[Ljava/lang/Object;+44
j  org.gradle.internal.service.DefaultServiceRegistry$FactoryService.createServiceInstance()Ljava/lang/Object;+1
j  org.gradle.internal.service.DefaultServiceRegistry$ManagedObjectServiceProvider.getInstance()Ljava/lang/Object;+24
j  org.gradle.internal.service.DefaultServiceRegistry$SingletonService.get()Ljava/lang/Object;+1
j  org.gradle.internal.service.DefaultServiceRegistry.find(Ljava/lang/reflect/Type;)Ljava/lang/Object;+22
j  org.gradle.internal.service.DefaultServiceRegistry.get(Ljava/lang/reflect/Type;)Ljava/lang/Object;+2
j  org.gradle.internal.service.DefaultServiceRegistry.get(Ljava/lang/Class;)Ljava/lang/Object;+3
j  org.gradle.tooling.internal.provider.DefaultConnection.initializeServices(Ljava/io/File;)V+68
j  org.gradle.tooling.internal.provider.DefaultConnection.configure(Lorg/gradle/tooling/internal/protocol/ConnectionParameters;)V+46
j  org.gradle.tooling.internal.consumer.connection.AbstractPost12ConsumerConnection.configure(Lorg/gradle/tooling/internal/consumer/ConnectionParameters;)V+5
j  org.gradle.tooling.internal.consumer.loader.DefaultToolingImplementationLoader.createConnection(Lorg/gradle/tooling/internal/consumer/connection/AbstractConsumerConnection;Lorg/gradle/tooling/internal/consumer/ConnectionParameters;)Lorg/gradle/tooling/internal/consumer/connection/ConsumerConnection;+2
j  org.gradle.tooling.internal.consumer.loader.DefaultToolingImplementationLoader.create(Lorg/gradle/tooling/internal/consumer/Distribution;Lorg/gradle/internal/logging/progress/ProgressLoggerFactory;Lorg/gradle/tooling/internal/protocol/InternalBuildProgressListener;Lorg/gradle/tooling/internal/consumer/ConnectionParameters;Lorg/gradle/initialization/BuildCancellationToken;)Lorg/gradle/tooling/internal/consumer/connection/ConsumerConnection;+133
j  org.gradle.tooling.internal.consumer.loader.CachingToolingImplementationLoader$ConsumerConnectionCreator.call()Lorg/gradle/tooling/internal/consumer/connection/ConsumerConnection;+27
j  org.gradle.tooling.internal.consumer.loader.CachingToolingImplementationLoader$ConsumerConnectionCreator.call()Ljava/lang/Object;+1
j  org.gradle.internal.impldep.com.google.common.cache.LocalCache$LocalManualCache$1.load(Ljava/lang/Object;)Ljava/lang/Object;+4
j  org.gradle.internal.impldep.com.google.common.cache.LocalCache$LoadingValueReference.loadFuture(Ljava/lang/Object;Lorg/gradle/internal/impldep/com/google/common/cache/CacheLoader;)Lorg/gradle/internal/impldep/com/google/common/util/concurrent/ListenableFuture;+24
j  org.gradle.internal.impldep.com.google.common.cache.LocalCache$Segment.loadSync(Ljava/lang/Object;ILorg/gradle/internal/impldep/com/google/common/cache/LocalCache$LoadingValueReference;Lorg/gradle/internal/impldep/com/google/common/cache/CacheLoader;)Ljava/lang/Object;+4
j  org.gradle.internal.impldep.com.google.common.cache.LocalCache$Segment.lockedGetOrLoad(Ljava/lang/Object;ILorg/gradle/internal/impldep/com/google/common/cache/CacheLoader;)Ljava/lang/Object;+393
j  org.gradle.internal.impldep.com.google.common.cache.LocalCache$Segment.get(Ljava/lang/Object;ILorg/gradle/internal/impldep/com/google/common/cache/CacheLoader;)Ljava/lang/Object;+138
j  org.gradle.internal.impldep.com.google.common.cache.LocalCache.get(Ljava/lang/Object;Lorg/gradle/internal/impldep/com/google/common/cache/CacheLoader;)Ljava/lang/Object;+17
j  org.gradle.internal.impldep.com.google.common.cache.LocalCache$LocalManualCache.get(Ljava/lang/Object;Ljava/util/concurrent/Callable;)Ljava/lang/Object;+19
j  org.gradle.tooling.internal.consumer.loader.CachingToolingImplementationLoader.create(Lorg/gradle/tooling/internal/consumer/Distribution;Lorg/gradle/internal/logging/progress/ProgressLoggerFactory;Lorg/gradle/tooling/internal/protocol/InternalBuildProgressListener;Lorg/gradle/tooling/internal/consumer/ConnectionParameters;Lorg/gradle/initialization/BuildCancellationToken;)Lorg/gradle/tooling/internal/consumer/connection/ConsumerConnection;+35
j  org.gradle.tooling.internal.consumer.loader.SynchronizedToolingImplementationLoader.create(Lorg/gradle/tooling/internal/consumer/Distribution;Lorg/gradle/internal/logging/progress/ProgressLoggerFactory;Lorg/gradle/tooling/internal/protocol/InternalBuildProgressListener;Lorg/gradle/tooling/internal/consumer/ConnectionParameters;Lorg/gradle/initialization/BuildCancellationToken;)Lorg/gradle/tooling/internal/consumer/connection/ConsumerConnection;+23
j  org.gradle.tooling.internal.consumer.connection.LazyConsumerActionExecutor.onStartAction(Lorg/gradle/initialization/BuildCancellationToken;Lorg/gradle/tooling/internal/protocol/InternalBuildProgressListener;)Lorg/gradle/tooling/internal/consumer/connection/ConsumerConnection;+72
j  org.gradle.tooling.internal.consumer.connection.LazyConsumerActionExecutor.run(Lorg/gradle/tooling/internal/consumer/connection/ConsumerAction;)Ljava/lang/Object;+26
j  org.gradle.tooling.internal.consumer.connection.CancellableConsumerActionExecutor.run(Lorg/gradle/tooling/internal/consumer/connection/ConsumerAction;)Ljava/lang/Object;+34
j  org.gradle.tooling.internal.consumer.connection.ProgressLoggingConsumerActionExecutor.run(Lorg/gradle/tooling/internal/consumer/connection/ConsumerAction;)Ljava/lang/Object;+78
j  org.gradle.tooling.internal.consumer.connection.RethrowingErrorsConsumerActionExecutor.run(Lorg/gradle/tooling/internal/consumer/connection/ConsumerAction;)Ljava/lang/Object;+5
j  org.gradle.tooling.internal.consumer.async.DefaultAsyncConsumerActionExecutor$1$1.run()V+17
j  org.gradle.internal.concurrent.ExecutorPolicy$CatchAndRecordFailures.onExecute(Ljava/lang/Runnable;)V+1
j  org.gradle.internal.concurrent.AbstractManagedExecutor$1.run()V+25
j  java.util.concurrent.ThreadPoolExecutor.runWorker(Ljava/util/concurrent/ThreadPoolExecutor$Worker;)V+92 java.base@21.0.7
j  java.util.concurrent.ThreadPoolExecutor$Worker.run()V+5 java.base@21.0.7
j  java.lang.Thread.runWith(Ljava/lang/Object;Ljava/lang/Runnable;)V+5 java.base@21.0.7
j  java.lang.Thread.run()V+19 java.base@21.0.7
v  ~StubRoutines::call_stub 0x000001a1deec100d

siginfo: EXCEPTION_ACCESS_VIOLATION (0xc0000005), reading address 0xffffffffffffffff


Registers:
RAX=0x0000000023480002, RBX=0x00e301a1f0655318, RCX=0x000000000000005f, RDX=0x0000000000000001
RSP=0x000000a0efaf81c0, RBP=0x0000000000000002, RSI=0x000000a0efaf8280, RDI=0x0000000000000000
R8 =0x0000000000000000, R9 =0x000000a0efaf8280, R10=0x000000000000005e, R11=0x00007ffde42c1400
R12=0x0000000000000000, R13=0x000001a1f0eb1860, R14=0x000000a0efaf8240, R15=0x000001a1d47b1c60
RIP=0x00007ffdb49244c7, EFLAGS=0x0000000000010202

XMM[0]=0xffffffff00000000 0x0000000000000000
XMM[1]=0xffffffff00000000 0x0000000000000000
XMM[2]=0x2525252525252525 0x2525252525252525
XMM[3]=0x54656c6946734174 0x65672e6e6f697463
XMM[4]=0x0000000000000000 0x0000000000656572
XMM[5]=0x626172756769666e 0x6f432f656c69662f
XMM[6]=0x4453cd006a86cb8f 0x192c239f6174abbd
XMM[7]=0xcac9f287c5a86767 0x3015bcf7b93ccd63
XMM[8]=0xe53b28f816cf4ba5 0x44ca61ff21d6fb96
XMM[9]=0x185d5605185d5605 0x185d5605ab409890
XMM[10]=0x0000000000000000 0x0000000092e3428b
XMM[11]=0x1e3ccab31e3ccab3 0x1e3ccab3c97d6343
XMM[12]=0x0000000000000000 0x00000000ab409890
XMM[13]=0x0000000000000000 0x00000000ae658498
XMM[14]=0x0000000000000000 0x51432a621c523e94
XMM[15]=0x0000000000000000 0x00000000cb0f1432
  MXCSR=0x00001fa0


Register to memory mapping:

RAX=0x0000000023480002 is an unknown value
RBX=0x00e301a1f0655318 is an unknown value
RCX=0x000000000000005f is an unknown value
RDX=0x0000000000000001 is an unknown value
RSP=0x000000a0efaf81c0 is pointing into the stack for thread: 0x000001a1f0eb1860
RBP=0x0000000000000002 is an unknown value
RSI=0x000000a0efaf8280 is pointing into the stack for thread: 0x000001a1f0eb1860
RDI=0x0 is null
R8 =0x0 is null
R9 =0x000000a0efaf8280 is pointing into the stack for thread: 0x000001a1f0eb1860
R10=0x000000000000005e is an unknown value
R11=0x00007ffde42c1400 VCRUNTIME140.dll
R12=0x0 is null
R13=0x000001a1f0eb1860 is a thread
R14=0x000000a0efaf8240 is pointing into the stack for thread: 0x000001a1f0eb1860
R15=0x000001a1d47b1c60 points into unknown readable memory: 0x000001a1d47be340 | 40 e3 7b d4 a1 01 00 00

Top of Stack: (sp=0x000000a0efaf81c0)
0x000000a0efaf81c0:   0000000000000000 00007ffdb47cfba1
0x000000a0efaf81d0:   0000000000000060 000000000000005f
0x000000a0efaf81e0:   0000000000000002 000001a1f3347e18
0x000000a0efaf81f0:   000001a1f2735338 0000000000000010
0x000000a0efaf8200:   00000000dfd82275 00007ffdb4926d7d
0x000000a0efaf8210:   000001a1f3347e00 000001a1f3398280
0x000000a0efaf8220:   000000000000005f 000000a0efaf8280
0x000000a0efaf8230:   000000a0efaf8288 000001a1f27390a8
0x000000a0efaf8240:   00000000dfd82275 000001a10000005f
0x000000a0efaf8250:   000001a1f3398280 0000000000000010
0x000000a0efaf8260:   000000000000005f 000001a1f3398280
0x000000a0efaf8270:   000000a0efaf83e0 00007ffdb4926cc3
0x000000a0efaf8280:   0000000000000000 000000a0efaf8300
0x000000a0efaf8290:   00000000dfd82275 000001a1f33990f0
0x000000a0efaf82a0:   000001a1f2735388 00007ffdb49271f3
0x000000a0efaf82b0:   00000000dfd82275 000001a1f3398280
0x000000a0efaf82c0:   000000000000005f 000000a0efaf8400
0x000000a0efaf82d0:   000001a180486f40 00007ffdb43987df
0x000000a0efaf82e0:   000001a1f1ff9cd8 000001a1efc4c7b8
0x000000a0efaf82f0:   0000000000000014 0000000000000014
0x000000a0efaf8300:   0000000000000001 000001a1f2735368
0x000000a0efaf8310:   000001a181756598 0000000000000000
0x000000a0efaf8320:   00007ffdb4b95c28 0000005f00000000
0x000000a0efaf8330:   0000000000000000 0000000000000000
0x000000a0efaf8340:   0000000000000000 0000000000000000
0x000000a0efaf8350:   000001a1f3398280 000000000000005f
0x000000a0efaf8360:   0000000000000060 20646f6874654d00
0x000000a0efaf8370:   000001a1f2734e00 000000a0efaf8440
0x000000a0efaf8380:   000001a1ee6b6810 000000a000000000
0x000000a0efaf8390:   000001a1f2734b18 000000a0efaf8440
0x000000a0efaf83a0:   000001a1f2734e30 00007ffdb4399917
0x000000a0efaf83b0:   000001a1f2734ee0 000001a1f2734df8 

Instructions: (pc=0x00007ffdb49244c7)
0x00007ffdb49243c7:   48 33 cc e8 51 2d 13 00 48 81 c4 98 08 00 00 41
0x00007ffdb49243d7:   5f 41 5c 5f 5e 5d 5b c3 4c 8d 0d fa 02 21 00 ba
0x00007ffdb49243e7:   e5 03 00 00 4c 8d 05 66 03 21 00 48 8d 0d f7 8d
0x00007ffdb49243f7:   20 00 e8 d2 b3 a6 ff cc cc 48 89 5c 24 08 48 89
0x00007ffdb4924407:   6c 24 10 48 89 74 24 18 4c 89 4c 24 20 57 41 54
0x00007ffdb4924417:   41 55 41 56 41 57 48 83 ec 20 4c 8b a2 a8 01 00
0x00007ffdb4924427:   00 49 8b f1 4d 8b f0 4c 8b ea 4c 8b f9 49 8b c4
0x00007ffdb4924437:   41 f6 c4 01 75 0b 48 8b 05 cc 13 48 00 48 83 c8
0x00007ffdb4924447:   01 48 89 82 a8 01 00 00 e8 4c a3 ea ff 90 45 33
0x00007ffdb4924457:   c0 49 8b 47 50 48 85 c0 74 0d 4d 89 47 50 e8 36
0x00007ffdb4924467:   a3 ea ff 45 33 c0 90 49 8b 47 10 40 32 ff 49 8b
0x00007ffdb4924477:   16 48 8b 48 18 48 8b 00 48 23 ca 48 8d 1c c8 48
0x00007ffdb4924487:   8b 04 c8 d0 e8 a8 01 74 12 49 8b 47 18 48 8b 48
0x00007ffdb4924497:   18 48 8b 00 48 23 ca 48 8d 1c c8 48 8b 1b 49 8b
0x00007ffdb49244a7:   e8 48 83 e3 fc 74 69 ba 01 00 00 00 0f 1f 40 00
0x00007ffdb49244b7:   66 0f 1f 84 00 00 00 00 00 49 63 4e 08 48 ff c5
0x00007ffdb49244c7:   0f b7 43 0c 3b c1 75 26 49 8b 56 10 4c 8b c1 48
0x00007ffdb49244d7:   8d 4b 0e e8 3b 3d 13 00 85 c0 75 0d 48 8d 4b 08
0x00007ffdb49244e7:   e8 e4 f9 ff ff 84 c0 75 1f ba 01 00 00 00 40 84
0x00007ffdb49244f7:   ff 75 0d 8b 43 08 66 85 c0 40 0f b6 ff 0f 44 fa
0x00007ffdb4924507:   48 8b 1b 48 85 db 75 b1 48 8b 74 24 68 45 33 c0
0x00007ffdb4924517:   48 8b 54 24 70 48 8d 4b 08 48 85 db 49 0f 44 c8
0x00007ffdb4924527:   48 85 d2 74 09 49 3b 6f 30 0f 97 c0 88 02 48 85
0x00007ffdb4924537:   c9 74 07 48 89 0e b0 01 eb 02 32 c0 48 8b 5c 24
0x00007ffdb4924547:   50 48 8b 6c 24 58 48 8b 74 24 60 4d 89 a5 a8 01
0x00007ffdb4924557:   00 00 48 83 c4 20 41 5f 41 5e 41 5d 41 5c 5f c3
0x00007ffdb4924567:   cc cc cc cc cc cc cc cc cc 48 89 5c 24 10 55 56
0x00007ffdb4924577:   57 41 54 41 55 41 56 41 57 48 81 ec 90 08 00 00
0x00007ffdb4924587:   48 8b 05 da 0c 44 00 48 33 c4 48 89 84 24 80 08
0x00007ffdb4924597:   00 00 48 8b 84 24 f8 08 00 00 40 32 f6 4d 8b 28
0x00007ffdb49245a7:   45 33 ff 48 89 44 24 70 4d 8b f1 48 8b 84 24 00
0x00007ffdb49245b7:   09 00 00 48 8b ea 48 89 44 24 78 4c 8b e1 4c 89 


Stack slot to memory mapping:

stack at sp + 0 slots: 0x0 is null
stack at sp + 1 slots: 0x00007ffdb47cfba1 jvm.dll
stack at sp + 2 slots: 0x0000000000000060 is an unknown value
stack at sp + 3 slots: 0x000000000000005f is an unknown value
stack at sp + 4 slots: 0x0000000000000002 is an unknown value
stack at sp + 5 slots: 0x000001a1f3347e18 points into unknown readable memory: 0x0000000000000000 | 00 00 00 00 00 00 00 00
stack at sp + 6 slots: 0x000001a1f2735338 points into unknown readable memory: 0x0000000200000001 | 01 00 00 00 02 00 00 00
stack at sp + 7 slots: 0x0000000000000010 is an unknown value


Compiled method (n/a) 38627 1115     n 0       java.lang.ClassLoader::defineClass1 (native)
 total in heap  [0x000001a1df4cfc10,0x000001a1df4d0098] = 1160
 relocation     [0x000001a1df4cfd70,0x000001a1df4cfda8] = 56
 main code      [0x000001a1df4cfdc0,0x000001a1df4d0096] = 726
 stub code      [0x000001a1df4d0096,0x000001a1df4d0098] = 2

[Constant Pool (empty)]

[MachCode]
[Entry Point]
  # {method} {0x000001a180431000} 'defineClass1' '(Ljava/lang/ClassLoader;Ljava/lang/String;[BIILjava/security/ProtectionDomain;Ljava/lang/String;)Ljava/lang/Class;' in 'java/lang/ClassLoader'
  # parm0:    rdx:rdx   = 'java/lang/ClassLoader'
  # parm1:    r8:r8     = 'java/lang/String'
  # parm2:    r9:r9     = '[B'
  # parm3:    rdi       = int
  # parm4:    rsi       = int
  # parm5:    rcx:rcx   = 'java/security/ProtectionDomain'
  # parm6:    [sp+0xa0]   = 'java/lang/String'  (sp of caller)
  0x000001a1df4cfdc0: 448b 5208 | 49bb 0000 | 0080 a101 | 0000 4d03 | d349 3bc2 | 0f84 0600 

  0x000001a1df4cfdd8: ;   {runtime_call ic_miss_stub}
  0x000001a1df4cfdd8: 0000 e9a1 | e6a3 ff90 
[Verified Entry Point]
  0x000001a1df4cfde0: 8984 2400 | 80ff ff55 | 488b ec48 | 81ec 9000 | 0000 6690 | 4181 7f20 | 0400 0000 

  0x000001a1df4cfdfc: ;   {runtime_call StubRoutines (final stubs)}
  0x000001a1df4cfdfc: 7405 e8dd | 8ba2 ff48 | 837d 1000 | 488d 4510 | 480f 4445 | 1048 8944 | 2440 4889 | 4c24 7048 
  0x000001a1df4cfe1c: 83f9 0048 | 8d44 2470 | 480f 4444 | 2470 4889 | 4424 3848 | 8974 2430 | 4889 7c24 | 284c 894c 
  0x000001a1df4cfe3c: 2458 4983 | f900 488d | 4424 5848 | 0f44 4424 | 5848 8944 | 2420 4c89 | 4424 5049 | 83f8 004c 
  0x000001a1df4cfe5c: 8d4c 2450 | 4c0f 444c | 2450 4889 | 5424 4848 | 83fa 004c | 8d44 2448 | 4c0f 4444 

  0x000001a1df4cfe78: ;   {oop(a 'java/lang/Class'{0x00000000c00009c8} = 'java/lang/ClassLoader')}
  0x000001a1df4cfe78: 2448 49be | c809 00c0 | 0000 0000 | 4c89 7424 | 784c 8d74 | 2478 498b | d6c5 f877 

  0x000001a1df4cfe94: ;   {internal_word}
  0x000001a1df4cfe94: 49ba 91fe | 4cdf a101 | 0000 4d89 | 97a0 0300 | 0049 89a7 | 9803 0000 

  0x000001a1df4cfeac: ;   {external_word}
  0x000001a1df4cfeac: 49ba 3d5b | dab4 fd7f | 0000 4180 | 3a00 0f84 | 4e00 0000 | 5241 5041 

  0x000001a1df4cfec4: ;   {metadata({method} {0x000001a180431000} 'defineClass1' '(Ljava/lang/ClassLoader;Ljava/lang/String;[BIILjava/security/ProtectionDomain;Ljava/lang/String;)Ljava/lang/Class;' in 'java/lang/ClassLoader')}
  0x000001a1df4cfec4: 5148 baf8 | 0f43 80a1 | 0100 0049 | 8bcf 4883 | ec20 40f6 | c40f 0f84 | 1900 0000 | 4883 ec08 
  0x000001a1df4cfee4: ;   {runtime_call}
  0x000001a1df4cfee4: 48b8 504b | 84b4 fd7f | 0000 ffd0 | 4883 c408 | e90c 0000 

  0x000001a1df4cfef8: ;   {runtime_call}
  0x000001a1df4cfef8: 0048 b850 | 4b84 b4fd | 7f00 00ff | d048 83c4 | 2041 5941 | 585a 498d | 8fb8 0300 | 0041 c787 
  0x000001a1df4cff18: 4404 0000 | 0400 0000 

  0x000001a1df4cff20: ;   {runtime_call}
  0x000001a1df4cff20: 48b8 ac16 | 1de2 fd7f | 0000 ffd0 | c5f8 7741 | c787 4404 | 0000 0500 | 0000 f083 | 4424 c000 
  0x000001a1df4cff40: 493b af48 | 0400 000f | 870e 0000 | 0041 83bf | 4004 0000 | 000f 842b | 0000 00c5 | f877 4889 
  0x000001a1df4cff60: 45f8 498b | cf4c 8be4 | 4883 ec20 | 4883 e4f0 

  0x000001a1df4cff70: ;   {runtime_call}
  0x000001a1df4cff70: 48b8 00d1 | 4fb4 fd7f | 0000 ffd0 | 498b e44d | 33e4 488b | 45f8 41c7 | 8744 0400 | 0008 0000 
  0x000001a1df4cff90: 0041 83bf | c004 0000 | 020f 84ca 

  0x000001a1df4cff9c: ;   {external_word}
  0x000001a1df4cff9c: 0000 0049 | ba3d 5bda | b4fd 7f00 | 0041 803a | 000f 844c | 0000 0048 

  0x000001a1df4cffb4: ;   {metadata({method} {0x000001a180431000} 'defineClass1' '(Ljava/lang/ClassLoader;Ljava/lang/String;[BIILjava/security/ProtectionDomain;Ljava/lang/String;)Ljava/lang/Class;' in 'java/lang/ClassLoader')}
  0x000001a1df4cffb4: 8945 f848 | baf8 0f43 | 80a1 0100 | 0049 8bcf | 4883 ec20 | 40f6 c40f | 0f84 1900 | 0000 4883 
  0x000001a1df4cffd4: ;   {runtime_call}
  0x000001a1df4cffd4: ec08 48b8 | 504b 84b4 | fd7f 0000 | ffd0 4883 | c408 e90c 

  0x000001a1df4cffe8: ;   {runtime_call}
  0x000001a1df4cffe8: 0000 0048 | b850 4b84 | b4fd 7f00 | 00ff d048 | 83c4 2048 | 8b45 f849 | c787 9803 | 0000 0000 
  0x000001a1df4d0008: 0000 49c7 | 87a0 0300 | 0000 0000 | 00c5 f877 | 4885 c00f | 8425 0000 | 00a8 030f | 8508 0000 
  0x000001a1df4d0028: 0048 8b00 | e915 0000 | 00a8 010f | 8509 0000 | 0048 8b40 | fee9 0400 | 0000 488b | 40ff 498b 
  0x000001a1df4d0048: 8f28 0400 | 00c7 8100 | 0100 0000 | 0000 00c9 | 4983 7f08 | 000f 8501 | 0000 00c3 

  0x000001a1df4d0064: ;   {runtime_call StubRoutines (initial stubs)}
  0x000001a1df4d0064: e997 0e9f | ffc5 f877 | 4889 45f8 | 4c8b e448 | 83ec 2048 

  0x000001a1df4d0078: ;   {runtime_call}
  0x000001a1df4d0078: 83e4 f048 | b830 8384 | b4fd 7f00 | 00ff d049 | 8be4 4d33 | e448 8b45 | f8e9 09ff | ffff f4f4 
[/MachCode]


Compiled method (c2) 38632 8884       4       java.lang.ClassLoader::defineClass (43 bytes)
 total in heap  [0x000001a1df5fe390,0x000001a1df609590] = 45568
 relocation     [0x000001a1df5fe4f0,0x000001a1df5feb88] = 1688
 main code      [0x000001a1df5feba0,0x000001a1df6057e0] = 27712
 stub code      [0x000001a1df6057e0,0x000001a1df6059a8] = 456
 oops           [0x000001a1df6059a8,0x000001a1df6059d0] = 40
 metadata       [0x000001a1df6059d0,0x000001a1df605d28] = 856
 scopes data    [0x000001a1df605d28,0x000001a1df607dc8] = 8352
 scopes pcs     [0x000001a1df607dc8,0x000001a1df608bb8] = 3568
 dependencies   [0x000001a1df608bb8,0x000001a1df608c98] = 224
 handler table  [0x000001a1df608c98,0x000001a1df6093e8] = 1872
 nul chk table  [0x000001a1df6093e8,0x000001a1df609590] = 424

[Constant Pool (empty)]

[MachCode]
[Entry Point]
  # {method} {0x000001a180431380} 'defineClass' '(Ljava/lang/String;[BIILjava/security/ProtectionDomain;)Ljava/lang/Class;' in 'java/lang/ClassLoader'
  # this:     rdx:rdx   = 'java/lang/ClassLoader'
  # parm0:    r8:r8     = 'java/lang/String'
  # parm1:    r9:r9     = '[B'
  # parm2:    rdi       = int
  # parm3:    rsi       = int
  # parm4:    rcx:rcx   = 'java/security/ProtectionDomain'
  #           [sp+0xd0]  (sp of caller)
  0x000001a1df5feba0: 448b 5208 | 49bb 0000 | 0080 a101 | 0000 4d03 | d349 3bc2 

  0x000001a1df5febb4: ;   {runtime_call ic_miss_stub}
  0x000001a1df5febb4: 0f85 c6f8 | 90ff 6690 | 0f1f 4000 
[Verified Entry Point]
  0x000001a1df5febc0: 8984 2400 | 80ff ff55 | 4881 ecc0 | 0000 0090 | 4181 7f20 | 0400 0000 | 0f85 f46b | 0000 4889 
  0x000001a1df5febe0: 4c24 2089 | 7424 3c89 | 7c24 384c | 894c 2430 | 4889 5424 | 284c 8944 | 2440 4d85 | c00f 8489 
  0x000001a1df5fec00: 2600 0041 | 8b68 1444 | 8b5d 0c45 | 85db 0f86 | 4048 0000 | 450f be40 | 1045 85c0 | 0f85 da2f 
  0x000001a1df5fec20: 0000 c442 | 3af7 d345 | 3bd3 450f | 4fd3 4585 | d20f 8e60 | 2600 0045 | 3bda 0f82 | 6c48 0000 
  0x000001a1df5fec40: 4c8b dd48 | 8d7d 1041 | 8bd2 b82f | 0000 0048 | 8bdf 83fa | 100f 8c79 | 0000 0083 | fa20 0f8c 
  0x000001a1df5fec60: 3600 0000 | c5f9 6ed0 | c4e2 7d78 | d2c5 fdef | c08b ca83 | e1e0 83e2 | 1fc5 fe6f | 0bc5 f574 
  0x000001a1df5fec80: cac4 e27d | 17c1 0f83 | 6900 0000 | 4883 c320 | 83e9 2075 | e4e9 0d00 | 0000 c5f9 | 6ed0 c5f9 
  0x000001a1df5feca0: efc0 c4e2 | 6900 d083 | fa10 0f8c | 2400 0000 

  0x000001a1df5fecb0: ;   {no_reloc}
  0x000001a1df5fecb0: 8bca 83e1 | f083 e20f | c5fa 6f0b | c5f1 74ca | c4e2 7917 | c10f 832a | 0000 0048 | 83c3 1083 
  0x000001a1df5fecd0: e910 75e4 | 85d2 0f84 | 1200 0000 | 0fb6 0b3b | c174 1c48 | 83c3 0183 | ea01 7402 | ebee bbff 
  0x000001a1df5fecf0: ffff ffeb | 0dc5 fdd7 | c90f bcc1 | 4803 d848 | 2bdf 83fb | ff0f 8571 | 4b00 004c | 8b54 2440 
  0x000001a1df5fed10: 458b 5a14 | 4180 7a10 | 000f 8596 | 4400 0041 | 8b6b 0c85 | ed0f 8645 | 4700 0045 | 0fb6 5b10 
  0x000001a1df5fed30: 4183 fb5b | 0f84 0e4c | 0000 4c8b | 5424 4041 | 8b6a 1444 | 8b55 0c4c | 8b5c 2440 | 450f be43 
  0x000001a1df5fed50: 10c4 423a | f7da 4183 | c3fb 4585 | db7c 6245 | 85c0 0f85 | d72e 0000 | 4183 fa04 | 0f86 4a49 
  0x000001a1df5fed70: 0000 807d | 106a 7549 | 807d 1161 | 7543 807d | 1276 753d | 807d 1361 | 7537 440f | be5d 1441 
  0x000001a1df5fed90: 83fb 2e75 

  0x000001a1df5fed94: ;   {oop(a 'jdk/internal/loader/ClassLoaders$PlatformClassLoader'{0x00000000c074be08})}
  0x000001a1df5fed94: 2c49 ba08 | be74 c000 | 0000 004c | 8b5c 2428 | 4d3b da0f | 85d3 5b00 | 004c 8b54 

  0x000001a1df5fedb0: ;   {oop(a 'jdk/internal/loader/ClassLoaders$PlatformClassLoader'{0x00000000c074be08})}
  0x000001a1df5fedb0: 2440 48be | 08be 74c0 | 0000 0000 | 4d8b eaeb | 0a48 8b74 | 2428 4c8b | 6c24 404c | 8b54 2420 
  0x000001a1df5fedd0: 4d85 d20f | 849f 2300 | 004c 8954 | 2448 4d85 | ed0f 840d | 0300 004c | 8b54 2448 

  0x000001a1df5fedec: ; implicit exception: dispatches to 0x000001a1df604eb0
  0x000001a1df5fedec: 458b 5a10 | 4489 5c24 | 5041 8b4d | 148b 510c | 450f be55 | 10c4 622a | f7da 458d | 4bff 4585 
  0x000001a1df5fee0c: d20f 8589 | 4a00 0044 | 8d52 ff45 | 3bd1 450f | 4fd1 488b | e945 85d2 | 7c2d 6666 | 0f1f 8400 
  0x000001a1df5fee2c: 0000 0000 | 443b d20f | 838f 3f00 | 0042 807c | 1110 2e74 | 184d 8b87 | 5004 0000 

  0x000001a1df5fee48: ; ImmutableOopMap {rcx=NarrowOop rsi=Oop rbp=Oop r13=Oop [40]=Oop [48]=Oop [64]=Oop [72]=Oop [80]=NarrowOop }
                      ;*goto {reexecute=1 rethrow=0 return_oop=0}
                      ; - (reexecute) java.lang.StringLatin1::lastIndexOf@35
                      ; - java.lang.String::lastIndexOf@13
                      ; - java.lang.String::lastIndexOf@8
                      ; - java.lang.ClassLoader::checkCerts@3
                      ; - java.lang.ClassLoader::preDefineClass@113
                      ; - java.lang.ClassLoader::defineClass@4
                      ;   {poll}
  0x000001a1df5fee48: 41ff ca41 | 8500 4585 | d27d dd41 | baff ffff | ff41 83fa | ff0f 8405 | 4b00 0045 | 85d2 0f8c 
  0x000001a1df5fee68: 7c4a 0000 | 453b d30f | 8f33 4b00 | 0045 3bd3 | 0f84 0b23 | 0000 4585 | d20f 8466 | 2900 0049 
  0x000001a1df5fee88: 8b9f b801 | 0000 4c8b | db49 83c3 | 184d 3b9f | c801 0000 | 0f83 6133 | 0000 4d89 | 9fb8 0100 
  0x000001a1df5feea8: 0041 0f18 | 8300 0100 | 0048 c703 | 0100 0000 

  0x000001a1df5feeb8: ;   {metadata('java/lang/String')}
  0x000001a1df5feeb8: c743 0840 | e700 0044 | 8963 0c4c | 8963 104c | 8d59 1044 | 3bd2 0f85 | 9300 0000 | 4c63 c281 
  0x000001a1df5feed8: fa00 0010 | 000f 872d | 3f00 0049 | 8bbf b801 | 0000 4d8d | 5017 4983 | e2f8 4c8b | cf4d 03ca 
  0x000001a1df5feef8: 4d3b 8fc8 | 0100 000f | 830b 3f00 | 004d 898f | b801 0000 | 410f 1881 | 0001 0000 | 48c7 0701 
  0x000001a1df5fef18: 0000 0041 | 0f18 8140 

  0x000001a1df5fef20: ;   {metadata({type array byte})}
  0x000001a1df5fef20: 0100 00c7 | 4708 6822 | 0000 8957 | 0c41 0f18 | 8180 0100 | 0048 8bd7 | 4883 c210 | 4983 c007 
  0x000001a1df5fef40: 49c1 e803 | 498b cbc5 | f877 49ba | 6074 efde | a101 0000 

  0x000001a1df5fef54: ;   {other}
  0x000001a1df5fef54: 41ff d20f | 1f84 0000 | 0000 004c | 8bf7 e9d2 | 0000 0041 | 81fa 0000 | 1000 0f87 | 7847 0000 
  0x000001a1df5fef74: 4d63 ca48 | 89ac 2490 | 0000 0041 | 3bd2 8bea | 410f 4fea | 3bd5 0f82 | d047 0000 | 443b d50f 
  0x000001a1df5fef94: 82c7 4700 | 0049 83c1 | 174d 8bc1 | 4983 e0f8 | 4181 fa00 | 0010 000f | 8791 3c00 | 004d 8bb7 
  0x000001a1df5fefb4: b801 0000 | 498b ce49 | 03c8 493b | 8fc8 0100 | 000f 8377 | 3c00 0049 | 898f b801 | 0000 0f18 
  0x000001a1df5fefd4: 8100 0100 | 0049 c706 | 0100 0000 | 0f18 8140 

  0x000001a1df5fefe4: ;   {metadata({type array byte})}
  0x000001a1df5fefe4: 0100 0041 | c746 0868 | 2200 0045 | 8956 0c0f | 1881 8001 | 0000 498b | d648 83c2 | 1049 c1e9 
  0x000001a1df5ff004: 0385 ed0f | 84e7 4600 | 0041 3bea | 0f8c a426 | 0000 4983 | c0f0 49c1 | e803 498b | cbc5 f877 
  0x000001a1df5ff024: 49ba 6074 | efde a101 | 0000 41ff 

  0x000001a1df5ff030: ;   {other}
  0x000001a1df5ff030: d20f 1f84 | 0000 0000 | 0044 8863 | 104d 8bd6 | 4489 5314 | 4c8b d349 | c1ea 0949 | bb00 00b4 
  0x000001a1df5ff050: d3a1 0100 | 0047 8824 | 1344 8b5c | 2450 458b | 5314 4585 | d20f 85a5 | 1000 0045 | 8b43 1045 
  0x000001a1df5ff070: 85c0 0f85 | a62e 0000 

  0x000001a1df5ff078: ;   {oop(a 'java/security/cert/Certificate'[0] {0x00000000c00041e0})}
  0x000001a1df5ff078: 48bf e041 | 00c0 0000 | 0000 448b | 562c 4585 | d20f 84fd | 4300 0048 | 897c 2450 | 4c89 6c24 
  0x000001a1df5ff098: 2048 8bee | 498b d24c | 8bc3 4c8b | cfbf 0100 | 0000 6690 

  0x000001a1df5ff0ac: ;   {optimized virtual_call}
  0x000001a1df5ff0ac: c5f8 77e8 

  0x000001a1df5ff0b0: ; ImmutableOopMap {rbp=Oop [32]=Oop [40]=Oop [48]=Oop [64]=Oop [72]=Oop [80]=Oop }
                      ;*invokevirtual putVal {reexecute=0 rethrow=0 return_oop=1}
                      ; - java.util.concurrent.ConcurrentHashMap::putIfAbsent@4
                      ; - java.lang.ClassLoader::checkCerts@62
                      ; - java.lang.ClassLoader::preDefineClass@113
                      ; - java.lang.ClassLoader::defineClass@4
  0x000001a1df5ff0b0: 8c03 fdff 

  0x000001a1df5ff0b4: ;   {other}
  0x000001a1df5ff0b4: 0f1f 8400 | 240d 0001 | 4c8b e848 | 85c0 7430 | 448b 5808 

  0x000001a1df5ff0c8: ;   {metadata('java/security/cert/Certificate'[])}
  0x000001a1df5ff0c8: 4181 fbc0 | 5110 000f | 857f 5b00 | 004c 8b74 | 2450 458b | 560c 458b | 5d0c 4585 | d20f 8713 
  0x000001a1df5ff0e8: 1b00 0045 | 85db 0f87 | 6d4a 0000 | 4c8b 5424 | 4845 8b5a | 1045 8b73 | 0c45 85f6 | 0f84 6620 
  0x000001a1df5ff108: 0000 458b | 5638 458b | 4208 498b 

  0x000001a1df5ff114: ;   {metadata('sun/net/www/protocol/file/Handler')}
  0x000001a1df5ff114: fe41 81f8 | 1034 2100 | 0f85 9f1a | 0000 498b | 87b8 0100 | 004c 8bd0 | 4983 c218 | 4d3b 97c8 
  0x000001a1df5ff134: 0100 000f | 8354 3100 | 004d 8997 | b801 0000 | 410f 1882 | 0001 0000 | 48c7 0001 

  0x000001a1df5ff150: ;   {metadata('java/lang/StringBuilder')}
  0x000001a1df5ff150: 0000 00c7 | 4008 1880 | 0000 4489 | 600c 4c89 | 6010 4889 | 8424 9000 | 0000 4d8b | 87b8 0100 
  0x000001a1df5ff170: 004d 8bd0 | 4983 c220 | 4d3b 97c8 | 0100 000f | 8360 3100 | 004d 8997 | b801 0000 | 410f 1882 
  0x000001a1df5ff190: 0001 0000 | 49c7 0001 | 0000 0041 | 0f18 8240 

  0x000001a1df5ff1a0: ;   {metadata({type array byte})}
  0x000001a1df5ff1a0: 0100 0041 | c740 0868 | 2200 0041 | 0f18 8280 | 0100 0041 | c740 0c10 | 0000 004d | 8960 104d 
  0x000001a1df5ff1c0: 8960 1845 | 8b4e 144d | 8bd0 4c8b | 9c24 9000 | 0000 4589 | 5314 4d8b | d349 c1ea | 0949 bb00 
  0x000001a1df5ff1e0: 00b4 d3a1 | 0100 0047 | 8824 1345 | 85c9 0f84 | 1929 0000 | 458b 5114 

  0x000001a1df5ff1f8: ; implicit exception: dispatches to 0x000001a1df605028
  0x000001a1df5ff1f8: 458b 5a0c | 450f be51 | 10c4 422a | f7eb 498b | d945 8d55 | f045 85d2 | 0f8f 2518 | 0000 4c8b 
  0x000001a1df5ff218: 9424 9000 | 0000 450f | be5a 1045 | 0fbe 5110 | 4c8b 8424 | 9000 0000 | 418b 480c | 453b da0f 
  0x000001a1df5ff238: 857a 3900 | 004c 8b84 | 2490 0000 | 0041 8b58 | 1445 8b49 | 1445 3bd3 | 0f85 ea2b | 0000 458b 
  0x000001a1df5ff258: 510c c4e2 | 21f7 e944 | 8b43 0c85 | ed0f 8cf9 | 4300 0041 | 8d0c 2a44 | 3bc1 0f82 | ec43 0000 
  0x000001a1df5ff278: 4585 d276 | 2a4d 63c2 | 4d8b d149 | 8d49 104c | 8bd3 488d | 542b 10c5 | f877 49ba | a06e efde 
  0x000001a1df5ff298: a101 0000 

  0x000001a1df5ff29c: ;   {other}
  0x000001a1df5ff29c: 41ff d20f | 1f84 0000 | 0000 004c | 8b94 2490 | 0000 0045 | 016a 0c4c | 8b94 2490 | 0000 0045 
  0x000001a1df5ff2bc: 8b5a 1441 | 8b5b 0c45 | 0fbe 4a10 | 458b 420c | c462 32f7 | cb45 8bd0 | 452b d141 | ffc2 4585 
  0x000001a1df5ff2dc: d20f 8f86 | 0f00 004c | 8b94 2490 | 0000 0041 | 807a 1000 | 0f85 1e23 | 0000 418b | 6a0c 448d 
  0x000001a1df5ff2fc: 4501 4589 | 420c 458b | 430c 413b | e80f 83f9 | 4100 0041 | c644 2b10 | 3a45 8b4e | 2445 85c9 
  0x000001a1df5ff31c: 7411 458b | 5914 458b | 530c 4585 | d20f 87cd 

  0x000001a1df5ff32c: ;   {oop(""{0x00000000c0000ee8})}
  0x000001a1df5ff32c: 2400 0048 | bae8 0e00 | c000 0000 | 0044 8b52 | 1445 8b5a | 0c4c 8b94 | 2490 0000 | 0041 8b6a 
  0x000001a1df5ff34c: 148b 4d0c | 4889 7c24 | 2045 0fbe | 5210 440f | be4a 10c4 | e22a f7c1 | c4c2 32f7 | db4c 8b9c 
  0x000001a1df5ff36c: 2490 0000 | 0045 8b5b | 0c46 8d04 | 1b41 8bf8 | 2bf8 85ff | 0f8f 5f10 | 0000 453b | d10f 853c 
  0x000001a1df5ff38c: 3600 004c | 8b84 2490 | 0000 0045 | 8b48 148b | 4a14 440f | be42 1045 | 3bc2 0f85 | e328 0000 
  0x000001a1df5ff3ac: ; implicit exception: dispatches to 0x000001a1df604fa0
  0x000001a1df5ff3ac: 448b 410c | c4c2 29f7 | eb45 8b51 | 0c85 ed0f | 8c0b 4200 | 0045 8d1c | 2845 3bd3 | 0f82 fe41 
  0x000001a1df5ff3cc: 0000 4585 | c076 2a4c | 8bd1 488d | 4910 4d63 | c04d 8bd1 | 498d 5429 | 10c5 f877 | 49ba a06e 
  0x000001a1df5ff3ec: efde a101 | 0000 41ff 

  0x000001a1df5ff3f4: ;   {other}
  0x000001a1df5ff3f4: d20f 1f84 | 0000 0000 | 004c 8b94 | 2490 0000 | 0041 035a | 0c41 895a | 0c41 8b6e | 2844 8b55 
  0x000001a1df5ff414: 1445 8b52 | 0c4c 8b9c | 2490 0000 | 0041 8b4b | 148b 790c | 440f be45 | 1045 0fbe | 5b10 c442 
  0x000001a1df5ff434: 3af7 eac4 | 6222 f7d7 | 468d 042b | 458b d845 | 2bda 4c8b | cd45 85db | 0f8f 3f11 | 0000 4c8b 
  0x000001a1df5ff454: 9424 9000 | 0000 450f | be52 1044 | 0fbe 5d10 | 4c8b 8424 | 9000 0000 | 418b 580c | 453b d30f 
  0x000001a1df5ff474: 85d5 3500 | 004c 8b84 | 2490 0000 | 0045 8b48 | 148b 4d14 | 453b da0f | 85d8 2800 | 0044 8b59 
  0x000001a1df5ff494: 0cc4 e229 | f7eb 458b | 510c 85ed | 0f8c 7241 | 0000 458d | 042b 453b | d00f 8265 | 4100 0045 
  0x000001a1df5ff4b4: 85db 762a | 4d63 c34c | 8bd1 488d | 4910 4d8b | d149 8d54 | 2910 c5f8 | 7749 baa0 | 6eef dea1 
  0x000001a1df5ff4d4: 0100 0041 

  0x000001a1df5ff4d8: ;   {other}
  0x000001a1df5ff4d8: ffd2 0f1f | 8400 0000 | 0000 458b | d54c 8b9c | 2490 0000 | 0045 0353 | 0c45 8953 | 0c41 8b6e 
  0x000001a1df5ff4f8: 2085 ed0f | 85af 4600 | 0041 8b6b | 148b 5d0c | 450f be43 | 10c4 623a | f7db 458b | ca45 2bcb 
  0x000001a1df5ff518: 4585 c90f | 8f0b 1200 | 004c 8b94 | 2490 0000 | 0045 8b52 

  0x000001a1df5ff52c: ;   {oop([B{0x00000000c0002348})}
  0x000001a1df5ff52c: 0c49 b848 | 2300 c000 

  0x000001a1df5ff534: ;   {oop([B{0x00000000c0002348})}
  0x000001a1df5ff534: 0000 0049 | bb48 2300 | c000 0000 | 0049 83c3 | 104c 8b84 | 2490 0000 | 0041 8078 | 1000 0f85 
  0x000001a1df5ff554: 7135 0000 | 85ed 0f84 | 6d3f 0000 | 4585 d20f | 8ceb 3f00 | 0044 8b45 | 0c45 3bc2 | 0f82 de3f 
  0x000001a1df5ff574: 0000 418b | 6e30 85ed | 0f85 6646 | 0000 4c8b | 9424 9000 | 0000 418b | 6a14 448b | 550c 4c8b 
  0x000001a1df5ff594: 8424 9000 | 0000 450f | be48 1045 | 8b40 0cc4 | 4232 f7ca | 418b d841 | 2bd9 85db | 0f8f 0013 
  0x000001a1df5ff5b4: 0000 4c8b | 9424 9000 | 0000 458b | 520c 4c8b | 8424 9000 | 0000 4180 | 7810 000f | 8578 3500 
  0x000001a1df5ff5d4: 0085 ed0f | 8410 3f00 | 0045 85d2 | 0f8c ae3f | 0000 448b | 5d0c 453b | da0f 82a1 | 3f00 004d 
  0x000001a1df5ff5f4: 8b9f b801 | 0000 4d8b | d349 83c2 | 184d 3b97 | c801 0000 | 0f83 3a2d | 0000 4d89 | 97b8 0100 
  0x000001a1df5ff614: 0041 0f18 | 8200 0100 | 0049 c703 | 0100 0000 

  0x000001a1df5ff624: ;   {metadata('java/lang/String')}
  0x000001a1df5ff624: 41c7 4308 | 40e7 0000 | 4589 630c | 4d89 6310 | 4c89 5c24 | 504c 8b94 | 2490 0000 | 0045 8b5a 
  0x000001a1df5ff644: 0c41 8b5a | 1441 807a | 1000 0f85 | 1c25 0000 

  0x000001a1df5ff654: ; implicit exception: dispatches to 0x000001a1df605010
  0x000001a1df5ff654: 8b7b 0c4c | 8bd3 4c89 | 9424 8000 | 0000 4c8d | 4b10 443b | df0f 8593 | 0000 004c | 63c7 81ff 
  0x000001a1df5ff674: 0000 1000 | 0f87 2d38 | 0000 498b | b7b8 0100 | 004d 8d50 | 1749 83e2 | f84c 8bde | 4d03 da4d 
  0x000001a1df5ff694: 3b9f c801 | 0000 0f83 | 0b38 0000 | 4d89 9fb8 | 0100 0041 | 0f18 8300 | 0100 0048 | c706 0100 
  0x000001a1df5ff6b4: 0000 410f | 1883 4001 

  0x000001a1df5ff6bc: ;   {metadata({type array byte})}
  0x000001a1df5ff6bc: 0000 c746 | 0868 2200 | 0089 7e0c | 410f 1883 | 8001 0000 | 488b d648 | 83c2 1049 | 83c0 0749 
  0x000001a1df5ff6dc: c1e8 0349 | 8bc9 c5f8 | 7749 ba60 | 74ef dea1 | 0100 0041 

  0x000001a1df5ff6f0: ;   {other}
  0x000001a1df5ff6f0: ffd2 0f1f | 8400 0000 | 0000 488b | dee9 d500 | 0000 4585 | db0f 8c29 | 4500 0041 | 81fb 0000 
  0x000001a1df5ff710: 1000 0f87 | 9440 0000 | 4963 cb41 | 3bfb 8bef | 410f 4feb | 3bfd 0f82 | f140 0000 | 443b dd0f 
  0x000001a1df5ff730: 82e8 4000 | 0048 83c1 | 174c 8bc1 | 4983 e0f8 | 4181 fb00 | 0010 000f | 87a7 3500 | 0049 8b9f 
  0x000001a1df5ff750: b801 0000 | 4c8b d34d | 03d0 4d3b | 97c8 0100 | 000f 838d | 3500 004d | 8997 b801 | 0000 410f 
  0x000001a1df5ff770: 1882 0001 | 0000 48c7 | 0301 0000 | 0041 0f18 | 8240 0100 

  0x000001a1df5ff784: ;   {metadata({type array byte})}
  0x000001a1df5ff784: 00c7 4308 | 6822 0000 | 4489 5b0c | 410f 1882 | 8001 0000 | 488b d348 | 83c2 1048 | c1e9 0385 
  0x000001a1df5ff7a4: ed0f 8409 | 4000 0041 | 3beb 0f8c | a11f 0000 | 4983 c0f0 | 49c1 e803 | 498b c9c5 | f877 49ba 
  0x000001a1df5ff7c4: 6074 efde | a101 0000 

  0x000001a1df5ff7cc: ;   {other}
  0x000001a1df5ff7cc: 41ff d20f | 1f84 0000 | 0000 004c | 8b54 2450 | 4c8b db4c | 8b44 2450 | 4589 5814 | 49c1 ea09 
  0x000001a1df5ff7ec: 49bb 0000 | b4d3 a101 | 0000 4788 | 2413 4c8b | 5424 5048 | 8b54 2428 | 4c8b 4424 | 404c 8b4c 
  0x000001a1df5ff80c: 2430 8b7c | 2438 8b74 | 243c 488b | 4c24 484c | 8914 2490 

  0x000001a1df5ff820: ;   {static_call}
  0x000001a1df5ff820: c5f8 77e8 

  0x000001a1df5ff824: ; ImmutableOopMap {[40]=Oop [72]=Oop }
                      ;*invokestatic defineClass1 {reexecute=0 rethrow=0 return_oop=1}
                      ; - java.lang.ClassLoader::defineClass@27
  0x000001a1df5ff824: b805 edff 

  0x000001a1df5ff828: ;   {other}
  0x000001a1df5ff828: 0f1f 8400 | 9814 0002 | 4889 4424 | 2044 8b50 | 3c45 85d2 | 0f85 bd02 | 0000 4c8b | 5010 458b 
  0x000001a1df5ff848: 5a08 4585 | db0f 8c41 | 4300 0044 | 8b50 2c45 | 85d2 0f84 | f019 0000 | 498b da44 | 8b5b 1445 
  0x000001a1df5ff868: 8b43 0c44 | 0fbe 4b10 | c442 32f7 | d041 8d4a | ff45 85c9 | 0f85 e644 | 0000 4d8b | cb4c 898c 
  0x000001a1df5ff888: 2488 0000 | 0045 8d48 | ff44 3bc9 | 440f 4fc9 | 4585 c97c | 2566 6690 | 453b c80f | 8372 3700 
  0x000001a1df5ff8a8: 0043 807c | 0b10 2e74 | 1749 8b8f | 5004 0000 

  0x000001a1df5ff8b8: ; ImmutableOopMap {r11=NarrowOop rbx=Oop [32]=Oop [40]=Oop [72]=Oop [136]=Oop }
                      ;*goto {reexecute=1 rethrow=0 return_oop=0}
                      ; - (reexecute) java.lang.StringLatin1::lastIndexOf@35
                      ; - java.lang.String::lastIndexOf@13
                      ; - java.lang.String::lastIndexOf@8
                      ; - java.lang.Class::getPackageName@47
                      ; - java.lang.ClassLoader::postDefineClass@2
                      ; - java.lang.ClassLoader::defineClass@37
                      ;   {poll}
  0x000001a1df5ff8b8: 41ff c985 | 0145 85c9 | 7dde 41b9 | ffff ffff | 4183 f9ff | 0f84 0245 | 0000 4585 | c90f 8cc1 
  0x000001a1df5ff8d8: 4400 0045 | 3bca 0f8f | 1c45 0000 | 453b ca0f | 84dc 0100 | 0045 85c9 | 0f84 ee21 | 0000 498b 
  0x000001a1df5ff8f8: 9fb8 0100 | 004c 8bd3 | 4983 c218 | 4d3b 97c8 | 0100 000f | 8345 3400 | 004d 8997 | b801 0000 
  0x000001a1df5ff918: 410f 1882 | 0001 0000 | 48c7 0301 

  0x000001a1df5ff924: ;   {metadata('java/lang/String')}
  0x000001a1df5ff924: 0000 00c7 | 4308 40e7 | 0000 4489 | 630c 4c89 | 6310 4d8d | 5310 453b | c80f 8595 | 0000 0049 
  0x000001a1df5ff944: 63f0 4181 | f800 0010 | 000f 8763 | 3700 0049 | 8bbf b801 | 0000 4c8d | 4e17 4983 | e1f8 488b 
  0x000001a1df5ff964: cf49 03c9 | 493b 8fc8 | 0100 000f | 8341 3700 | 0049 898f | b801 0000 | 0f18 8100 | 0100 0048 
  0x000001a1df5ff984: c707 0100 | 0000 0f18 | 8140 0100 

  0x000001a1df5ff990: ;   {metadata({type array byte})}
  0x000001a1df5ff990: 00c7 4708 | 6822 0000 | 4489 470c | 0f18 8180 | 0100 0048 | 8bd7 4883 | c210 4883 | c607 48c1 
  0x000001a1df5ff9b0: ee03 498b | ca4c 8bc6 | c5f8 7749 | ba60 74ef | dea1 0100 | 0041 ffd2 

  0x000001a1df5ff9c8: ;   {other}
  0x000001a1df5ff9c8: 0f1f 8400 | 0000 0000 | 488b f7e9 | d100 0000 | 4181 f900 | 0010 000f | 87e3 4200 | 0049 63c9 
  0x000001a1df5ff9e8: 453b c141 | 8be8 410f | 4fe9 443b | c50f 823e | 4300 0044 | 3bcd 0f82 | 3543 0000 | 4883 c117 
  0x000001a1df5ffa08: 4c8b c149 | 83e0 f841 | 81f9 0000 | 1000 0f87 | 6135 0000 | 498b b7b8 | 0100 004c | 8bde 4d03 
  0x000001a1df5ffa28: d84d 3b9f | c801 0000 | 0f83 4735 | 0000 4d89 | 9fb8 0100 | 0041 0f18 | 8300 0100 | 0048 c706 
  0x000001a1df5ffa48: 0100 0000 | 410f 1883 | 4001 0000 

  0x000001a1df5ffa54: ;   {metadata({type array byte})}
  0x000001a1df5ffa54: c746 0868 | 2200 0044 | 894e 0c41 | 0f18 8380 | 0100 004c | 8bde 4983 | c310 48c1 | e903 85ed 
  0x000001a1df5ffa74: 0f84 5642 | 0000 413b | e90f 8cc6 | 1f00 0049 | 83c0 f049 | c1e8 0349 | 8bca 498b | d3c5 f877 
  0x000001a1df5ffa94: 49ba 6074 | efde a101 | 0000 41ff 

  0x000001a1df5ffaa0: ;   {other}
  0x000001a1df5ffaa0: d20f 1f84 | 0000 0000 | 0044 8863 | 104c 8bde | 4489 5b14 | 4c8b d349 | c1ea 0949 | bb00 00b4 
  0x000001a1df5ffac0: d3a1 0100 | 0047 8824 | 1348 8bd3 

  0x000001a1df5ffacc: ;   {optimized virtual_call}
  0x000001a1df5ffacc: c5f8 77e8 

  0x000001a1df5ffad0: ; ImmutableOopMap {[32]=Oop [40]=Oop [72]=Oop }
                      ;*invokevirtual intern {reexecute=0 rethrow=0 return_oop=1}
                      ; - java.lang.Class::getPackageName@65
                      ; - java.lang.ClassLoader::postDefineClass@2
                      ; - java.lang.ClassLoader::defineClass@37
  0x000001a1df5ffad0: ec0c e8ff 

  0x000001a1df5ffad4: ;   {other}
  0x000001a1df5ffad4: 0f1f 8400 | 4417 0004 | 4c8b d04c | 8b5c 2420 | 4589 533c | 4d8b d349 | c1ea 0949 | bb00 00b4 
  0x000001a1df5ffaf4: d3a1 0100 | 0047 8824 | 13eb 0349 | 8bc2 4c8b | 5424 2841 | 8b72 3885 | f60f 8428 | 3900 0048 
  0x000001a1df5ffb14: 8bc8 8b58 | 0c4c 8b54 | 2420 458b | 4230 85db | 0f85 0a02 | 0000 440f | b658 1145 | 85db 0f85 
  0x000001a1df5ffb34: c426 0000 | 8b68 1480 | 7810 000f | 8514 2e00 | 008b 550c | 4c8b d548 | 8d7d 1083 | fa02 0f8c 
  0x000001a1df5ffb54: 491b 0000 | 33db 83fa | 200f 8c75 | 0100 0045 | 33c9 c5d5 | efed c5cd | eff6 c5c5 | efff c441 
  0x000001a1df5ffb74: ;   {external_word}
  0x000001a1df5ffb74: 3def c049 | bba0 61bb | b4fd 7f00 | 0045 8b13 | c4c1 796e | c2c4 e27d | 58c0 448b | da41 83e3 
  0x000001a1df5ffb94: e041 0faf | dac4 217a | 7e0c 0fc4 | 217a 7e54 | 0f08 c421 | 7a7e 5c0f | 10c4 217a | 7e64 0f18 
  0x000001a1df5ffbb4: c4e2 5540 | e8c4 427d | 31c9 c4c1 | 55fe e9c4 | e24d 40f0 | c442 7d31 | d2c4 c14d | fef2 c4e2 
  0x000001a1df5ffbd4: 4540 f8c4 | 427d 31db | c4c1 45fe | fbc4 623d | 40c0 c442 | 7d31 e4c4 | 413d fec4 | 4183 c120 
  0x000001a1df5ffbf4: 453b cb7c | 9c4a 8d3c | 1f41 2bd3 

  0x000001a1df5ffc00: ;   {external_word}
  0x000001a1df5ffc00: 49bb a461 | bbb4 fd7f | 0000 c4c1 | 7e6f 0bc4 | e255 40e9 

  0x000001a1df5ffc14: ;   {external_word}
  0x000001a1df5ffc14: 49bb c461 | bbb4 fd7f | 0000 c4c1 | 7e6f 13c4 | e24d 40f2 

  0x000001a1df5ffc28: ;   {external_word}
  0x000001a1df5ffc28: 49bb e461 | bbb4 fd7f | 0000 c4c1 | 7e6f 1bc4 | e245 40fb 

  0x000001a1df5ffc3c: ;   {external_word}
  0x000001a1df5ffc3c: 49bb 0462 | bbb4 fd7f | 0000 c4c1 | 7e6f 23c4 | 623d 40c4 | c462 5502 | cdc4 437d | 39ca 01c4 
  0x000001a1df5ffc5c: 4131 feca | c442 3102 | c9c5 796e | d3c4 4131 | feca c579 | 7ecb c462 | 4d02 dec4 | 437d 39dc 
  0x000001a1df5ffc7c: 01c4 4121 | fedc c442 | 2102 dbc5 | 796e e3c4 | 4121 fedc | c579 7edb | c462 4502 | cfc4 437d 
  0x000001a1df5ffc9c: 39ca 01c4 | 4131 feca | c442 3102 | c9c5 796e | d3c4 4131 | feca c579 | 7ecb c442 | 3d02 d8c4 
  0x000001a1df5ffcbc: 437d 39dc | 01c4 4121 | fedc c442 | 2102 dbc5 | 796e e3c4 | 4121 fedc | c579 7edb | 41b9 0100 
  0x000001a1df5ffcdc: 0000 443b | ca0f 8d2e | 0000 0041 | bac1 0300 | 0041 0faf | da46 0fb6 | 5c0f ff45 | 8bd3 41c1 
  0x000001a1df5ffcfc: e205 452b | d341 03da | 460f b614 | 0f41 03da | 4183 c102 | 443b ca7c | d27f 1244 | 8bdb c1e3 
  0x000001a1df5ffd1c: 0541 2bdb | 460f b654 | 0fff 4103 | da85 db0f | 84d8 3100 | 0089 590c | 448b 4e28 

  0x000001a1df5ffd38: ;   {no_reloc}
  0x000001a1df5ffd38: 4585 c90f | 841e 0100 | 0045 8b59 | 0c45 85db | 0f86 ca3b | 0000 448b | d341 c1ea | 1044 33d3 
  0x000001a1df5ffd58: 41ff cb41 | 81e2 ffff | ff7f 4523 | da4d 63db | 478b 4c99 | 1045 85c9 | 0f84 e900 | 0000 418b 
  0x000001a1df5ffd78: 690c 413b | ea0f 84be | 0200 0085 | ed0f 8cb5 | 4000 0045 | 8b49 1845 | 85c9 0f84 | c700 0000 
  0x000001a1df5ffd98: 498b f18b | 7e0c 498b | 9750 0400 

  0x000001a1df5ffda4: ; ImmutableOopMap {r8=NarrowOop rcx=Oop rsi=Oop [32]=Oop [40]=Oop [72]=Oop }
                      ;*if_icmpne {reexecute=1 rethrow=0 return_oop=0}
                      ; - (reexecute) java.util.concurrent.ConcurrentHashMap::get@127
                      ; - java.lang.ClassLoader::getNamedPackage@5
                      ; - java.lang.ClassLoader::postDefineClass@9
                      ; - java.lang.ClassLoader::defineClass@37
                      ;   {poll}
  0x000001a1df5ffda4: 0085 0241 | 3bfa 7412 | 448b 5e18 | 4585 db0f | 84a6 0000 | 0049 8bf3 | ebdd 8b6e | 104c 8bdd 
  0x000001a1df5ffdc4: 4c3b d90f | 8487 0000 | 0085 ed0f | 84f3 4700 | 0048 8974 | 2458 4489 | 5424 5444 | 8944 2450 
  0x000001a1df5ffde4: 4889 4c24 | 404c 8b54 | 2420 4c89 | 5424 384c | 8b54 2448 | 4c89 5424 | 304c 8b54 | 2428 4c89 
  0x000001a1df5ffe04: 5424 204c | 8bc5 488b | d148 8b6c | 2438 6690 

  0x000001a1df5ffe14: ;   {optimized virtual_call}
  0x000001a1df5ffe14: c5f8 77e8 

  0x000001a1df5ffe18: ; ImmutableOopMap {rbp=Oop [32]=Oop [48]=Oop [64]=Oop [80]=NarrowOop [88]=Oop }
                      ;*invokevirtual equals {reexecute=0 rethrow=0 return_oop=0}
                      ; - java.util.concurrent.ConcurrentHashMap::get@149
                      ; - java.lang.ClassLoader::getNamedPackage@5
                      ; - java.lang.ClassLoader::postDefineClass@9
                      ; - java.lang.ClassLoader::defineClass@37
  0x000001a1df5ffe18: a412 e7ff 

  0x000001a1df5ffe1c: ;   {other}
  0x000001a1df5ffe1c: 0f1f 8400 | 8c1a 0006 | 85c0 0f84 | d047 0000 | 4c8b 5424 | 204c 8954 | 2428 4c8b | 5424 304c 
  0x000001a1df5ffe3c: 8954 2448 | 4889 6c24 | 2048 8b4c | 2440 448b | 4424 5048 | 8b74 2458 | 8b6e 1485 | ed0f 8548 
  0x000001a1df5ffe5c: 0200 0049 | 8b87 b801 | 0000 4c8b | d049 83c2 | 184d 3b97 | c801 0000 | 0f83 9a30 | 0000 4d89 
  0x000001a1df5ffe7c: 97b8 0100 | 0041 0f18 | 8200 0100 | 0048 c700 | 0100 0000 

  0x000001a1df5ffe90: ;   {metadata('java/lang/NamedPackage')}
  0x000001a1df5ffe90: c740 0820 | bd01 0044 | 8960 0c4c | 8960 1048 | 894c 2430 | 4489 4424 | 3848 8944 | 2440 488b 
  0x000001a1df5ffeb0: 5424 3090 

  0x000001a1df5ffeb4: ;   {optimized virtual_call}
  0x000001a1df5ffeb4: c5f8 77e8 

  0x000001a1df5ffeb8: ; ImmutableOopMap {[32]=Oop [40]=Oop [48]=Oop [56]=NarrowOop [64]=Oop [72]=Oop }
                      ;*invokevirtual isEmpty {reexecute=0 rethrow=0 return_oop=0}
                      ; - java.lang.NamedPackage::<init>@5
                      ; - java.lang.ClassLoader::getNamedPackage@22
                      ; - java.lang.ClassLoader::postDefineClass@9
                      ; - java.lang.ClassLoader::defineClass@37
  0x000001a1df5ffeb8: c4e8 90ff 

  0x000001a1df5ffebc: ;   {other}
  0x000001a1df5ffebc: 0f1f 8400 | 2c1b 0007 | 85c0 0f84 | c512 0000 | 448b 5c24 | 3845 85db | 0f84 423d | 0000 4d8b 
  0x000001a1df5ffedc: d34c 8954 | 2450 498b | d266 6690 

  0x000001a1df5ffee8: ;   {optimized virtual_call}
  0x000001a1df5ffee8: c5f8 77e8 

  0x000001a1df5ffeec: ; ImmutableOopMap {[32]=Oop [40]=Oop [48]=Oop [56]=NarrowOop [64]=Oop [72]=Oop [80]=Oop }
                      ;*invokevirtual isNamed {reexecute=0 rethrow=0 return_oop=0}
                      ; - java.lang.NamedPackage::<init>@12
                      ; - java.lang.ClassLoader::getNamedPackage@22
                      ; - java.lang.ClassLoader::postDefineClass@9
                      ; - java.lang.ClassLoader::defineClass@37
  0x000001a1df5ffeec: 90e8 90ff 

  0x000001a1df5ffef0: ;   {other}
  0x000001a1df5ffef0: 0f1f 8400 | 601b 0008 | 85c0 0f84 | 9112 0000 | 498b 87b8 | 0100 004c | 8bd0 4983 | c228 4d3b 
  0x000001a1df5fff10: 97c8 0100 | 000f 8322 | 3000 004d | 8997 b801 | 0000 410f | 1882 0001 | 0000 48c7 | 0001 0000 
  0x000001a1df5fff30: ;   {metadata('java/lang/InternalError')}
  0x000001a1df5fff30: 00c7 4008 | 7005 0100 | 4489 600c | 4c89 6010 | 4c89 6018 | 4c89 6020 | 4889 4424 | 6849 8b87 
  0x000001a1df5fff50: b801 0000 | 4c8b d049 | 83c2 184d | 3b97 c801 | 0000 0f83 | f52f 0000 | 4d89 97b8 | 0100 0041 
  0x000001a1df5fff70: 0f18 8200 | 0100 0048 | c700 0100 

  0x000001a1df5fff7c: ;   {metadata('java/lang/StringBuilder')}
  0x000001a1df5fff7c: 0000 c740 | 0818 8000 | 0044 8960 | 0c4c 8960 | 1048 8be8 | 488b d590 

  0x000001a1df5fff94: ;   {optimized virtual_call}
  0x000001a1df5fff94: c5f8 77e8 

  0x000001a1df5fff98: ; ImmutableOopMap {rbp=Oop [32]=Oop [40]=Oop [48]=Oop [56]=NarrowOop [64]=Oop [72]=Oop [80]=Oop [104]=Oop }
                      ;*invokespecial <init> {reexecute=0 rethrow=0 return_oop=0}
                      ; - java.lang.NamedPackage::<init>@26
                      ; - java.lang.ClassLoader::getNamedPackage@22
                      ; - java.lang.ClassLoader::postDefineClass@9
                      ; - java.lang.ClassLoader::defineClass@37
  0x000001a1df5fff98: e4e7 90ff 

  0x000001a1df5fff9c: ;   {other}
  0x000001a1df5fff9c: 0f1f 8400 | 0c1c 0009 

  0x000001a1df5fffa4: ;   {oop("unnamed package in  "{0x00000000c0004198})}
  0x000001a1df5fffa4: 49b8 9841 | 00c0 0000 | 0000 488b | d54c 8b54 | 2468 4c89 | 5424 6090 

  0x000001a1df5fffbc: ;   {optimized virtual_call}
  0x000001a1df5fffbc: c5f8 77e8 

  0x000001a1df5fffc0: ; ImmutableOopMap {[32]=Oop [40]=Oop [48]=Oop [56]=NarrowOop [64]=Oop [72]=Oop [80]=Oop [96]=Oop [104]=Oop }
                      ;*invokevirtual append {reexecute=0 rethrow=0 return_oop=1}
                      ; - java.lang.NamedPackage::<init>@31
                      ; - java.lang.ClassLoader::getNamedPackage@22
                      ; - java.lang.ClassLoader::postDefineClass@9
                      ; - java.lang.ClassLoader::defineClass@37
  0x000001a1df5fffc0: bce7 90ff 

  0x000001a1df5fffc4: ;   {other}
  0x000001a1df5fffc4: 0f1f 8400 | 341c 000a | 4885 c00f | 84c3 3c00 | 0048 8bd0 | 4c8b 4424 | 504c 8b54 | 2460 4c89 
  0x000001a1df5fffe4: 5424 5090 

  0x000001a1df5fffe8: ;   {optimized virtual_call}
  0x000001a1df5fffe8: c5f8 77e8 

  0x000001a1df5fffec: ; ImmutableOopMap {[32]=Oop [40]=Oop [48]=Oop [56]=NarrowOop [64]=Oop [72]=Oop [80]=Oop [96]=Oop }
                      ;*invokevirtual append {reexecute=0 rethrow=0 return_oop=1}
                      ; - java.lang.NamedPackage::<init>@35
                      ; - java.lang.ClassLoader::getNamedPackage@22
                      ; - java.lang.ClassLoader::postDefineClass@9
                      ; - java.lang.ClassLoader::defineClass@37
  0x000001a1df5fffec: 90e7 90ff 

  0x000001a1df5ffff0: ;   {other}
  0x000001a1df5ffff0: 0f1f 8400 | 601c 000b | 4885 c00f | 84af 3c00 | 0048 8bd0 

  0x000001a1df600004: ;   {optimized virtual_call}
  0x000001a1df600004: c5f8 77e8 

  0x000001a1df600008: ; ImmutableOopMap {[32]=Oop [40]=Oop [48]=Oop [56]=NarrowOop [64]=Oop [72]=Oop [80]=Oop }
                      ;*invokevirtual toString {reexecute=0 rethrow=0 return_oop=1}
                      ; - java.lang.NamedPackage::<init>@38
                      ; - java.lang.ClassLoader::getNamedPackage@22
                      ; - java.lang.ClassLoader::postDefineClass@9
                      ; - java.lang.ClassLoader::defineClass@37
  0x000001a1df600008: 74e7 90ff 

  0x000001a1df60000c: ;   {other}
  0x000001a1df60000c: 0f1f 8400 | 7c1c 000c | 488b 5424 | 504c 8bc0 

  0x000001a1df60001c: ;   {optimized virtual_call}
  0x000001a1df60001c: c5f8 77e8 

  0x000001a1df600020: ; ImmutableOopMap {[32]=Oop [40]=Oop [48]=Oop [56]=NarrowOop [64]=Oop [72]=Oop [80]=Oop }
                      ;*invokespecial <init> {reexecute=0 rethrow=0 return_oop=0}
                      ; - java.lang.NamedPackage::<init>@41
                      ; - java.lang.ClassLoader::getNamedPackage@22
                      ; - java.lang.ClassLoader::postDefineClass@9
                      ; - java.lang.ClassLoader::defineClass@37
  0x000001a1df600020: 5ce7 90ff 

  0x000001a1df600024: ;   {other}
  0x000001a1df600024: 0f1f 8400 | 941c 000d | 488b 5424 | 50c5 f877 | 4881 c4c0 | 0000 005d 

  0x000001a1df60003c: ;   {runtime_call _rethrow_Java}
  0x000001a1df60003c: e93f d69c | ff41 8b69 | 104c 8bdd | 4c3b d974 | 4e85 ed0f | 841f 3e00 | 0044 8954 | 243c 4489 
  0x000001a1df60005c: 4424 3848 | 894c 2430 | 4c8b c549 | 8be9 4489 | 4c24 4048 | 8bd1 6690 

  0x000001a1df600074: ;   {optimized virtual_call}
  0x000001a1df600074: c5f8 77e8 

  0x000001a1df600078: ; ImmutableOopMap {rbp=Oop [32]=Oop [40]=Oop [48]=Oop [56]=NarrowOop [64]=NarrowOop [72]=Oop }
                      ;*invokevirtual equals {reexecute=0 rethrow=0 return_oop=0}
                      ; - java.util.concurrent.ConcurrentHashMap::get@73
                      ; - java.lang.ClassLoader::getNamedPackage@5
                      ; - java.lang.ClassLoader::postDefineClass@9
                      ; - java.lang.ClassLoader::defineClass@37
  0x000001a1df600078: 4410 e7ff 

  0x000001a1df60007c: ;   {other}
  0x000001a1df60007c: 0f1f 8400 | ec1c 000e | 85c0 0f84 | a419 0000 | 488b 4c24 | 3044 8b44 | 2438 448b | 4c24 4041 
  0x000001a1df60009c: 8b69 1485 | ed0f 84b8 | fdff ff44 | 8b55 0849 | bb00 0000 | 80a1 0100 | 004d 03da | 4d8b 5338 
  0x000001a1df6000bc: ;   {metadata('java/lang/NamedPackage')}
  0x000001a1df6000bc: 49bb 20bd | 0180 a101 | 0000 4d3b | d30f 8505 | 3600 004c | 8b54 2448 | 458b 5210 

  0x000001a1df6000d8: ; implicit exception: dispatches to 0x000001a1df6051dc
  0x000001a1df6000d8: 458b 4a14 | 4585 c90f | 85ca 0000 | 0045 8b5a | 1045 85db | 0f85 7a22 | 0000 488b | 4424 20c5 
  0x000001a1df6000f8: f877 4881 | c4c0 0000 

  0x000001a1df600100: ;   {poll_return}
  0x000001a1df600100: 005d 493b | a748 0400 | 000f 87ad | 5600 00c3 | 458b 5a0c | 458b 4208 | 4d63 cb49 | 8bea 49c1 
  0x000001a1df600120: e102 4181 | fb00 0004 | 000f 8701 | 3000 0049 | 8bbf b801 | 0000 498d | 4917 4883 | e1f8 488b 
  0x000001a1df600140: d748 03d1 | 493b 97c8 | 0100 000f | 83df 2f00 | 0049 8997 | b801 0000 | 0f18 8200 | 0100 0048 
  0x000001a1df600160: c707 0100 | 0000 4489 | 4708 4489 | 5f0c 0f18 | 8240 0100 | 000f 1882 | 8001 0000 | 498d 4a10 
  0x000001a1df600180: 488b d748 | 83c2 1049 | 83c1 0749 | c1e9 034d | 8bc1 c5f8 | 7749 ba60 | 74ef dea1 | 0100 0041 
  0x000001a1df6001a0: ;   {other}
  0x000001a1df6001a0: ffd2 0f1f | 8400 0000 | 0000 e9d3 | eeff ff45 | 8b41 0c41 | 8b79 0849 | 8be9 4963 | f048 c1e6 
  0x000001a1df6001c0: 0241 81f8 | 0000 0400 | 0f87 0a30 | 0000 498b | 9fb8 0100 | 004c 8d56 | 1749 83e2 | f84c 8bdb 
  0x000001a1df6001e0: 4d03 da4d | 3b9f c801 | 0000 0f83 | e82f 0000 | 4d89 9fb8 | 0100 0041 | 0f18 8300 | 0100 0048 
  0x000001a1df600200: c703 0100 | 0000 897b | 0844 8943 | 0c41 0f18 | 8340 0100 | 0041 0f18 | 8380 0100 | 0049 8d49 
  0x000001a1df600220: 1048 8bd3 | 4883 c210 | 4883 c607 | 48c1 ee03 | 4c8b c6c5 | f877 49ba | 6074 efde | a101 0000 
  0x000001a1df600240: ;   {other}
  0x000001a1df600240: 41ff d20f | 1f84 0000 | 0000 0048 | 8b54 2420 | 4c8b c390 

  0x000001a1df600254: ;   {optimized virtual_call}
  0x000001a1df600254: c5f8 77e8 

  0x000001a1df600258: ; ImmutableOopMap {[32]=Oop }
                      ;*invokevirtual setSigners {reexecute=0 rethrow=0 return_oop=0}
                      ; - java.lang.ClassLoader::setSigners@2
                      ; - java.lang.ClassLoader::postDefineClass@35
                      ; - java.lang.ClassLoader::defineClass@37
  0x000001a1df600258: 24e5 90ff 

  0x000001a1df60025c: ;   {other}
  0x000001a1df60025c: 0f1f 8400 | cc1e 000f | e989 feff | ff89 5c24 | 6044 895c | 2454 488b | ac24 9000 | 0000 4889 
  0x000001a1df60027c: 7c24 5844 | 8974 2450 | 4c8b 5424 | 404c 8954 | 2420 41ff | c048 8bd5 

  0x000001a1df600294: ;   {optimized virtual_call}
  0x000001a1df600294: c5f8 77e8 

  0x000001a1df600298: ; ImmutableOopMap {rbp=Oop [32]=Oop [40]=Oop [48]=Oop [64]=Oop [72]=Oop [80]=NarrowOop [84]=NarrowOop [88]=Oop [144]=Oop }
                      ;*invokevirtual newCapacity {reexecute=0 rethrow=0 return_oop=0}
                      ; - java.lang.AbstractStringBuilder::ensureCapacityInternal@24
                      ; - java.lang.AbstractStringBuilder::append@7
                      ; - java.lang.StringBuilder::append@2
                      ; - java.net.URLStreamHandler::toExternalForm@16
                      ; - java.net.URL::toExternalForm@5
                      ; - java.net.URL::toString@1
                      ; - java.lang.ClassLoader::defineClassSourceLocation@22
                      ; - java.lang.ClassLoader::defineClass@12
  0x000001a1df600298: e4e4 90ff 

  0x000001a1df60029c: ;   {other}
  0x000001a1df60029c: 0f1f 8400 | 0c1f 0010 | 440f be55 | 10c4 6229 | f7d8 448b | 5424 544d | 8bc2 4c89 | 8424 8800 
  0x000001a1df6002bc: 0000 4d8d | 4a10 443b | 5c24 600f | 84d4 0f00 | 0041 81fb | 0000 1000 | 0f87 ce3b | 0000 4963 
  0x000001a1df6002dc: cb8b 5424 | 6041 3bd3 | 8bea 410f | 4feb 3bd5 | 0f82 d73e | 0000 443b | dd0f 82ce | 3e00 0048 
  0x000001a1df6002fc: 83c1 174c | 8bc1 4983 | e0f8 4181 | fb00 0010 | 000f 871d | 2f00 0049 | 8b9f b801 | 0000 4c8b 
  0x000001a1df60031c: d34d 03d0 | 4d3b 97c8 | 0100 000f | 8303 2f00 | 004d 8997 | b801 0000 | 410f 1882 | 0001 0000 
  0x000001a1df60033c: 48c7 0301 | 0000 0041 | 0f18 8240 

  0x000001a1df600348: ;   {metadata({type array byte})}
  0x000001a1df600348: 0100 00c7 | 4308 6822 | 0000 4489 | 5b0c 410f | 1882 8001 | 0000 4c8b | d349 83c2 | 1048 c1e9 
  0x000001a1df600368: 0385 ed0f | 843f 3b00 | 0041 3beb | 0f8c 3422 | 0000 4983 | c0f0 49c1 | e803 498b | c949 8bd2 
  0x000001a1df600388: c5f8 7749 | ba60 74ef | dea1 0100 | 0041 ffd2 

  0x000001a1df600398: ;   {other}
  0x000001a1df600398: 0f1f 8400 | 0000 0000 | 4c8b 9424 | 9000 0000 | 4c8b db4c | 8b84 2490 | 0000 0045 | 8958 1449 
  0x000001a1df6003b8: c1ea 0949 | b800 00b4 | d3a1 0100 | 0047 8824 | 104c 8b54 | 2420 4c89 | 5424 4044 | 8b74 2450 
  0x000001a1df6003d8: 4c8b 5424 | 5849 8bfa | e9fe eeff | ff89 5c24 | 6c89 4c24 | 6889 6c24 | 5448 8954 | 2460 488b 
  0x000001a1df6003f8: ac24 9000 | 0000 4c8b | 5424 204c | 8954 2458 | 4489 7424 | 504c 8b54 | 2440 4c89 | 5424 2048 
  0x000001a1df600418: 8bd5 6690 

  0x000001a1df60041c: ;   {optimized virtual_call}
  0x000001a1df60041c: c5f8 77e8 

  0x000001a1df600420: ; ImmutableOopMap {rbp=Oop [32]=Oop [40]=Oop [48]=Oop [64]=Oop [72]=Oop [80]=NarrowOop [84]=NarrowOop [88]=Oop [96]=Oop [144]=Oop }
                      ;*invokevirtual newCapacity {reexecute=0 rethrow=0 return_oop=0}
                      ; - java.lang.AbstractStringBuilder::ensureCapacityInternal@24
                      ; - java.lang.AbstractStringBuilder::append@21
                      ; - java.lang.StringBuilder::append@2
                      ; - java.net.URLStreamHandler::toExternalForm@59
                      ; - java.net.URL::toExternalForm@5
                      ; - java.net.URL::toString@1
                      ; - java.lang.ClassLoader::defineClassSourceLocation@22
                      ; - java.lang.ClassLoader::defineClass@12
  0x000001a1df600420: 5ce3 90ff 

  0x000001a1df600424: ;   {other}
  0x000001a1df600424: 0f1f 8400 | 9420 0011 | 440f be55 | 10c4 6229 | f7c0 448b | 5424 544d | 8bda 4c89 | 9c24 9800 
  0x000001a1df600444: 0000 4d8d | 5a10 443b | 4424 680f | 84e5 0e00 | 0041 81f8 | 0000 1000 | 0f87 b73a | 0000 4d63 
  0x000001a1df600464: c88b 5424 | 6841 3bd0 | 8bea 410f | 4fe8 3bd5 | 0f82 ba3d | 0000 443b | c50f 82b1 | 3d00 0049 
  0x000001a1df600484: 83c1 1749 | 8bf9 4883 | e7f8 4181 | f800 0010 | 000f 87f1 | 2d00 0049 | 8b9f b801 | 0000 4c8b 
  0x000001a1df6004a4: d34c 03d7 | 4d3b 97c8 | 0100 000f | 83d7 2d00 | 004d 8997 | b801 0000 | 410f 1882 | 0001 0000 
  0x000001a1df6004c4: 48c7 0301 | 0000 0041 | 0f18 8240 

  0x000001a1df6004d0: ;   {metadata({type array byte})}
  0x000001a1df6004d0: 0100 00c7 | 4308 6822 | 0000 4489 | 430c 410f | 1882 8001 | 0000 4c8b | d349 83c2 | 1049 c1e9 
  0x000001a1df6004f0: 0385 ed0f | 8428 3a00 | 0041 3be8 | 0f8c 4721 | 0000 4883 | c7f0 48c1 | ef03 498b | cb49 8bd2 
  0x000001a1df600510: 4c8b c7c5 | f877 49ba | 6074 efde | a101 0000 

  0x000001a1df600520: ;   {other}
  0x000001a1df600520: 41ff d20f | 1f84 0000 | 0000 004c | 8b94 2490 | 0000 0045 | 0fbe 5210 | 4c8b 9c24 | 9000 0000 
  0x000001a1df600540: 458b 5b0c | 488b 5424 | 6044 0fbe | 4a10 488b | cb4c 8b84 | 2490 0000 | 0041 8948 | 1449 c1e8 
  0x000001a1df600560: 0948 b900 | 00b4 d3a1 | 0100 0046 | 8824 014c | 8b44 2420 | 4c89 4424 | 4044 8b74 | 2450 4c8b 
  0x000001a1df600580: 4424 584c | 8944 2420 | 8b5c 246c | e9f5 edff | ff4c 894c | 2470 4489 | 6c24 6889 | 7c24 6489 
  0x000001a1df6005a0: 4c24 6089 | 6c24 544c | 8b54 2420 | 4c89 5424 | 5844 8974 | 2450 4c8b | 5424 404c | 8954 2420 
  0x000001a1df6005c0: 488b 9424 | 9000 0000 

  0x000001a1df6005c8: ;   {optimized virtual_call}
  0x000001a1df6005c8: c5f8 77e8 

  0x000001a1df6005cc: ; ImmutableOopMap {[32]=Oop [40]=Oop [48]=Oop [64]=Oop [72]=Oop [80]=NarrowOop [84]=NarrowOop [88]=Oop [96]=NarrowOop [112]=Oop [144]=Oop }
                      ;*invokevirtual newCapacity {reexecute=0 rethrow=0 return_oop=0}
                      ; - java.lang.AbstractStringBuilder::ensureCapacityInternal@24
                      ; - java.lang.AbstractStringBuilder::append@21
                      ; - java.lang.StringBuilder::append@2
                      ; - java.net.URLStreamHandler::toExternalForm@77
                      ; - java.net.URL::toExternalForm@5
                      ; - java.net.URL::toString@1
                      ; - java.lang.ClassLoader::defineClassSourceLocation@22
                      ; - java.lang.ClassLoader::defineClass@12
  0x000001a1df6005cc: 70de edff 

  0x000001a1df6005d0: ;   {other}
  0x000001a1df6005d0: 0f1f 8400 | 4022 0012 | 4c8b 9424 | 9000 0000 | 450f be52 | 10c4 6229 | f7d8 448b | 5424 604d 
  0x000001a1df6005f0: 8bc2 4c89 | 8424 a000 | 0000 4d8d | 4a10 443b | 5c24 640f | 84ca 0d00 | 0041 81fb | 0000 1000 
  0x000001a1df600610: 0f87 7739 | 0000 4963 | cb8b 5424 | 6441 3bd3 | 8bea 410f | 4feb 3bd5 | 0f82 7e3c | 0000 443b 
  0x000001a1df600630: dd0f 8275 | 3c00 0048 | 83c1 174c | 8bc1 4983 | e0f8 4181 | fb00 0010 | 000f 879c | 2c00 0049 
  0x000001a1df600650: 8b9f b801 | 0000 4c8b | d34d 03d0 | 4d3b 97c8 | 0100 000f | 8382 2c00 | 004d 8997 | b801 0000 
  0x000001a1df600670: 410f 1882 | 0001 0000 | 48c7 0301 | 0000 0041 | 0f18 8240 

  0x000001a1df600684: ;   {metadata({type array byte})}
  0x000001a1df600684: 0100 00c7 | 4308 6822 | 0000 4489 | 5b0c 410f | 1882 8001 | 0000 4c8b | d349 83c2 | 1048 c1e9 
  0x000001a1df6006a4: 0385 ed0f | 84e8 3800 | 0041 3beb | 0f8c 3120 | 0000 4983 | c0f0 49c1 | e803 498b | c949 8bd2 
  0x000001a1df6006c4: c5f8 7749 | ba60 74ef | dea1 0100 | 0041 ffd2 

  0x000001a1df6006d4: ;   {other}
  0x000001a1df6006d4: 0f1f 8400 | 0000 0000 | 4c8b 9424 | 9000 0000 | 4d8b c24c | 8bdb 4589 | 5a14 49c1 | e809 49ba 
  0x000001a1df6006f4: 0000 b4d3 | a101 0000 | 4788 2402 | 4c8b 5424 | 204c 8954 | 2440 448b | 7424 504c | 8b54 2458 
  0x000001a1df600714: 4c89 5424 | 208b 6c24 | 5444 8b6c | 2468 4c8b | 4c24 70e9 | 26ed ffff | 895c 2460 | 896c 2454 
  0x000001a1df600734: 458b c24c | 8b54 2420 | 4c89 5424 | 5844 8974 | 2450 4c8b | 5424 404c | 8954 2420 | 488b 9424 
  0x000001a1df600754: 9000 0000 

  0x000001a1df600758: ;   {optimized virtual_call}
  0x000001a1df600758: c5f8 77e8 

  0x000001a1df60075c: ; ImmutableOopMap {[32]=Oop [40]=Oop [48]=Oop [64]=Oop [72]=Oop [80]=NarrowOop [84]=NarrowOop [88]=Oop [144]=Oop }
                      ;*invokevirtual newCapacity {reexecute=0 rethrow=0 return_oop=0}
                      ; - java.lang.AbstractStringBuilder::ensureCapacityInternal@24
                      ; - java.lang.AbstractStringBuilder::append@21
                      ; - java.lang.StringBuilder::append@2
                      ; - java.net.URLStreamHandler::toExternalForm@113
                      ; - java.net.URL::toExternalForm@5
                      ; - java.net.URL::toString@1
                      ; - java.lang.ClassLoader::defineClassSourceLocation@22
                      ; - java.lang.ClassLoader::defineClass@12
  0x000001a1df60075c: 20e0 90ff 

  0x000001a1df600760: ;   {other}
  0x000001a1df600760: 0f1f 8400 | d023 0013 | 4c8b 9424 | 9000 0000 | 450f be52 | 10c4 6229 | f7c0 448b | 5424 544d 
  0x000001a1df600780: 8bda 4c89 | 9c24 8800 | 0000 4d8d | 5a10 443b | 4424 600f | 84d0 0c00 | 0041 81f8 | 0000 1000 
  0x000001a1df6007a0: 0f87 5838 | 0000 4d63 | c88b 5424 | 6041 3bd0 | 8bea 410f | 4fe8 3bd5 | 0f82 5a3b | 0000 443b 
  0x000001a1df6007c0: c50f 8251 | 3b00 0049 | 83c1 1749 | 8bf9 4883 | e7f8 4181 | f800 0010 | 000f 8767 | 2b00 0049 
  0x000001a1df6007e0: 8b9f b801 | 0000 4c8b | d34c 03d7 | 4d3b 97c8 | 0100 000f | 834d 2b00 | 004d 8997 | b801 0000 
  0x000001a1df600800: 410f 1882 | 0001 0000 | 48c7 0301 | 0000 0041 | 0f18 8240 

  0x000001a1df600814: ;   {metadata({type array byte})}
  0x000001a1df600814: 0100 00c7 | 4308 6822 | 0000 4489 | 430c 410f | 1882 8001 | 0000 4c8b | d349 83c2 | 1049 c1e9 
  0x000001a1df600834: 0385 ed0f | 84c9 3700 | 0041 3be8 | 0f8c 3c1f | 0000 4883 | c7f0 48c1 | ef03 498b | cb49 8bd2 
  0x000001a1df600854: 4c8b c7c5 | f877 49ba | 6074 efde | a101 0000 

  0x000001a1df600864: ;   {other}
  0x000001a1df600864: 41ff d20f | 1f84 0000 | 0000 004c | 8b94 2490 | 0000 0048 | 8beb 4c8b | 9c24 9000 | 0000 4189 
  0x000001a1df600884: 6b14 49c1 | ea09 49bb | 0000 b4d3 | a101 0000 | 4788 2413 | 4c8b 5424 | 204c 8954 | 2440 448b 
  0x000001a1df6008a4: 7424 504c | 8b54 2458 | 4c89 5424 | 20e9 6bec | ffff 4489 | 5424 6489 | 6c24 604c | 895c 2458 
  0x000001a1df6008c4: 4c8b 5424 | 404c 8954 | 2420 488b | 9424 9000 

  0x000001a1df6008d4: ;   {oop([B{0x00000000c0002348})}
  0x000001a1df6008d4: 0000 48bd | 4823 00c0 | 0000 0000 

  0x000001a1df6008e0: ;   {optimized virtual_call}
  0x000001a1df6008e0: c5f8 77e8 

  0x000001a1df6008e4: ; ImmutableOopMap {rbp=Oop [88]=Derived_oop_rbp [32]=Oop [40]=Oop [48]=Oop [72]=Oop [96]=NarrowOop [144]=Oop }
                      ;*invokevirtual newCapacity {reexecute=0 rethrow=0 return_oop=0}
                      ; - java.lang.AbstractStringBuilder::ensureCapacityInternal@24
                      ; - java.lang.AbstractStringBuilder::append@21
                      ; - java.lang.StringBuilder::append@2
                      ; - java.net.URLStreamHandler::toExternalForm@149
                      ; - java.net.URL::toExternalForm@5
                      ; - java.net.URL::toString@1
                      ; - java.lang.ClassLoader::defineClassSourceLocation@22
                      ; - java.lang.ClassLoader::defineClass@12
  0x000001a1df6008e4: 98de 90ff 

  0x000001a1df6008e8: ;   {other}
  0x000001a1df6008e8: 0f1f 8400 | 5825 0014 | 4c8b 9424 | 9000 0000 | 450f be5a | 10c4 e221 | f7c8 448b | 4424 604d 
  0x000001a1df600908: 8bd0 4c89 | 9424 8800 | 0000 4d8d | 4810 3b4c | 2464 0f84 | df0b 0000 | 81f9 0000 | 1000 0f87 
  0x000001a1df600928: 4637 0000 | 4863 d144 | 8b54 2464 | 443b d145 | 8bda 440f | 4fd9 4489 | 5c24 5445 | 3bd3 0f82 
  0x000001a1df600948: 243a 0000 | 413b cb0f | 821b 3a00 | 0048 83c2 | 174c 8bc2 | 4983 e0f8 | 81f9 0000 | 1000 0f87 
  0x000001a1df600968: 242a 0000 | 498b 9fb8 | 0100 004c | 8bd3 4d03 | d04d 3b97 | c801 0000 | 0f83 0a2a | 0000 4d89 
  0x000001a1df600988: 97b8 0100 | 0041 0f18 | 8200 0100 | 0048 c703 | 0100 0000 | 410f 1882 | 4001 0000 

  0x000001a1df6009a4: ;   {metadata({type array byte})}
  0x000001a1df6009a4: c743 0868 | 2200 0089 | 4b0c 410f | 1882 8001 | 0000 4c8b | d349 83c2 | 1048 c1ea | 0344 8b5c 
  0x000001a1df6009c4: 2454 4585 | db0f 84ab | 3600 0044 | 3bd9 0f8c | 481e 0000 | 4983 c0f0 | 49c1 e803 | 498b c949 
  0x000001a1df6009e4: 8bd2 c5f8 | 7749 ba60 | 74ef dea1 | 0100 0041 

  0x000001a1df6009f4: ;   {other}
  0x000001a1df6009f4: ffd2 0f1f | 8400 0000 | 0000 4c8b | 9424 9000 | 0000 488b | eb4c 8b9c | 2490 0000 | 0041 896b 
  0x000001a1df600a14: 1449 c1ea | 0949 bb00 | 00b4 d3a1 | 0100 0047 | 8824 134c | 8b54 2420 | 4c89 5424 | 404c 8b5c 
  0x000001a1df600a34: 2458 e97b | ebff ff48 | 895c 2470 | 4489 6c24 | 6844 894c | 2454 4c89 | 4424 6048 | 8bac 2490 
  0x000001a1df600a54: 0000 0048 | 897c 2458 | 4489 7424 | 504c 8b54 | 2440 4c89 | 5424 2048 | 8bd5 458b | c566 6690 
  0x000001a1df600a74: ;   {optimized virtual_call}
  0x000001a1df600a74: c5f8 77e8 

  0x000001a1df600a78: ; ImmutableOopMap {rbp=Oop [32]=Oop [40]=Oop [48]=Oop [72]=Oop [80]=NarrowOop [84]=NarrowOop [88]=Oop [96]=Oop [112]=Oop [144]=Oop }
                      ;*invokevirtual newCapacity {reexecute=0 rethrow=0 return_oop=0}
                      ; - java.lang.AbstractStringBuilder::ensureCapacityInternal@24
                      ; - java.lang.AbstractStringBuilder::append@21
                      ; - java.lang.StringBuilder::append@2
                      ; - java.net.URLStreamHandler::toExternalForm@11
                      ; - java.net.URL::toExternalForm@5
                      ; - java.net.URL::toString@1
                      ; - java.lang.ClassLoader::defineClassSourceLocation@22
                      ; - java.lang.ClassLoader::defineClass@12
  0x000001a1df600a78: 04dd 90ff 

  0x000001a1df600a7c: ;   {other}
  0x000001a1df600a7c: 0f1f 8400 | ec26 0015 | 440f be55 | 104c 8b5c | 2460 4983 | c310 c462 | 29f7 c041 | 83f8 100f 
  0x000001a1df600a9c: 84f7 0a00 | 0041 81f8 | 0000 1000 | 0f87 aa36 | 0000 4963 | c841 ba10 | 0000 0045 | 3bd0 450f 
  0x000001a1df600abc: 4fd0 4183 | fa10 0f87 | 1e36 0000 | 453b c20f | 8215 3600 | 0048 83c1 | 1748 8bf9 | 4883 e7f8 
  0x000001a1df600adc: 4181 f800 | 0010 000f | 87f2 2800 | 0049 8b9f | b801 0000 | 4c8b cb4c | 03cf 4d3b | 8fc8 0100 
  0x000001a1df600afc: 000f 83d8 | 2800 004d | 898f b801 | 0000 410f | 1881 0001 | 0000 48c7 | 0301 0000 | 0041 0f18 
  0x000001a1df600b1c: 8140 0100 

  0x000001a1df600b20: ;   {metadata({type array byte})}
  0x000001a1df600b20: 00c7 4308 | 6822 0000 | 4489 430c | 410f 1881 | 8001 0000 | 4c8b cb49 | 83c1 1048 | c1e9 0345 
  0x000001a1df600b40: 85d2 0f84 | 1836 0000 | 453b d00f | 8c6d 1d00 | 0048 83c7 | f048 c1ef | 0349 8bcb | 498b d14c 
  0x000001a1df600b60: 8bc7 c5f8 | 7749 ba60 | 74ef dea1 | 0100 0041 

  0x000001a1df600b70: ;   {other}
  0x000001a1df600b70: ffd2 0f1f | 8400 0000 | 0000 4c8b | dd4c 8bd3 | 4489 5514 | 49c1 eb09 | 49ba 0000 | b4d3 a101 
  0x000001a1df600b90: 0000 4788 | 241a 4c8b | 5424 204c | 8954 2440 | 448b 7424 | 504c 8b54 | 2458 448b | 4c24 5444 
  0x000001a1df600bb0: 8b6c 2468 | 488b 5c24 | 7049 8bfa | e955 e6ff | ff49 8bd2 | 4c8b c766 | 6690 c5f8 | 7748 b8ff 
  0x000001a1df600bd0: ffff ffff 

  0x000001a1df600bd4: ;   {virtual_call}
  0x000001a1df600bd4: ffff ffe8 

  0x000001a1df600bd8: ; ImmutableOopMap {[40]=Oop [48]=Oop [64]=Oop [72]=Oop }
                      ;*invokevirtual toExternalForm {reexecute=0 rethrow=0 return_oop=1}
                      ; - java.net.URL::toExternalForm@5
                      ; - java.net.URL::toString@1
                      ; - java.lang.ClassLoader::defineClassSourceLocation@22
                      ; - java.lang.ClassLoader::defineClass@12
  0x000001a1df600bd8: a4de 90ff 

  0x000001a1df600bdc: ;   {other}
  0x000001a1df600bdc: 0f1f 8400 | 4c28 0016 | 4889 4424 | 50e9 0cec | ffff 41ff | c145 3bca | 7c37 4533 | c9e9 b402 
  0x000001a1df600bfc: 0000 453b | d30f 8589 | 3900 0045 | 8d42 ff45 | 3bc2 0f83 | b838 0000 | 4585 db0f | 86af 3800 
  0x000001a1df600c1c: 0045 8d4b | ff45 3bcb | 0f83 da38 | 0000 4533 | c943 8b54 | 8e10 448b | 4208 418b | 6d10 3bd5 
  0x000001a1df600c3c: 74b0 8b4d 

  0x000001a1df600c40: ;   {metadata('sun/security/x509/X509CertImpl')}
  0x000001a1df600c40: 0841 81f8 | 30a0 0501 | 0f85 2240 | 0000 488b | dd4c 8bc2 | 458b 4020 | c4c1 796e 

  0x000001a1df600c5c: ;   {metadata('sun/security/x509/X509CertImpl')}
  0x000001a1df600c5c: c081 f930 | a005 010f | 85df 4000 | 0044 8b43 | 20c5 f97e | c148 8be9 | 498b f048 | 8bfd 483b 
  0x000001a1df600c7c: fe0f 84cb | 0000 0048 | 85ff 0f84 | c900 0000 | 4885 f60f | 84c0 0000 | 008b 4f0c | 3b4e 0c0f 
  0x000001a1df600c9c: 85b4 0000 | 0085 c90f | 84a5 0000 | 0048 8d7f | 1048 8d76 | 108b c183 | e01f 83e1 | e00f 844b 
  0x000001a1df600cbc: 0000 0048 | 8d3c 0f48 | 8d34 0e48 | f7d9 c5fe | 6f14 0fc5 | fe6f 0c0e | c5ed efd1 | c4e2 7d17 
  0x000001a1df600cdc: d20f 8572 | 0000 0048 | 83c1 2075 | e185 c00f | 845d 0000 | 00c5 fe6f | 5407 e0c5 | fe6f 4c06 
  0x000001a1df600cfc: e0c5 edef | d1c4 e27d | 17d2 754d | eb44 8bc8 | 83e1 fc74 | 1948 8d3c | 0f48 8d34 | 0e48 f7d9 
  0x000001a1df600d1c: 8b1c 0f3b | 1c0e 7531 | 4883 c104 | 75f2 a802 | 7412 0fb7 | 1f0f b70e | 3bd9 751d | 488d 7f02 
  0x000001a1df600d3c: 488d 7602 | a801 740a | 0fb6 1f0f | b60e 3bd9 | 7507 b801 | 0000 00eb | 0233 c0c5 | edef d2c5 
  0x000001a1df600d5c: ;   {no_reloc}
  0x000001a1df600d5c: f5ef c985 | c00f 8587 | feff ffb9 | 0100 0000 | 413b cb0f | 8dc7 3700 | 0041 b801 | 0000 000f 
  0x000001a1df600d7c: 1f44 0000 | 438b 7c85 | 103b d70f | 8461 feff | ff8b 4f08 

  0x000001a1df600d90: ;   {metadata('sun/security/x509/X509CertImpl')}
  0x000001a1df600d90: 488b df81 | f930 a005 | 010f 85ac | 3f00 008b | 4b20 488b | f148 8bfd | 483b fe0f | 84cb 0000 
  0x000001a1df600db0: 0048 85ff | 0f84 c900 | 0000 4885 | f60f 84c0 | 0000 008b | 4f0c 3b4e | 0c0f 85b4 | 0000 0085 
  0x000001a1df600dd0: c90f 84a5 | 0000 0048 | 8d7f 1048 | 8d76 108b | c183 e01f | 83e1 e00f | 844b 0000 | 0048 8d3c 
  0x000001a1df600df0: 0f48 8d34 | 0e48 f7d9 | c5fe 6f14 | 0fc5 fe6f | 0c0e c5ed | efd1 c4e2 | 7d17 d20f | 8572 0000 
  0x000001a1df600e10: 0048 83c1 | 2075 e185 | c00f 845d | 0000 00c5 | fe6f 5407 | e0c5 fe6f | 4c06 e0c5 | edef d1c4 
  0x000001a1df600e30: e27d 17d2 | 754d eb44 | 8bc8 83e1 | fc74 1948 | 8d3c 0f48 | 8d34 0e48 | f7d9 8b1c | 0f3b 1c0e 
  0x000001a1df600e50: 7531 4883 | c104 75f2 | a802 7412 | 0fb7 1f0f | b70e 3bd9 | 751d 488d | 7f02 488d | 7602 a801 
  0x000001a1df600e70: 740a 0fb6 | 1f0f b60e | 3bd9 7507 | b801 0000 | 00eb 0233 | c0c5 edef | d2c5 f5ef | c985 c00f 
  0x000001a1df600e90: ;   {no_reloc}
  0x000001a1df600e90: 8559 fdff | ff41 ffc0 | 453b c30f | 8cdf feff | ffe9 9c36 | 0000 41ff | c145 3bcb | 0f8d 42e2 
  0x000001a1df600eb0: ffff 438b | 548d 1044 | 8b42 0841 | 8b6e 103b | d574 e38b 

  0x000001a1df600ec4: ;   {metadata('sun/security/x509/X509CertImpl')}
  0x000001a1df600ec4: 5d08 4181 | f830 a005 | 010f 85d9 | 3d00 0048 | 8bcd 4c8b | c241 8b78 | 20c5 f96e 

  0x000001a1df600ee0: ;   {metadata('sun/security/x509/X509CertImpl')}
  0x000001a1df600ee0: c781 fb30 | a005 010f | 85f7 3d00 | 0044 8b41 | 2048 8bef | 498b f048 | 8bfd 483b | fe0f 84cb 
  0x000001a1df600f00: 0000 0048 | 85ff 0f84 | c900 0000 | 4885 f60f | 84c0 0000 | 008b 4f0c | 3b4e 0c0f | 85b4 0000 
  0x000001a1df600f20: 0085 c90f | 84a5 0000 | 0048 8d7f | 1048 8d76 | 108b c183 | e01f 83e1 | e00f 844b | 0000 0048 
  0x000001a1df600f40: 8d3c 0f48 | 8d34 0e48 | f7d9 c5fe | 6f0c 0fc5 | fe6f 140e | c5f5 efca | c4e2 7d17 | c90f 8572 
  0x000001a1df600f60: 0000 0048 | 83c1 2075 | e185 c00f | 845d 0000 | 00c5 fe6f | 4c07 e0c5 | fe6f 5406 | e0c5 f5ef 
  0x000001a1df600f80: cac4 e27d | 17c9 754d | eb44 8bc8 | 83e1 fc74 | 1948 8d3c | 0f48 8d34 | 0e48 f7d9 | 8b1c 0f3b 
  0x000001a1df600fa0: 1c0e 7531 | 4883 c104 | 75f2 a802 | 7412 0fb7 | 1f0f b70e | 3bd9 751d | 488d 7f02 | 488d 7602 
  0x000001a1df600fc0: a801 740a | 0fb6 1f0f | b60e 3bd9 | 7507 b801 | 0000 00eb | 0233 c0c5 | f5ef c9c5 | edef d285 
  0x000001a1df600fe0: ;   {no_reloc}
  0x000001a1df600fe0: c00f 85bf | feff ff41 | b801 0000 | 0045 3bc2 | 0f8d 2b01 | 0000 6666 | 0f1f 8400 | 0000 0000 
  0x000001a1df601000: 438b 7c86 | 103b d70f | 8499 feff | ff8b 5f08 

  0x000001a1df601010: ;   {metadata('sun/security/x509/X509CertImpl')}
  0x000001a1df601010: 488b cf81 | fb30 a005 | 010f 85c8 | 3c00 008b | 4920 488b | f148 8bfd | 483b fe0f | 84cb 0000 
  0x000001a1df601030: 0048 85ff | 0f84 c900 | 0000 4885 | f60f 84c0 | 0000 008b | 4f0c 3b4e | 0c0f 85b4 | 0000 0085 
  0x000001a1df601050: c90f 84a5 | 0000 0048 | 8d7f 1048 | 8d76 108b | c183 e01f | 83e1 e00f | 844b 0000 | 0048 8d3c 
  0x000001a1df601070: 0f48 8d34 | 0e48 f7d9 | c5fe 6f0c | 0fc5 fe6f | 140e c5f5 | efca c4e2 | 7d17 c90f | 8572 0000 
  0x000001a1df601090: 0048 83c1 | 2075 e185 | c00f 845d | 0000 00c5 | fe6f 4c07 | e0c5 fe6f | 5406 e0c5 | f5ef cac4 
  0x000001a1df6010b0: e27d 17c9 | 754d eb44 | 8bc8 83e1 | fc74 1948 | 8d3c 0f48 | 8d34 0e48 | f7d9 8b1c | 0f3b 1c0e 
  0x000001a1df6010d0: 7531 4883 | c104 75f2 | a802 7412 | 0fb7 1f0f | b70e 3bd9 | 751d 488d | 7f02 488d | 7602 a801 
  0x000001a1df6010f0: 740a 0fb6 | 1f0f b60e | 3bd9 7507 | b801 0000 | 00eb 0233 | c0c5 f5ef | c9c5 edef | d285 c00f 
  0x000001a1df601110: ;   {no_reloc}
  0x000001a1df601110: 8591 fdff | ff41 ffc0 | 453b c20f | 8cdf feff | ff48 8b6c | 2428 488b | 4c24 4048 | 894c 2428 
  0x000001a1df601130: 488b 4c24 | 4848 894c | 2440 4c89 | 7424 484c | 896c 2450 | 4489 5c24 | 5844 894c | 245c 4489 
  0x000001a1df601150: 4424 6044 | 8954 2464 | ba45 ffff | ff66 6690 

  0x000001a1df601160: ;   {runtime_call UncommonTrapBlob}
  0x000001a1df601160: c5f8 77e8 

  0x000001a1df601164: ; ImmutableOopMap {rbp=Oop [32]=Oop [40]=Oop [48]=Oop [64]=Oop [72]=Oop [80]=Oop }
                      ;*if_icmpge {reexecute=1 rethrow=0 return_oop=0}
                      ; - (reexecute) java.lang.ClassLoader::compareCerts@152
                      ; - java.lang.ClassLoader::checkCerts@80
                      ; - java.lang.ClassLoader::preDefineClass@113
                      ; - java.lang.ClassLoader::defineClass@4
  0x000001a1df601164: 9828 91ff 

  0x000001a1df601168: ;   {other}
  0x000001a1df601168: 0f1f 8400 | d82d 0017 | 4533 d2e9 | 87e6 ffff | 448b 5e34 | 4d8b d34c | 8954 2448 | e955 dcff 
  0x000001a1df601188: ff49 8bdd | e9c8 deff | ff48 8b54 | 2430 6690 

  0x000001a1df601198: ;   {optimized virtual_call}
  0x000001a1df601198: c5f8 77e8 

  0x000001a1df60119c: ; ImmutableOopMap {[32]=Oop [40]=Oop [48]=Oop [56]=NarrowOop [64]=Oop [72]=Oop }
                      ;*invokevirtual intern {reexecute=0 rethrow=0 return_oop=1}
                      ; - java.lang.NamedPackage::<init>@47
                      ; - java.lang.ClassLoader::getNamedPackage@22
                      ; - java.lang.ClassLoader::postDefineClass@9
                      ; - java.lang.ClassLoader::defineClass@37
  0x000001a1df60119c: e0d5 90ff 

  0x000001a1df6011a0: ;   {other}
  0x000001a1df6011a0: 0f1f 8400 | 102e 0018 | 4c8b 4424 | 4044 8b4c | 2438 4589 | 4810 4c8b | d045 8950 | 0c4d 8bd0 
  0x000001a1df6011c0: 49c1 ea09 | 49bb 0000 | b4d3 a101 | 0000 4788 | 2413 4c8b | 5424 2845 | 8b5a 3845 | 85db 0f84 
  0x000001a1df6011e0: d831 0000 | 498b d34c | 8b44 2430 | 4c8b 4c24 | 4066 6690 

  0x000001a1df6011f4: ;   {optimized virtual_call}
  0x000001a1df6011f4: c5f8 77e8 

  0x000001a1df6011f8: ; ImmutableOopMap {[32]=Oop [40]=Oop [56]=NarrowOop [64]=Oop [72]=Oop }
                      ;*invokevirtual putIfAbsent {reexecute=0 rethrow=0 return_oop=1}
                      ; - java.lang.ClassLoader::getNamedPackage@32
                      ; - java.lang.ClassLoader::postDefineClass@9
                      ; - java.lang.ClassLoader::defineClass@37
  0x000001a1df6011f8: 84d5 90ff 

  0x000001a1df6011fc: ;   {other}
  0x000001a1df6011fc: 0f1f 8400 | 6c2e 0019 | 4885 c00f | 84c2 eeff | ff44 8b58 | 0849 ba00 | 0000 80a1 | 0100 004d 
  0x000001a1df60121c: 03d3 4d8b 

  0x000001a1df601220: ;   {metadata('java/lang/NamedPackage')}
  0x000001a1df601220: 5238 49bb | 20bd 0180 | a101 0000 | 4d3b d30f | 849f 3100 | 00ba deff | ffff 488b | e866 6690 
  0x000001a1df601240: ;   {runtime_call UncommonTrapBlob}
  0x000001a1df601240: c5f8 77e8 

  0x000001a1df601244: ; ImmutableOopMap {rbp=Oop }
                      ;*checkcast {reexecute=0 rethrow=0 return_oop=0}
                      ; - java.lang.ClassLoader::getNamedPackage@35
                      ; - java.lang.ClassLoader::postDefineClass@9
                      ; - java.lang.ClassLoader::defineClass@37
  0x000001a1df601244: b827 91ff 

  0x000001a1df601248: ;   {other}
  0x000001a1df601248: 0f1f 8400 | b82e 001a | 488b d048 | 8be8 6690 

  0x000001a1df601258: ;   {optimized virtual_call}
  0x000001a1df601258: c5f8 77e8 

  0x000001a1df60125c: ; ImmutableOopMap {rbp=Oop [32]=Oop [40]=Oop [72]=Oop }
                      ;*invokevirtual initClassName {reexecute=0 rethrow=0 return_oop=1}
                      ; - java.lang.Class::getName@14
                      ; - java.lang.Class::getPackageName@40
                      ; - java.lang.ClassLoader::postDefineClass@2
                      ; - java.lang.ClassLoader::defineClass@37
  0x000001a1df60125c: 6088 e8ff 

  0x000001a1df601260: ;   {other}
  0x000001a1df601260: 0f1f 8400 | d02e 001b | 488b d848 | 85c0 0f85 | efe5 ffff | baf6 ffff | ff66 6690 

  0x000001a1df60127c: ;   {runtime_call UncommonTrapBlob}
  0x000001a1df60127c: c5f8 77e8 

  0x000001a1df601280: ; ImmutableOopMap {}
                      ;*invokevirtual lastIndexOf {reexecute=0 rethrow=0 return_oop=0}
                      ; - java.lang.Class::getPackageName@47
                      ; - java.lang.ClassLoader::postDefineClass@2
                      ; - java.lang.ClassLoader::defineClass@37
  0x000001a1df601280: 7c27 91ff 

  0x000001a1df601284: ;   {other}
  0x000001a1df601284: 0f1f 8400 | f42e 001c | 4533 ed48 | 8bf2 e934 | dbff ffbb | ffff ffff | e961 daff | ff4c 635c 
  0x000001a1df6012a4: 2460 448b | 4424 6041 | 81f8 0000 | 1000 0f87 | 2427 0000 | 498b 9fb8 | 0100 0049 | 8d4b 1748 
  0x000001a1df6012c4: 83e1 f848 | 8bfb 4803 | f949 3bbf | c801 0000 | 0f83 0227 | 0000 4989 | bfb8 0100 | 000f 1887 
  0x000001a1df6012e4: 0001 0000 | 48c7 0301 | 0000 000f | 1887 4001 

  0x000001a1df6012f4: ;   {metadata({type array byte})}
  0x000001a1df6012f4: 0000 c743 | 0868 2200 | 0044 8943 | 0c0f 1887 | 8001 0000 | 488b d348 | 83c2 1049 | 83c3 0749 
  0x000001a1df601314: c1eb 0349 | 8bc9 4d8b | c3c5 f877 | 49ba 6074 | efde a101 | 0000 41ff 

  0x000001a1df60132c: ;   {other}
  0x000001a1df60132c: d20f 1f84 | 0000 0000 | 00e9 66f0 | ffff 4c63 | 4c24 6844 | 8b44 2468 | 4181 f800 | 0010 000f 
  0x000001a1df60134c: 87c9 2600 | 0049 8b9f | b801 0000 | 498d 4917 | 4883 e1f8 | 488b fb48 | 03f9 493b | bfc8 0100 
  0x000001a1df60136c: 000f 83a7 | 2600 0049 | 89bf b801 | 0000 0f18 | 8700 0100 | 0048 c703 | 0100 0000 | 0f18 8740 
  0x000001a1df60138c: ;   {metadata({type array byte})}
  0x000001a1df60138c: 0100 00c7 | 4308 6822 | 0000 4489 | 430c 0f18 | 8780 0100 | 0048 8bd3 | 4883 c210 | 4983 c107 
  0x000001a1df6013ac: 49c1 e903 | 498b cb4d | 8bc1 c5f8 | 7749 ba60 | 74ef dea1 | 0100 0041 

  0x000001a1df6013c4: ;   {other}
  0x000001a1df6013c4: ffd2 0f1f | 8400 0000 | 0000 e958 | f1ff ff4c | 6344 2464 | 448b 5c24 | 6441 81fb | 0000 1000 
  0x000001a1df6013e4: 0f87 7426 | 0000 498b | 9fb8 0100 | 0049 8d48 | 1748 83e1 | f848 8bfb | 4803 f949 | 3bbf c801 
  0x000001a1df601404: 0000 0f83 | 5226 0000 | 4989 bfb8 | 0100 000f | 1887 0001 | 0000 48c7 | 0301 0000 | 000f 1887 
  0x000001a1df601424: 4001 0000 

  0x000001a1df601428: ;   {metadata({type array byte})}
  0x000001a1df601428: c743 0868 | 2200 0044 | 895b 0c0f | 1887 8001 | 0000 488b | d348 83c2 | 1049 83c0 | 0749 c1e8 
  0x000001a1df601448: 0349 8bc9 | c5f8 7749 | ba60 74ef | dea1 0100 | 0041 ffd2 

  0x000001a1df60145c: ;   {other}
  0x000001a1df60145c: 0f1f 8400 | 0000 0000 | e973 f2ff | ff4c 6344 | 2460 448b | 4c24 6041 | 81f9 0000 | 1000 0f87 
  0x000001a1df60147c: 2e26 0000 | 498b 9fb8 | 0100 0049 | 8d48 1748 | 83e1 f848 | 8bfb 4803 | f949 3bbf | c801 0000 
  0x000001a1df60149c: 0f83 0c26 | 0000 4989 | bfb8 0100 | 000f 1887 | 0001 0000 | 48c7 0301 | 0000 000f | 1887 4001 
  0x000001a1df6014bc: ;   {metadata({type array byte})}
  0x000001a1df6014bc: 0000 c743 | 0868 2200 | 0044 894b | 0c0f 1887 | 8001 0000 | 488b d348 | 83c2 1049 | 83c0 0749 
  0x000001a1df6014dc: c1e8 0349 | 8bcb c5f8 | 7749 ba60 | 74ef dea1 | 0100 0041 

  0x000001a1df6014f0: ;   {other}
  0x000001a1df6014f0: ffd2 0f1f | 8400 0000 | 0000 e970 | f3ff ff4c | 6354 2464 | 448b 5c24 | 6441 81fb | 0000 1000 
  0x000001a1df601510: 0f87 d825 | 0000 498b | 9fb8 0100 | 0049 8d4a | 1748 83e1 | f848 8bfb | 4803 f949 | 3bbf c801 
  0x000001a1df601530: 0000 0f83 | b625 0000 | 4989 bfb8 | 0100 000f | 1887 0001 | 0000 48c7 | 0301 0000 | 000f 1887 
  0x000001a1df601550: 4001 0000 

  0x000001a1df601554: ;   {metadata({type array byte})}
  0x000001a1df601554: c743 0868 | 2200 0044 | 895b 0c0f | 1887 8001 | 0000 488b | d348 83c2 | 1049 83c2 | 0749 c1ea 
  0x000001a1df601574: 0349 8bc9 | 4d8b c2c5 | f877 49ba | 6074 efde | a101 0000 

  0x000001a1df601588: ;   {other}
  0x000001a1df601588: 41ff d20f | 1f84 0000 | 0000 00e9 | 66f4 ffff | 498b 9fb8 | 0100 004c | 8bd3 4983 | c220 4d3b 
  0x000001a1df6015a8: 97c8 0100 | 000f 837b | 2500 004d | 8997 b801 | 0000 410f | 1882 0001 | 0000 48c7 | 0301 0000 
  0x000001a1df6015c8: 0041 0f18 | 8240 0100 

  0x000001a1df6015d0: ;   {metadata({type array byte})}
  0x000001a1df6015d0: 00c7 4308 | 6822 0000 | 410f 1882 | 8001 0000 | c743 0c10 | 0000 0048 | 8bd3 4883 | c210 41b8 
  0x000001a1df6015f0: 0200 0000 | 498b cbc5 | f877 49ba | 6074 efde | a101 0000 

  0x000001a1df601604: ;   {other}
  0x000001a1df601604: 41ff d20f | 1f84 0000 | 0000 00e9 | 66f5 ffff | 4c89 5424 | 6048 897c | 2458 4489 | 7424 504c 
  0x000001a1df601624: 8b54 2428 | 4c89 5424 | 2048 8b6c | 2440 488b | 5424 6090 

  0x000001a1df601638: ;   {optimized virtual_call}
  0x000001a1df601638: c5f8 77e8 

  0x000001a1df60163c: ; ImmutableOopMap {rbp=Oop [32]=Oop [48]=Oop [72]=Oop [80]=NarrowOop [88]=Oop [96]=Oop [144]=Oop }
                      ;*invokevirtual isLatin1 {reexecute=0 rethrow=0 return_oop=0}
                      ; - java.lang.AbstractStringBuilder::append@46
                      ; - java.lang.StringBuilder::append@2
                      ; - java.net.URLStreamHandler::toExternalForm@16
                      ; - java.net.URL::toExternalForm@5
                      ; - java.net.URL::toString@1
                      ; - java.lang.ClassLoader::defineClassSourceLocation@22
                      ; - java.lang.ClassLoader::defineClass@12
  0x000001a1df60163c: 40d1 90ff 

  0x000001a1df601640: ;   {other}
  0x000001a1df601640: 0f1f 8400 | b032 001d | 85c0 0f85 | a304 0000 | 4c8b 5c24 | 6045 8b53 | 1445 8b43 | 0c49 8bd2 
  0x000001a1df601660: 458d 5001 | 4589 530c | 41b9 3a00 | 0000 6690 

  0x000001a1df601670: ;   {static_call}
  0x000001a1df601670: c5f8 77e8 

  0x000001a1df601674: ; ImmutableOopMap {rbp=Oop [32]=Oop [48]=Oop [72]=Oop [80]=NarrowOop [88]=Oop [96]=Oop [144]=Oop }
                      ;*invokestatic putCharSB {reexecute=0 rethrow=0 return_oop=0}
                      ; - java.lang.AbstractStringBuilder::append@72
                      ; - java.lang.StringBuilder::append@2
                      ; - java.net.URLStreamHandler::toExternalForm@16
                      ; - java.net.URL::toExternalForm@5
                      ; - java.net.URL::toString@1
                      ; - java.lang.ClassLoader::defineClassSourceLocation@22
                      ; - java.lang.ClassLoader::defineClass@12
  0x000001a1df601674: 08d7 90ff 

  0x000001a1df601678: ;   {other}
  0x000001a1df601678: 0f1f 8400 | e832 001e | 4889 6c24 | 404c 8b54 | 2420 4c89 | 5424 2844 | 8b74 2450 | 4c8b 5424 
  0x000001a1df601698: 5849 8bfa | e974 dcff | ff83 fa01 | 0f85 bf04 | 0000 85d2 | 0f86 0e33 | 0000 0fb6 | 1fe9 6fe6 
  0x000001a1df6016b8: ffff 4c63 | c54d 8d50 | 1049 8bca | 4883 e1f8 | 498b fe48 | 03f9 49c1 | ea03 4d2b | ca49 8bc9 
  0x000001a1df6016d8: 4833 c048 | 83f9 087f | 1048 ffc9 | 784f 4889 | 04cf 48ff | c97d f7eb | 44c5 fdef | c0e9 0d00 
  0x000001a1df6016f8: 0000 c5fe | 7f07 c5fe | 7f47 2048 | 83c7 4048 | 83e9 087d | ed48 83c1 | 047c 0cc5 | fe7f 0748 
  0x000001a1df601718: 83c7 2048 | 83e9 0448 | 83c1 047e | 1048 ffc9 | c5f9 d607 | 4883 c708 | 48ff c97d | f349 8bcb 
  0x000001a1df601738: c5f8 7749 | bac0 6def | dea1 0100 | 0041 ffd2 

  0x000001a1df601748: ;   {other}
  0x000001a1df601748: 0f1f 8400 | 0000 0000 | e9e4 d8ff | ff4c 63c5 | 4d8d 5010 | 4d8b da49 | 83e3 f848 | 8bfb 4903 
  0x000001a1df601768: fb49 c1ea | 0349 2bca | 4833 c048 | 83f9 087f | 1048 ffc9 | 784f 4889 | 04cf 48ff | c97d f7eb 
  0x000001a1df601788: 44c5 fdef | c0e9 0d00 | 0000 c5fe | 7f07 c5fe | 7f47 2048 | 83c7 4048 | 83e9 087d | ed48 83c1 
  0x000001a1df6017a8: 047c 0cc5 | fe7f 0748 | 83c7 2048 | 83e9 0448 | 83c1 047e | 1048 ffc9 | c5f9 d607 | 4883 c708 
  0x000001a1df6017c8: 48ff c97d | f349 8bc9 | c5f8 7749 | bac0 6def | dea1 0100 | 0041 ffd2 

  0x000001a1df6017e0: ;   {other}
  0x000001a1df6017e0: 0f1f 8400 | 0000 0000 | e9ea dfff 

  0x000001a1df6017ec: ;   {oop(""{0x00000000c0000ee8})}
  0x000001a1df6017ec: ff48 bbe8 | 0e00 c000 | 0000 00e9 | 5dd8 ffff | 458b 5114 | 410f be59 | 1045 8b5a | 0cc4 4262 
  0x000001a1df60180c: f7d3 4183 | c202 4585 | d20f 8ce1 | 3100 00c4 | 4261 f7c2 | 4181 f800 | 0010 000f | 87c7 3100 
  0x000001a1df60182c: 004d 63d0 | 498b e941 | 81f8 0000 | 1000 0f87 | 1f2c 0000 | 4d8b afb8 | 0100 0049 | 83c2 1749 
  0x000001a1df60184c: 83e2 f84d | 8bdd 4d03 | da4d 3b9f | c801 0000 | 0f83 fd2b | 0000 4d89 | 9fb8 0100 | 0041 0f18 
  0x000001a1df60186c: 8300 0100 | 0049 c745 | 0001 0000 | 0041 0f18 | 8340 0100 

  0x000001a1df601880: ;   {metadata({type array byte})}
  0x000001a1df601880: 0041 c745 | 0868 2200 | 0045 8945 | 0c41 0f18 | 8380 0100 | 0085 db0f | 847e 0100 | 0066 41c7 
  0x000001a1df6018a0: 4510 2f00 | 6641 c745 | 122f 0041 | ba04 0000 | 0048 897c | 2420 4f8d | 5c15 1045 | 8b51 1441 
  0x000001a1df6018c0: 8b52 0c4d | 8bc2 4d8d | 5210 4180 | 7910 000f | 8418 0100 | 00d1 fa4c | 63c2 498b | ca49 8bd3 
  0x000001a1df6018e0: c5f8 7749 | ba80 6fef | dea1 0100 | 0041 ffd2 

  0x000001a1df6018f0: ;   {other}
  0x000001a1df6018f0: 0f1f 8400 | 0000 0000 | e999 0000 | 0049 8bf2 | 498b fb8b | ca83 e10f | 83e2 f074 | 1c48 8d34 
  0x000001a1df601910: 1648 8d3c | 5748 f7da | c4e2 7d30 | 0416 c5fe | 7f04 5748 | 83c2 1075 | ef8b d183 | e107 83e2 
  0x000001a1df601930: f874 27c4 | e279 3006 | c5fa 7f07 | 4883 c608 | 4883 c710 | e911 0000 | 00c4 e279 | 3004 16c5 
  0x000001a1df601950: fa7f 0457 | 4883 c208 | 75ef 8bd1 | 83fa 047c | 19c5 f96e | 06c4 e279 | 30c0 c5f9 | d607 4883 
  0x000001a1df601970: ea04 4883 | c604 4883 | c708 85d2 | 7418 488d | 3416 488d | 3c57 48f7 | da0f b60c | 1666 890c 
  0x000001a1df601990: 5748 ffc2 | 75f3 498b | 87b8 0100 | 004c 8bd0 | 4983 c218 | 4d3b 97c8 | 0100 000f | 833b 2a00 
  0x000001a1df6019b0: 004d 8997 | b801 0000 | 410f 1882 | 0001 0000 | 48c7 0001 

  0x000001a1df6019c4: ;   {metadata('java/lang/String')}
  0x000001a1df6019c4: 0000 00c7 | 4008 40e7 | 0000 4489 | 600c 4c89 | 6010 488b | d088 5a10 | 4d8b dd44 | 895a 1448 
  0x000001a1df6019e4: 8b7c 2420 | e94c d9ff | ff85 db0f | 8508 ffff | ff4c 63c2 | 498b ca49 | 8bd3 c5f8 | 7749 bac0 
  0x000001a1df601a04: 6def dea1 | 0100 0041 

  0x000001a1df601a0c: ;   {other}
  0x000001a1df601a0c: ffd2 0f1f | 8400 0000 | 0000 e97b | ffff ff41 | c645 102f | 41c6 4511 | 2f41 ba02 | 0000 00e9 
  0x000001a1df601a2c: 81fe ffff | 488b 4c24 | 3044 8b44 | 2438 448b | 5424 3c44 | 8b4c 2440 | e942 e3ff | ff4c 63c5 
  0x000001a1df601a4c: 4d8d 4810 | 498b d148 | 83e2 f848 | 8bfe 4803 | fa49 c1e9 | 0349 2bc9 | 4833 c048 | 83f9 087f 
  0x000001a1df601a6c: 1048 ffc9 | 784f 4889 | 04cf 48ff | c97d f7eb | 44c5 fdef | c0e9 0d00 | 0000 c5fe | 7f07 c5fe 
  0x000001a1df601a8c: 7f47 2048 | 83c7 4048 | 83e9 087d | ed48 83c1 | 047c 0cc5 | fe7f 0748 | 83c7 2048 | 83e9 0448 
  0x000001a1df601aac: 83c1 047e | 1048 ffc9 | c5f9 d607 | 4883 c708 | 48ff c97d | f349 8bca | 498b d3c5 | f877 49ba 
  0x000001a1df601acc: c06d efde | a101 0000 

  0x000001a1df601ad4: ;   {other}
  0x000001a1df601ad4: 41ff d20f | 1f84 0000 | 0000 00e9 | c5df ffff 

  0x000001a1df601ae4: ;   {oop(""{0x00000000c0000ee8})}
  0x000001a1df601ae4: 48bb e80e | 00c0 0000 | 0000 e9d6 | dfff ff48 | 8b54 2460 

  0x000001a1df601af8: ;   {optimized virtual_call}
  0x000001a1df601af8: c5f8 77e8 

  0x000001a1df601afc: ; ImmutableOopMap {rbp=Oop [32]=Oop [48]=Oop [72]=Oop [80]=NarrowOop [88]=Oop [96]=Oop [144]=Oop }
                      ;*invokevirtual inflate {reexecute=0 rethrow=0 return_oop=0}
                      ; - java.lang.AbstractStringBuilder::append@53
                      ; - java.lang.StringBuilder::append@2
                      ; - java.net.URLStreamHandler::toExternalForm@16
                      ; - java.net.URL::toExternalForm@5
                      ; - java.net.URL::toString@1
                      ; - java.lang.ClassLoader::defineClassSourceLocation@22
                      ; - java.lang.ClassLoader::defineClass@12
  0x000001a1df601afc: 80cc 90ff 

  0x000001a1df601b00: ;   {other}
  0x000001a1df601b00: 0f1f 8400 | 7037 001f | e943 fbff | ff4c 8b94 | 2490 0000 | 004c 8954 | 2460 4889 | 7c24 5844 
  0x000001a1df601b20: 8974 2450 | 4c8b 5424 | 284c 8954 | 2420 488b | 6c24 4048 | 8b54 2460 

  0x000001a1df601b38: ;   {optimized virtual_call}
  0x000001a1df601b38: c5f8 77e8 

  0x000001a1df601b3c: ; ImmutableOopMap {rbp=Oop [32]=Oop [48]=Oop [72]=Oop [80]=NarrowOop [88]=Oop [96]=Oop [144]=Oop }
                      ;*invokevirtual appendNull {reexecute=0 rethrow=0 return_oop=1}
                      ; - java.lang.AbstractStringBuilder::append@5
                      ; - java.lang.StringBuilder::append@2
                      ; - java.net.URLStreamHandler::toExternalForm@11
                      ; - java.net.URL::toExternalForm@5
                      ; - java.net.URL::toString@1
                      ; - java.lang.ClassLoader::defineClassSourceLocation@22
                      ; - java.lang.ClassLoader::defineClass@12
  0x000001a1df601b3c: 40cc 90ff 

  0x000001a1df601b40: ;   {other}
  0x000001a1df601b40: 0f1f 8400 | b037 0020 | 4889 6c24 | 404c 8b54 | 2420 4c89 | 5424 2844 | 8b74 2450 | 4c8b 5424 
  0x000001a1df601b60: 5849 8bfa | e94a d7ff | ff33 dbe9 | b9e1 ffff | 450f b652 | 114c 8bc3 | 4585 d20f | 84e8 1400 
  0x000001a1df601b80: 004c 8944 | 2460 4489 | 5c24 584c | 8b54 2428 | 4c89 5424 | 2048 8b6c | 2440 498b | d045 33c0 
  0x000001a1df601ba0: 458b cb89 | 5c24 5c90 

  0x000001a1df601ba8: ;   {static_call}
  0x000001a1df601ba8: c5f8 77e8 

  0x000001a1df601bac: ; ImmutableOopMap {rbp=Oop [32]=Oop [48]=Oop [72]=Oop [80]=Oop [92]=NarrowOop [96]=Oop }
                      ;*invokestatic compress {reexecute=0 rethrow=0 return_oop=1}
                      ; - java.lang.String::<init>@58
                      ; - java.lang.String::<init>@3
                      ; - java.lang.StringBuilder::toString@5
                      ; - java.net.URLStreamHandler::toExternalForm@152
                      ; - java.net.URL::toExternalForm@5
                      ; - java.net.URL::toString@1
                      ; - java.lang.ClassLoader::defineClassSourceLocation@22
                      ; - java.lang.ClassLoader::defineClass@12
  0x000001a1df601bac: d0d1 90ff 

  0x000001a1df601bb0: ;   {other}
  0x000001a1df601bb0: 0f1f 8400 | 2038 0021 | 4885 c00f | 848f 1400 | 004c 8b54 | 2450 4588 | 6210 4c8b | d84c 8b44 
  0x000001a1df601bd0: 2450 4589 | 5814 49c1 | ea09 49bb | 0000 b4d3 | a101 0000 | 4788 2413 | 4889 6c24 | 404c 8b54 
  0x000001a1df601bf0: 2420 4c89 | 5424 28e9 | fedb ffff | 488b 5424 | 4066 6690 

  0x000001a1df601c04: ;   {optimized virtual_call}
  0x000001a1df601c04: c5f8 77e8 

  0x000001a1df601c08: ; ImmutableOopMap {rbp=NarrowOop [32]=Oop [40]=Oop [48]=Oop [64]=Oop }
                      ;*invokevirtual length {reexecute=0 rethrow=0 return_oop=0}
                      ; - java.lang.String::indexOf@30
                      ; - java.lang.String::indexOf@3
                      ; - java.lang.ClassLoader::checkName@16
                      ; - java.lang.ClassLoader::preDefineClass@1
                      ; - java.lang.ClassLoader::defineClass@4
  0x000001a1df601c08: 74cb 90ff 

  0x000001a1df601c0c: ;   {other}
  0x000001a1df601c0c: 0f1f 8400 | 7c38 0022 | 488b d541 | b82f 0000 | 0045 33c9 | 8bf8 488b | 6c24 2890 

  0x000001a1df601c28: ;   {static_call}
  0x000001a1df601c28: c5f8 77e8 

  0x000001a1df601c2c: ; ImmutableOopMap {rbp=Oop [32]=Oop [40]=Oop [48]=Oop [64]=Oop }
                      ;*invokestatic indexOf {reexecute=0 rethrow=0 return_oop=0}
                      ; - java.lang.String::indexOf@33
                      ; - java.lang.String::indexOf@3
                      ; - java.lang.ClassLoader::checkName@16
                      ; - java.lang.ClassLoader::preDefineClass@1
                      ; - java.lang.ClassLoader::defineClass@4
  0x000001a1df601c2c: 50d1 90ff 

  0x000001a1df601c30: ;   {other}
  0x000001a1df601c30: 0f1f 8400 | a038 0023 | 8bd8 e9c3 | d0ff ff44 | 0fb7 5d10 | 4183 fb6a | 0f85 73d1 | ffff 440f 
  0x000001a1df601c50: b75d 1241 | 83fb 610f | 8564 d1ff | ff44 0fb7 | 5d14 4183 | fb76 0f85 | 55d1 ffff | 440f b75d 
  0x000001a1df601c70: 1641 83fb | 610f 8546 | d1ff ff44 | 0fb7 5d18 | 4183 fb2e | 0f84 0bd1 | ffff e932 | d1ff ff8b 
  0x000001a1df601c90: 690c 478d | 141b 4585 | d20f 8c4d | 2e00 0044 | 8d04 6d00 | 0000 0045 | 85c0 0f8c | 3c2e 0000 
  0x000001a1df601cb0: 418b 510c | 438d 3c02 | 3bd7 0f82 | 2c2e 0000 | 4d8b d94b | 8d7c 1110 | 4c8b d148 | 8d71 108b 
  0x000001a1df601cd0: d58b ca83 | e10f 83e2 | f074 1c48 | 8d34 1648 | 8d3c 5748 | f7da c4e2 | 7d30 0416 | c5fe 7f04 
  0x000001a1df601cf0: 5748 83c2 | 1075 ef8b | d183 e107 | 83e2 f874 | 27c4 e279 | 3006 c5fa | 7f07 4883 | c608 4883 
  0x000001a1df601d10: c710 e911 | 0000 00c4 | e279 3004 | 16c5 fa7f | 0457 4883 | c208 75ef | 8bd1 83fa 

  0x000001a1df601d2c: ;   {no_reloc}
  0x000001a1df601d2c: 047c 19c5 | f96e 06c4 | e279 30c0 | c5f9 d607 | 4883 ea04 | 4883 c604 | 4883 c708 | 85d2 7418 
  0x000001a1df601d4c: 488d 3416 | 488d 3c57 | 48f7 da0f | b60c 1666 | 890c 5748 | ffc2 75f3 | e994 d6ff | ff8b 410c 
  0x000001a1df601d6c: 448d 141b | 4585 d20f | 8cbf 2d00 | 0044 8d04 | 0045 85c0 | 0f8c b22d | 0000 458b | 590c 438d 
  0x000001a1df601d8c: 1402 443b | da0f 82a1 | 2d00 004d | 8bd9 4b8d | 7c11 104c | 8bd1 488d | 7110 8bd0 | 8bca 83e1 
  0x000001a1df601dac: 0f83 e2f0 | 741c 488d | 3416 488d | 3c57 48f7 | dac4 e27d | 3004 16c5 | fe7f 0457 | 4883 c210 
  0x000001a1df601dcc: 75ef 8bd1 | 83e1 0783 | e2f8 7427 | c4e2 7930 | 06c5 fa7f | 0748 83c6 | 0848 83c7 | 10e9 1100 
  0x000001a1df601dec: 0000 c4e2 | 7930 0416 | c5fa 7f04 | 5748 83c2 | 0875 ef8b | d183 fa04 | 7c19 c5f9 | 6e06 c4e2 
  0x000001a1df601e0c: 7930 c0c5 | f9d6 0748 | 83ea 0448 | 83c6 0448 | 83c7 0885 | d274 1848 | 8d34 1648 | 8d3c 5748 
  0x000001a1df601e2c: ;   {no_reloc}
  0x000001a1df601e2c: f7da 0fb6 | 0c16 6689 | 0c57 48ff | c275 f3e9 | a2d6 ffff 

  0x000001a1df601e40: ; implicit exception: dispatches to 0x000001a1df6054ec
  0x000001a1df601e40: 418b 410c | 448d 1409 | 4585 d20f | 8c4f 2d00 | 0044 8d1c | 0045 85db | 0f8c 422d | 0000 488b 
  0x000001a1df601e60: ef44 8b43 | 0c43 8d3c | 1a44 3bc7 | 0f82 2e2d | 0000 4c8b | db4a 8d7c | 1310 4d8b | d149 8d71 
  0x000001a1df601e80: 108b d08b | ca83 e10f | 83e2 f074 | 1c48 8d34 | 1648 8d3c | 5748 f7da | c4e2 7d30 | 0416 c5fe 
  0x000001a1df601ea0: 7f04 5748 | 83c2 1075 | ef8b d183 | e107 83e2 | f874 27c4 | e279 3006 | c5fa 7f07 | 4883 c608 
  0x000001a1df601ec0: 4883 c710 | e911 0000 | 00c4 e279 | 3004 16c5 | fa7f 0457 | 4883 c208 | 75ef 8bd1 | 83fa 047c 
  0x000001a1df601ee0: 19c5 f96e | 06c4 e279 | 30c0 c5f9 | d607 4883 | ea04 4883 | c604 4883 | c708 85d2 | 7418 488d 
  0x000001a1df601f00: 3416 488d | 3c57 48f7 | da0f b60c | 1666 890c | 5748 ffc2 | 75f3 488b | fde9 89d3 | ffff 498b 
  0x000001a1df601f20: 87b8 0100 | 004c 8bd0 | 4983 c218 

  0x000001a1df601f2c: ;   {no_reloc}
  0x000001a1df601f2c: 4d8b cb4d | 3b97 c801 | 0000 0f83 | e426 0000 | 4d89 97b8 | 0100 0041 | 0f18 8200 | 0100 0048 
  0x000001a1df601f4c: c700 0100 

  0x000001a1df601f50: ;   {metadata('java/util/ArrayList')}
  0x000001a1df601f50: 0000 c740 | 08e0 a50b | 0044 8960 | 0c44 8960 

  0x000001a1df601f60: ;   {oop(a 'java/lang/Object'[0] {0x00000000c0000878})}
  0x000001a1df601f60: 10c7 4014 | 7808 00c0 | 488b c845 | 8b50 0c45 | 85d2 0f86 | fa00 0000 | 4533 dbeb | 3566 6690 
  0x000001a1df601f80: 4889 6c24 | 404c 8b54 | 2420 4c89 | 5424 2848 | 8b74 2448 | 4c8b 6c24 | 584c 8b54 | 2460 4c89 
  0x000001a1df601fa0: 5424 4848 | 8b5c 2468 | 4c8b 4c24 | 7048 8b4c | 2478 458b | 500c 453b | da0f 8395 | 2a00 0047 
  0x000001a1df601fc0: 8b44 9810 

  0x000001a1df601fc4: ; implicit exception: dispatches to 0x000001a1df605354
  0x000001a1df601fc4: 458b 5010 

  0x000001a1df601fc8: ; implicit exception: dispatches to 0x000001a1df60536c
  0x000001a1df601fc8: 458b 4210 | 4489 5c24 | 5448 894c | 2478 4c89 | 4c24 7048 | 895c 2468 | 4c8b 5424 | 484c 8954 
  0x000001a1df601fe8: 2460 4c89 | 6c24 5848 | 8974 2448 | 4c8b 5424 | 284c 8954 | 2420 488b | 6c24 4048 | 8bd1 6690 
  0x000001a1df602008: ;   {optimized virtual_call}
  0x000001a1df602008: c5f8 77e8 

  0x000001a1df60200c: ; ImmutableOopMap {rbp=Oop [32]=Oop [48]=Oop [72]=Oop [80]=NarrowOop [88]=Oop [96]=Oop [104]=Oop [112]=Oop [120]=Oop }
                      ;*invokevirtual addAll {reexecute=0 rethrow=0 return_oop=0}
                      ; - java.security.CodeSource::getCertificates@57
                      ; - java.lang.ClassLoader::checkCerts@34
                      ; - java.lang.ClassLoader::preDefineClass@113
                      ; - java.lang.ClassLoader::defineClass@4
  0x000001a1df60200c: 70c7 90ff 

  0x000001a1df602010: ;   {other}
  0x000001a1df602010: 0f1f 8400 | 803c 0024 | 4d8b 9750 | 0400 0044 | 8b5c 2450 | 458b 4310 | 448b 5c24 

  0x000001a1df60202c: ; ImmutableOopMap {r8=NarrowOop rbp=Oop [32]=Oop [48]=Oop [72]=Oop [80]=NarrowOop [88]=Oop [96]=Oop [104]=Oop [112]=Oop [120]=Oop }
                      ;*goto {reexecute=1 rethrow=0 return_oop=0}
                      ; - (reexecute) java.security.CodeSource::getCertificates@64
                      ; - java.lang.ClassLoader::checkCerts@34
                      ; - java.lang.ClassLoader::preDefineClass@113
                      ; - java.lang.ClassLoader::defineClass@4
  0x000001a1df60202c: 5441 ffc3 

  0x000001a1df602030: ;   {poll}
  0x000001a1df602030: 4185 0245 | 8b50 0c45 | 3bda 0f8c | 40ff ffff | 4889 6c24 | 404c 8b54 | 2420 4c89 | 5424 2848 
  0x000001a1df602050: 8b74 2448 | 4c8b 6c24 | 584c 8b54 | 2460 4c89 | 5424 4848 | 8b5c 2468 | 4c8b 4c24 | 7048 8b4c 
  0x000001a1df602070: 2478 498b | 87b8 0100 | 004c 8bd0 | 4983 c210 | 4d3b 97c8 | 0100 000f | 8328 2600 | 004d 8997 
  0x000001a1df602090: b801 0000 | 410f 1882 | 0001 0000 | 48c7 0001 | 0000 0041 | 0f18 8240 

  0x000001a1df6020a8: ;   {metadata('java/security/cert/Certificate'[])}
  0x000001a1df6020a8: 0100 00c7 | 4008 c051 | 1000 410f | 1882 8001 | 0000 4489 | 600c 488b | 6c24 404c | 8b54 2428 
  0x000001a1df6020c8: 4c89 5424 | 2048 8974 | 2458 4c89 | 6c24 6048 | 895c 2468 | 4c89 4c24 | 7048 894c | 2478 4c8b 
  0x000001a1df6020e8: c048 8b54 | 2478 6690 

  0x000001a1df6020f0: ;   {optimized virtual_call}
  0x000001a1df6020f0: c5f8 77e8 

  0x000001a1df6020f4: ; ImmutableOopMap {rbp=Oop [32]=Oop [48]=Oop [72]=Oop [80]=NarrowOop [88]=Oop [96]=Oop [104]=Oop [112]=Oop }
                      ;*invokevirtual toArray {reexecute=0 rethrow=0 return_oop=1}
                      ; - java.security.CodeSource::getCertificates@73
                      ; - java.lang.ClassLoader::checkCerts@34
                      ; - java.lang.ClassLoader::preDefineClass@113
                      ; - java.lang.ClassLoader::defineClass@4
  0x000001a1df6020f4: 88c6 90ff 

  0x000001a1df6020f8: ;   {other}
  0x000001a1df6020f8: 0f1f 8400 | 683d 0026 | 488b c844 

  0x000001a1df602104: ;   {metadata('java/security/cert/Certificate'[])}
  0x000001a1df602104: 8b58 0841 | 81fb c051 | 1000 0f85 | 982c 0000 | 448b 590c | 4c8b 5424 | 704d 8bc2 | 4d63 cb49 
  0x000001a1df602124: c1e8 0949 | ba00 00b4 | d3a1 0100 | 0047 8824 | 0249 c1e1 | 024c 8bd1 | 448b 4424 | 5045 8950 
  0x000001a1df602144: 1441 81fb | 0000 0400 | 0f87 af25 | 0000 498b | 9fb8 0100 | 004d 8d51 | 1749 83e2 | f84c 8bc3 
  0x000001a1df602164: 4d03 c24d | 3b87 c801 | 0000 0f83 | 8d25 0000 | 4d89 87b8 | 0100 0041 | 0f18 8000 | 0100 0048 
  0x000001a1df602184: c703 0100 | 0000 410f | 1880 4001 

  0x000001a1df602190: ;   {metadata('java/security/cert/Certificate'[])}
  0x000001a1df602190: 0000 c743 | 08c0 5110 | 0044 895b | 0c41 0f18 | 8080 0100 | 0048 83c1 | 1048 8bd3 | 4883 c210 
  0x000001a1df6021b0: 4983 c107 | 49c1 e903 | 4d8b c1c5 | f877 49ba | 6074 efde | a101 0000 

  0x000001a1df6021c8: ;   {other}
  0x000001a1df6021c8: 41ff d20f | 1f84 0000 | 0000 004c | 8bd3 4889 | 6c24 404c | 8b5c 2420 | 4c89 5c24 | 2848 8b74 
  0x000001a1df6021e8: 2458 4c8b | 6c24 6048 | 8b5c 2468 | 498b fae9 | 86ce ffff | 33db e931 | dbff ff44 | 8954 246c 
  0x000001a1df602208: 8954 2468 | 894c 2464 | 448b 5424 | 5044 8954 | 2460 4c8b | 5424 484c | 8954 2458 | 4c89 6c24 
  0x000001a1df602228: 5048 8974 | 2448 4c8b | 5424 404c | 8954 2420 

  0x000001a1df602238: ;   {metadata('java/lang/String')}
  0x000001a1df602238: 48ba 40e7 | 0080 a101 | 0000 6690 

  0x000001a1df602244: ;   {runtime_call _new_instance_Java}
  0x000001a1df602244: c5f8 77e8 

  0x000001a1df602248: ; ImmutableOopMap {rbp=Oop [32]=Oop [40]=Oop [48]=Oop [72]=Oop [80]=Oop [88]=Oop [96]=NarrowOop [100]=NarrowOop }
                      ;*new {reexecute=0 rethrow=0 return_oop=1}
                      ; - java.lang.StringLatin1::newString@7
                      ; - java.lang.String::substring@41
                      ; - java.lang.ClassLoader::checkCerts@21
                      ; - java.lang.ClassLoader::preDefineClass@113
                      ; - java.lang.ClassLoader::defineClass@4
  0x000001a1df602248: 346b 9cff 

  0x000001a1df60224c: ;   {other}
  0x000001a1df60224c: 0f1f 8400 | bc3e 0027 | 4c8b 5424 | 204c 8954 | 2440 488b | 7424 484c | 8b6c 2450 | 4c8b 5424 
  0x000001a1df60226c: 584c 8954 | 2448 448b | 4424 6044 | 8944 2450 | 8b4c 2464 | 8b54 2468 | 448b 5424 | 6c48 8bd8 
  0x000001a1df60228c: e936 ccff | ff48 897c | 2458 4489 | 7424 504c | 8b54 2428 | 4c89 5424 | 2048 8b6c 

  0x000001a1df6022a8: ;   {metadata('java/lang/StringBuilder')}
  0x000001a1df6022a8: 2440 48ba | 1880 0080 | a101 0000 

  0x000001a1df6022b4: ;   {runtime_call _new_instance_Java}
  0x000001a1df6022b4: c5f8 77e8 

  0x000001a1df6022b8: ; ImmutableOopMap {rbp=Oop [32]=Oop [48]=Oop [72]=Oop [80]=NarrowOop [88]=Oop }
                      ;*new {reexecute=0 rethrow=0 return_oop=1}
                      ; - java.net.URLStreamHandler::toExternalForm@0
                      ; - java.net.URL::toExternalForm@5
                      ; - java.net.URL::toString@1
                      ; - java.lang.ClassLoader::defineClassSourceLocation@22
                      ; - java.lang.ClassLoader::defineClass@12
  0x000001a1df6022b8: c46a 9cff 

  0x000001a1df6022bc: ;   {other}
  0x000001a1df6022bc: 0f1f 8400 | 2c3f 0028 | 4889 6c24 | 404c 8b54 | 2420 4c89 | 5424 2844 | 8b74 2450 | 4c8b 5424 
  0x000001a1df6022dc: 5849 8bfa | e97d ceff | ff48 8944 | 2460 4889 | 7c24 5844 | 8974 2450 | 4c8b 5424 | 284c 8954 
  0x000001a1df6022fc: 2420 488b 

  0x000001a1df602300: ;   {metadata({type array byte})}
  0x000001a1df602300: 6c24 4048 | ba68 2200 | 80a1 0100 | 0041 b810 | 0000 0090 

  0x000001a1df602314: ;   {runtime_call _new_array_Java}
  0x000001a1df602314: c5f8 77e8 

  0x000001a1df602318: ; ImmutableOopMap {rbp=Oop [32]=Oop [48]=Oop [72]=Oop [80]=NarrowOop [88]=Oop [96]=Oop [144]=Oop }
                      ;*newarray {reexecute=0 rethrow=0 return_oop=1}
                      ; - java.lang.AbstractStringBuilder::<init>@12
                      ; - java.lang.StringBuilder::<init>@3
                      ; - java.net.URLStreamHandler::toExternalForm@4
                      ; - java.net.URL::toExternalForm@5
                      ; - java.net.URL::toString@1
                      ; - java.lang.ClassLoader::defineClassSourceLocation@22
                      ; - java.lang.ClassLoader::defineClass@12
  0x000001a1df602318: 6470 9cff 

  0x000001a1df60231c: ;   {other}
  0x000001a1df60231c: 0f1f 8400 | 8c3f 0029 | 4889 6c24 | 404c 8b5c | 2420 4c89 | 5c24 2844 | 8b74 2450 | 4c8b 5c24 
  0x000001a1df60233c: 584c 8bc0 | 498b fbe9 | 7bce ffff 

  0x000001a1df602348: ;   {metadata('java/lang/String')}
  0x000001a1df602348: 48ba 40e7 | 0080 a101 | 0000 6690 

  0x000001a1df602354: ;   {runtime_call _new_instance_Java}
  0x000001a1df602354: c5f8 77e8 

  0x000001a1df602358: ; ImmutableOopMap {[40]=Oop [48]=Oop [64]=Oop [72]=Oop [144]=Oop }
                      ;*new {reexecute=0 rethrow=0 return_oop=1}
                      ; - java.lang.StringBuilder::toString@0
                      ; - java.net.URLStreamHandler::toExternalForm@152
                      ; - java.net.URL::toExternalForm@5
                      ; - java.net.URL::toString@1
                      ; - java.lang.ClassLoader::defineClassSourceLocation@22
                      ; - java.lang.ClassLoader::defineClass@12
  0x000001a1df602358: 246a 9cff 

  0x000001a1df60235c: ;   {other}
  0x000001a1df60235c: 0f1f 8400 | cc3f 002a | 4c8b d8e9 | c8d2 ffff | 498b 87b8 | 0100 004c | 8bc0 4983 | c018 498b 
  0x000001a1df60237c: ca4d 3b87 | c801 0000 | 0f83 5825 | 0000 4d89 | 87b8 0100 | 0041 0f18 | 8000 0100 | 0048 c700 
  0x000001a1df60239c: 0100 0000 

  0x000001a1df6023a0: ;   {metadata('java/util/ArrayList')}
  0x000001a1df6023a0: c740 08e0 | a50b 0044 | 8960 0c44 | 8960 1041 

  0x000001a1df6023b0: ;   {oop(a 'java/lang/Object'[0] {0x00000000c0000878})}
  0x000001a1df6023b0: 8b7b 0cc7 | 4014 7808 | 00c0 4c8b | c885 ff0f | 8696 0000 | 0045 33c0 | eb15 660f | 1f44 0000 
  0x000001a1df6023d0: 4889 6c24 | 2848 8b4c | 2438 4c8b | 4c24 4041 | 8b7b 0c44 | 3bc7 0f83 | d426 0000 | 438b 5c83 
  0x000001a1df6023f0: 1044 8b5b | 1045 8b5b | 1044 8944 | 2434 4c89 | 4c24 4048 | 894c 2438 | 4489 5424 | 3048 8b6c 
  0x000001a1df602410: 2428 4d8b | c349 8bd1 

  0x000001a1df602418: ;   {optimized virtual_call}
  0x000001a1df602418: c5f8 77e8 

  0x000001a1df60241c: ; ImmutableOopMap {rbp=Oop [32]=Oop [48]=NarrowOop [56]=Oop [64]=Oop }
                      ;*invokevirtual addAll {reexecute=0 rethrow=0 return_oop=0}
                      ; - java.security.CodeSource::getCertificates@57
                      ; - java.lang.ClassLoader::postDefineClass@24
                      ; - java.lang.ClassLoader::defineClass@37
  0x000001a1df60241c: 60c3 90ff 

  0x000001a1df602420: ;   {other}
  0x000001a1df602420: 0f1f 8400 | 9040 002b | 4d8b 8f50 | 0400 0044 | 8b54 2430 | 458b 5a10 | 448b 4424 

  0x000001a1df60243c: ; ImmutableOopMap {r10=NarrowOop r11=NarrowOop rbp=Oop [32]=Oop [56]=Oop [64]=Oop }
                      ;*goto {reexecute=1 rethrow=0 return_oop=0}
                      ; - (reexecute) java.security.CodeSource::getCertificates@64
                      ; - java.lang.ClassLoader::postDefineClass@24
                      ; - java.lang.ClassLoader::defineClass@37
  0x000001a1df60243c: 3441 ffc0 

  0x000001a1df602440: ;   {poll}
  0x000001a1df602440: 4185 0145 | 8b4b 0c45 | 3bc1 7c84 | 4889 6c24 | 2848 8b4c | 2438 4c8b | 4c24 4049 | 8b87 b801 
  0x000001a1df602460: 0000 4c8b | d849 83c3 | 104d 3b9f | c801 0000 | 0f83 b324 | 0000 4d89 | 9fb8 0100 | 0041 0f18 
  0x000001a1df602480: 8300 0100 | 0048 c700 | 0100 0000 | 410f 1883 | 4001 0000 

  0x000001a1df602494: ;   {metadata('java/security/cert/Certificate'[])}
  0x000001a1df602494: c740 08c0 | 5110 0041 | 0f18 8380 | 0100 0044 | 8960 0c44 | 8954 2430 | 488b e94c | 894c 2438 
  0x000001a1df6024b4: 4c8b c048 | 8b54 2438 

  0x000001a1df6024bc: ;   {optimized virtual_call}
  0x000001a1df6024bc: c5f8 77e8 

  0x000001a1df6024c0: ; ImmutableOopMap {rbp=Oop [32]=Oop [40]=Oop [48]=NarrowOop }
                      ;*invokevirtual toArray {reexecute=0 rethrow=0 return_oop=1}
                      ; - java.security.CodeSource::getCertificates@73
                      ; - java.lang.ClassLoader::postDefineClass@24
                      ; - java.lang.ClassLoader::defineClass@37
  0x000001a1df6024c0: bcc2 90ff 

  0x000001a1df6024c4: ;   {other}
  0x000001a1df6024c4: 0f1f 8400 | 3441 002d | 4c8b d044 

  0x000001a1df6024d0: ;   {metadata('java/security/cert/Certificate'[])}
  0x000001a1df6024d0: 8b40 0841 | 81f8 c051 | 1000 0f85 | 2429 0000 | 4c89 5424 | 4045 8b5a | 0c4c 8bc5 | 4963 eb49 
  0x000001a1df6024f0: c1e8 0949 | ba00 00b4 | d3a1 0100 | 0047 8824 | 0248 c1e5 | 024c 8b54 | 2440 4d8b | c244 8b4c 
  0x000001a1df602510: 2430 4589 | 4114 4181 | fb00 0004 | 000f 8736 | 2400 0049 | 8b9f b801 | 0000 4c8d | 5517 4983 
  0x000001a1df602530: e2f8 4c8b | c34d 03c2 | 4d3b 87c8 | 0100 000f | 8314 2400 | 004d 8987 | b801 0000 | 410f 1880 
  0x000001a1df602550: 0001 0000 | 48c7 0301 | 0000 0041 | 0f18 8040 

  0x000001a1df602560: ;   {metadata('java/security/cert/Certificate'[])}
  0x000001a1df602560: 0100 00c7 | 4308 c051 | 1000 4489 | 5b0c 410f | 1880 8001 | 0000 488b | 4c24 4048 | 83c1 1048 
  0x000001a1df602580: 8bd3 4883 | c210 4883 | c507 48c1 | ed03 4c8b | c5c5 f877 | 49ba 6074 | efde a101 | 0000 41ff 
  0x000001a1df6025a0: ;   {other}
  0x000001a1df6025a0: d20f 1f84 | 0000 0000 | 00e9 9ddc | ffff 4c63 | c54d 8d58 | 1049 8bd3 | 4883 e2f8 | 488b fb48 
  0x000001a1df6025c0: 03fa 49c1 | eb03 492b | cb48 33c0 | 4883 f908 | 7f10 48ff | c978 4f48 | 8904 cf48 | ffc9 7df7 
  0x000001a1df6025e0: eb44 c5fd | efc0 e90d | 0000 00c5 | fe7f 07c5 | fe7f 4720 | 4883 c740 | 4883 e908 | 7ded 4883 
  0x000001a1df602600: c104 7c0c | c5fe 7f07 | 4883 c720 | 4883 e904 | 4883 c104 | 7e10 48ff | c9c5 f9d6 | 0748 83c7 
  0x000001a1df602620: 0848 ffc9 | 7df3 498b | c949 8bd2 | c5f8 7749 | bac0 6def | dea1 0100 | 0041 ffd2 

  0x000001a1df60263c: ;   {other}
  0x000001a1df60263c: 0f1f 8400 | 0000 0000 | e957 ddff | ff4c 63c5 | 498d 4810 | 488b d148 | 83e2 f848 | 8bfb 4803 
  0x000001a1df60265c: fa48 c1e9 | 034c 2bc9 | 498b c948 | 33c0 4883 | f908 7f10 | 48ff c978 | 4f48 8904 | cf48 ffc9 
  0x000001a1df60267c: 7df7 eb44 | c5fd efc0 | e90d 0000 | 00c5 fe7f | 07c5 fe7f | 4720 4883 | c740 4883 | e908 7ded 
  0x000001a1df60269c: 4883 c104 | 7c0c c5fe | 7f07 4883 | c720 4883 | e904 4883 | c104 7e10 | 48ff c9c5 | f9d6 0748 
  0x000001a1df6026bc: 83c7 0848 | ffc9 7df3 | 498b cb49 | 8bd2 c5f8 | 7749 bac0 | 6def dea1 | 0100 0041 

  0x000001a1df6026d8: ;   {other}
  0x000001a1df6026d8: ffd2 0f1f | 8400 0000 | 0000 e944 | deff ff4c | 63c5 4d8d | 5810 498b | d348 83e2 | f848 8bfb 
  0x000001a1df6026f8: 4803 fa49 | c1eb 0349 | 2bcb 4833 | c048 83f9 | 087f 1048 | ffc9 784f | 4889 04cf | 48ff c97d 
  0x000001a1df602718: f7eb 44c5 | fdef c0e9 | 0d00 0000 | c5fe 7f07 | c5fe 7f47 | 2048 83c7 | 4048 83e9 | 087d ed48 
  0x000001a1df602738: 83c1 047c | 0cc5 fe7f | 0748 83c7 | 2048 83e9 | 0448 83c1 | 047e 1048 | ffc9 c5f9 | d607 4883 
  0x000001a1df602758: c708 48ff | c97d f349 | 8bc9 498b | d2c5 f877 | 49ba c06d | efde a101 | 0000 41ff 

  0x000001a1df602774: ;   {other}
  0x000001a1df602774: d20f 1f84 | 0000 0000 | 00e9 5adf | ffff 4c63 | c549 8d48 | 1048 8bd1 | 4883 e2f8 | 488b fb48 
  0x000001a1df602794: 03fa 48c1 | e903 4c2b | c949 8bc9 | 4833 c048 | 83f9 087f | 1048 ffc9 | 784f 4889 | 04cf 48ff 
  0x000001a1df6027b4: c97d f7eb | 44c5 fdef | c0e9 0d00 | 0000 c5fe | 7f07 c5fe | 7f47 2048 | 83c7 4048 | 83e9 087d 
  0x000001a1df6027d4: ed48 83c1 | 047c 0cc5 | fe7f 0748 | 83c7 2048 | 83e9 0448 | 83c1 047e | 1048 ffc9 | c5f9 d607 
  0x000001a1df6027f4: 4883 c708 | 48ff c97d | f349 8bcb | 498b d2c5 | f877 49ba | c06d efde | a101 0000 

  0x000001a1df602810: ;   {other}
  0x000001a1df602810: 41ff d20f | 1f84 0000 | 0000 00e9 | 4fe0 ffff | 4d63 c34d | 8d58 1049 | 8bcb 4883 | e1f8 488b 
  0x000001a1df602830: fb48 03f9 | 49c1 eb03 | 492b d348 | 8bca 4833 | c048 83f9 | 087f 1048 | ffc9 784f | 4889 04cf 
  0x000001a1df602850: 48ff c97d | f7eb 44c5 | fdef c0e9 | 0d00 0000 | c5fe 7f07 | c5fe 7f47 | 2048 83c7 | 4048 83e9 
  0x000001a1df602870: 087d ed48 | 83c1 047c | 0cc5 fe7f | 0748 83c7 | 2048 83e9 | 0448 83c1 | 047e 1048 | ffc9 c5f9 
  0x000001a1df602890: d607 4883 | c708 48ff | c97d f349 | 8bc9 498b | d2c5 f877 | 49ba c06d | efde a101 | 0000 41ff 
  0x000001a1df6028b0: ;   {other}
  0x000001a1df6028b0: d20f 1f84 | 0000 0000 | 00e9 40e1 | ffff 4d63 | c24d 8d50 | 1049 8bd2 | 4883 e2f8 | 488b fb48 
  0x000001a1df6028d0: 03fa 49c1 | ea03 492b | ca48 33c0 | 4883 f908 | 7f10 48ff | c978 4f48 | 8904 cf48 | ffc9 7df7 
  0x000001a1df6028f0: eb44 c5fd | efc0 e90d | 0000 00c5 | fe7f 07c5 | fe7f 4720 | 4883 c740 | 4883 e908 | 7ded 4883 
  0x000001a1df602910: c104 7c0c | c5fe 7f07 | 4883 c720 | 4883 e904 | 4883 c104 | 7e10 48ff | c9c5 f9d6 | 0748 83c7 
  0x000001a1df602930: 0848 ffc9 | 7df3 498b | cb49 8bd1 | c5f8 7749 | bac0 6def | dea1 0100 | 0041 ffd2 

  0x000001a1df60294c: ;   {other}
  0x000001a1df60294c: 0f1f 8400 | 0000 0000 | e921 e2ff | ff44 8944 | 2454 4889 | 4424 404c | 8954 2438 | 4c8b 5424 
  0x000001a1df60296c: 484c 8954 | 2430 4c8b | 5424 284c | 8954 2420 | 488b d548 | 8bee 8974 | 2450 6690 

  0x000001a1df602988: ;   {static_call}
  0x000001a1df602988: c5f8 77e8 

  0x000001a1df60298c: ; ImmutableOopMap {rbp=Oop [32]=Oop [48]=Oop [56]=Oop [64]=Oop [80]=NarrowOop [84]=NarrowOop }
                      ;*invokestatic hashCode {reexecute=0 rethrow=0 return_oop=0}
                      ; - java.lang.String::hashCode@37
                      ; - java.util.concurrent.ConcurrentHashMap::get@1
                      ; - java.lang.ClassLoader::getNamedPackage@5
                      ; - java.lang.ClassLoader::postDefineClass@9
                      ; - java.lang.ClassLoader::defineClass@37
  0x000001a1df60298c: f0c3 90ff 

  0x000001a1df602990: ;   {other}
  0x000001a1df602990: 0f1f 8400 | 0046 002e | 8bd8 4c8b | 5424 204c | 8954 2428 | 4c8b 5424 | 304c 8954 | 2448 4c8b 
  0x000001a1df6029b0: 5424 384c | 8954 2420 | 488b 4c24 | 408b 7424 | 5044 8b44 | 2454 e95e | d3ff ff44 | 895c 2470 
  0x000001a1df6029d0: 895c 2454 | 4889 5424 | 684c 8b54 | 2420 4c89 | 5424 5844 | 8974 2450 | 4c8b 5424 | 284c 8954 
  0x000001a1df6029f0: 2420 488b | 6c24 4048 | 8b94 2490 | 0000 0090 

  0x000001a1df602a00: ;   {optimized virtual_call}
  0x000001a1df602a00: c5f8 77e8 

  0x000001a1df602a04: ; ImmutableOopMap {rbp=Oop [32]=Oop [48]=Oop [72]=Oop [80]=NarrowOop [88]=Oop [104]=Oop [144]=Oop }
                      ;*invokevirtual inflate {reexecute=0 rethrow=0 return_oop=0}
                      ; - java.lang.AbstractStringBuilder::inflateIfNeededFor@18
                      ; - java.lang.AbstractStringBuilder::putStringAt@2
                      ; - java.lang.AbstractStringBuilder::append@30
                      ; - java.lang.StringBuilder::append@2
                      ; - java.net.URLStreamHandler::toExternalForm@59
                      ; - java.net.URL::toExternalForm@5
                      ; - java.net.URL::toString@1
                      ; - java.lang.ClassLoader::defineClassSourceLocation@22
                      ; - java.lang.ClassLoader::defineClass@12
  0x000001a1df602a04: 78bd 90ff 

  0x000001a1df602a08: ;   {other}
  0x000001a1df602a08: 0f1f 8400 | 7846 002f | 4c8b 9424 | 9000 0000 | 450f be52 | 1048 896c | 2440 4c8b | 5c24 204c 
  0x000001a1df602a28: 895c 2428 | 448b 7424 | 504c 8b5c | 2458 4c89 | 5c24 2048 | 8b54 2468 | 8b5c 2454 | 448b 5c24 
  0x000001a1df602a48: 70e9 41c9 | ffff 895c | 2468 4489 | 6c24 544c | 8b5c 2420 | 4c89 5c24 | 5844 8974 | 2450 4c8b 
  0x000001a1df602a68: 5c24 404c | 895c 2420 | 488b 9424 | 9000 0000 | 4c89 8c24 | 8800 0000 

  0x000001a1df602a80: ;   {optimized virtual_call}
  0x000001a1df602a80: c5f8 77e8 

  0x000001a1df602a84: ; ImmutableOopMap {rbp=NarrowOop [32]=Oop [40]=Oop [48]=Oop [72]=Oop [80]=NarrowOop [88]=Oop [136]=Oop [144]=Oop }
                      ;*invokevirtual inflate {reexecute=0 rethrow=0 return_oop=0}
                      ; - java.lang.AbstractStringBuilder::inflateIfNeededFor@18
                      ; - java.lang.AbstractStringBuilder::putStringAt@2
                      ; - java.lang.AbstractStringBuilder::append@30
                      ; - java.lang.StringBuilder::append@2
                      ; - java.net.URLStreamHandler::toExternalForm@77
                      ; - java.net.URL::toExternalForm@5
                      ; - java.net.URL::toString@1
                      ; - java.lang.ClassLoader::defineClassSourceLocation@22
                      ; - java.lang.ClassLoader::defineClass@12
  0x000001a1df602a84: f8bc 90ff 

  0x000001a1df602a88: ;   {other}
  0x000001a1df602a88: 0f1f 8400 | f846 0030 | 440f be5d | 104c 8b94 | 2490 0000 | 0045 0fbe | 5210 4c8b | 4424 204c 
  0x000001a1df602aa8: 8944 2440 | 448b 7424 | 504c 8b44 | 2458 4c89 | 4424 2044 | 8b6c 2454 | 8b5c 2468 | e9b0 c9ff 
  0x000001a1df602ac8: ff4c 895c | 2460 4489 | 5424 544c | 8b54 2420 | 4489 7424 | 504c 8b5c | 2440 4c89 | 5c24 2048 
  0x000001a1df602ae8: 8b94 2490 | 0000 004c | 8954 2468 

  0x000001a1df602af4: ;   {oop([B{0x00000000c0002348})}
  0x000001a1df602af4: 48bd 4823 | 00c0 0000 | 0000 6690 

  0x000001a1df602b00: ;   {optimized virtual_call}
  0x000001a1df602b00: c5f8 77e8 

  0x000001a1df602b04: ; ImmutableOopMap {rbp=Oop [96]=Derived_oop_rbp [32]=Oop [40]=Oop [48]=Oop [72]=Oop [80]=NarrowOop [104]=Oop [144]=Oop }
                      ;*invokevirtual inflate {reexecute=0 rethrow=0 return_oop=0}
                      ; - java.lang.AbstractStringBuilder::inflateIfNeededFor@18
                      ; - java.lang.AbstractStringBuilder::putStringAt@2
                      ; - java.lang.AbstractStringBuilder::append@30
                      ; - java.lang.StringBuilder::append@2
                      ; - java.net.URLStreamHandler::toExternalForm@113
                      ; - java.net.URL::toExternalForm@5
                      ; - java.net.URL::toString@1
                      ; - java.lang.ClassLoader::defineClassSourceLocation@22
                      ; - java.lang.ClassLoader::defineClass@12
  0x000001a1df602b04: 78bc 90ff 

  0x000001a1df602b08: ;   {other}
  0x000001a1df602b08: 0f1f 8400 | 7847 0031 | 4c8b 9424 | 9000 0000 | 418b 6a14 | 4180 7a10 | 000f 8513 | 1c00 0085 
  0x000001a1df602b28: ed0f 8499 | 0900 004c | 8b54 2420 | 4c89 5424 | 4044 8b74 | 2450 448b | 5424 544c | 8b5c 2460 
  0x000001a1df602b48: e913 caff | ff44 8954 | 2460 4c89 | 5c24 584c | 8b54 2440 | 4c89 5424 | 2048 8b94 | 2490 0000 
  0x000001a1df602b68: ;   {oop([B{0x00000000c0002348})}
  0x000001a1df602b68: 0048 bd48 | 2300 c000 | 0000 0090 

  0x000001a1df602b74: ;   {optimized virtual_call}
  0x000001a1df602b74: c5f8 77e8 

  0x000001a1df602b78: ; ImmutableOopMap {rbp=Oop [88]=Derived_oop_rbp [32]=Oop [40]=Oop [48]=Oop [72]=Oop [144]=Oop }
                      ;*invokevirtual inflate {reexecute=0 rethrow=0 return_oop=0}
                      ; - java.lang.AbstractStringBuilder::inflateIfNeededFor@18
                      ; - java.lang.AbstractStringBuilder::putStringAt@2
                      ; - java.lang.AbstractStringBuilder::append@30
                      ; - java.lang.StringBuilder::append@2
                      ; - java.net.URLStreamHandler::toExternalForm@149
                      ; - java.net.URL::toExternalForm@5
                      ; - java.net.URL::toString@1
                      ; - java.lang.ClassLoader::defineClassSourceLocation@22
                      ; - java.lang.ClassLoader::defineClass@12
  0x000001a1df602b78: 04bc 90ff 

  0x000001a1df602b7c: ;   {other}
  0x000001a1df602b7c: 0f1f 8400 | ec47 0032 | 4c8b 9424 | 9000 0000 | 418b 6a14 | 4180 7a10 | 000f 8578 | 1c00 0085 
  0x000001a1df602b9c: ed0f 8445 | 0900 004c | 8b54 2420 | 4c89 5424 | 4044 8b54 | 2460 e926 | caff ff89 | 4c24 6c44 
  0x000001a1df602bbc: 896c 2468 | 4489 4c24 | 544c 8944 | 2460 4889 | 7c24 5844 | 8974 2450 | 4c8b 5c24 | 284c 895c 
  0x000001a1df602bdc: 2420 4c8b | 5c24 4049 | 8beb 498b | d048 899c | 2480 0000 | 0066 6690 

  0x000001a1df602bf4: ;   {optimized virtual_call}
  0x000001a1df602bf4: c5f8 77e8 

  0x000001a1df602bf8: ; ImmutableOopMap {rbp=Oop [32]=Oop [48]=Oop [72]=Oop [80]=NarrowOop [84]=NarrowOop [88]=Oop [96]=Oop [128]=Oop [144]=Oop }
                      ;*invokevirtual inflate {reexecute=0 rethrow=0 return_oop=0}
                      ; - java.lang.AbstractStringBuilder::inflateIfNeededFor@18
                      ; - java.lang.AbstractStringBuilder::putStringAt@2
                      ; - java.lang.AbstractStringBuilder::append@30
                      ; - java.lang.StringBuilder::append@2
                      ; - java.net.URLStreamHandler::toExternalForm@11
                      ; - java.net.URL::toExternalForm@5
                      ; - java.net.URL::toString@1
                      ; - java.lang.ClassLoader::defineClassSourceLocation@22
                      ; - java.lang.ClassLoader::defineClass@12
  0x000001a1df602bf8: 84bb 90ff 

  0x000001a1df602bfc: ;   {other}
  0x000001a1df602bfc: 0f1f 8400 | 6c48 0033 | 448b 4c24 | 5445 0fbe | 5110 4c8b | 5c24 6045 | 0fbe 5b10 | 4889 6c24 
  0x000001a1df602c1c: 404c 8b44 | 2420 4c89 | 4424 2844 | 8b74 2450 | 4c8b 4424 | 5844 8b6c | 2468 8b4c | 246c 498b 
  0x000001a1df602c3c: f8e9 fbc5 | ffff 4c89 | 8424 8000 | 0000 4c89 | 4c24 784c | 895c 2470 | 4889 5c24 | 6844 8954 
  0x000001a1df602c5c: 2464 448b | 5c24 5044 | 895c 2460 | 4c8b 5424 | 484c 8954 | 2458 4c89 | 6c24 5048 | 8974 2448 
  0x000001a1df602c7c: 4c8b 5424 | 404c 8954 

  0x000001a1df602c84: ;   {metadata({type array byte})}
  0x000001a1df602c84: 2420 48ba | 6822 0080 | a101 0000 | 448b 4424 | 6466 6690 

  0x000001a1df602c98: ;   {runtime_call _new_array_nozero_Java}
  0x000001a1df602c98: c5f8 77e8 

  0x000001a1df602c9c: ; ImmutableOopMap {[32]=Oop [40]=Oop [48]=Oop [72]=Oop [80]=Oop [88]=Oop [96]=NarrowOop [104]=Oop [144]=Oop [112]=Derived_oop_[144] }
                      ;*newarray {reexecute=0 rethrow=0 return_oop=1}
                      ; - java.util.Arrays::copyOfRangeByte@10
                      ; - java.util.Arrays::copyOfRange@13
                      ; - java.lang.StringLatin1::newString@16
                      ; - java.lang.String::substring@41
                      ; - java.lang.ClassLoader::checkCerts@21
                      ; - java.lang.ClassLoader::preDefineClass@113
                      ; - java.lang.ClassLoader::defineClass@4
  0x000001a1df602c9c: 603a 9cff 

  0x000001a1df602ca0: ;   {other}
  0x000001a1df602ca0: 0f1f 8400 | 1049 0034 | 4c8b 5424 | 204c 8954 | 2440 488b | 7424 484c | 8b6c 2450 | 4c8b 5424 
  0x000001a1df602cc0: 584c 8954 | 2448 448b | 5424 6044 | 8954 2450 | 448b 5424 | 6448 8b5c | 2468 4c8b | 5c24 704c 
  0x000001a1df602ce0: 8b4c 2478 | 4c8b 8424 | 8000 0000 | 4c8b f0e9 | 06c3 ffff | 4c89 4424 | 7048 894c | 2468 4c89 
  0x000001a1df602d00: 4c24 6044 | 895c 2458 | 4c8b 5424 | 404c 8954 

  0x000001a1df602d10: ;   {metadata({type array byte})}
  0x000001a1df602d10: 2420 48ba | 6822 0080 | a101 0000 | 458b c390 

  0x000001a1df602d20: ;   {runtime_call _new_array_nozero_Java}
  0x000001a1df602d20: c5f8 77e8 

  0x000001a1df602d24: ; ImmutableOopMap {[32]=Oop [40]=Oop [48]=Oop [72]=Oop [80]=Oop [128]=Oop [96]=Derived_oop_[128] }
                      ;*newarray {reexecute=0 rethrow=0 return_oop=1}
                      ; - java.util.Arrays::copyOfRangeByte@10
                      ; - java.util.Arrays::copyOfRange@13
                      ; - java.lang.String::<init>@32
                      ; - java.lang.String::<init>@3
                      ; - java.lang.StringBuilder::toString@5
                      ; - java.net.URLStreamHandler::toExternalForm@152
                      ; - java.net.URL::toExternalForm@5
                      ; - java.net.URL::toString@1
                      ; - java.lang.ClassLoader::defineClassSourceLocation@22
                      ; - java.lang.ClassLoader::defineClass@12
  0x000001a1df602d24: d839 9cff 

  0x000001a1df602d28: ;   {other}
  0x000001a1df602d28: 0f1f 8400 | 9849 0035 | 4c8b 5c24 | 204c 895c | 2440 448b | 5c24 584c | 8b4c 2460 | 488b 4c24 
  0x000001a1df602d48: 684c 8b44 | 2470 488b | d8e9 42ca | ffff 4489 | 4c24 4044 | 8944 243c | 4489 5c24 | 384c 8b54 
  0x000001a1df602d68: 2420 4c89 | 5424 304c | 8b54 2448 | 4c89 5424 | 2048 8b6c 

  0x000001a1df602d7c: ;   {metadata('java/lang/String')}
  0x000001a1df602d7c: 2428 48ba | 40e7 0080 | a101 0000 

  0x000001a1df602d88: ;   {runtime_call _new_instance_Java}
  0x000001a1df602d88: c5f8 77e8 

  0x000001a1df602d8c: ; ImmutableOopMap {rbp=Oop [32]=Oop [48]=Oop [56]=NarrowOop [136]=Oop }
                      ;*new {reexecute=0 rethrow=0 return_oop=1}
                      ; - java.lang.StringLatin1::newString@7
                      ; - java.lang.String::substring@41
                      ; - java.lang.Class::getPackageName@62
                      ; - java.lang.ClassLoader::postDefineClass@2
                      ; - java.lang.ClassLoader::defineClass@37
  0x000001a1df602d8c: f05f 9cff 

  0x000001a1df602d90: ;   {other}
  0x000001a1df602d90: 0f1f 8400 | 004a 0036 | 4889 6c24 | 284c 8b5c | 2420 4c89 | 5c24 484c | 8b5c 2430 | 4c89 5c24 
  0x000001a1df602db0: 2044 8b5c | 2438 448b | 4424 3c44 | 8b4c 2440 | 488b d8e9 | 6ecb ffff | bae4 ffff | ff44 8954 
  0x000001a1df602dd0: 2420 448b | 5424 3844 | 8954 2424 | 448b 5c24 | 3c44 895c | 2438 4889 | 7424 584c | 896c 2460 
  0x000001a1df602df0: 448b 5424 | 5044 8954 | 243c 894c | 2454 6690 

  0x000001a1df602e00: ;   {runtime_call UncommonTrapBlob}
  0x000001a1df602e00: c5f8 77e8 

  0x000001a1df602e04: ; ImmutableOopMap {[40]=Oop [48]=Oop [60]=NarrowOop [64]=Oop [72]=Oop [84]=NarrowOop [88]=Oop [96]=Oop }
                      ;*baload {reexecute=0 rethrow=0 return_oop=0}
                      ; - java.lang.StringLatin1::lastIndexOf@24
                      ; - java.lang.String::lastIndexOf@13
                      ; - java.lang.String::lastIndexOf@8
                      ; - java.lang.ClassLoader::checkCerts@3
                      ; - java.lang.ClassLoader::preDefineClass@113
                      ; - java.lang.ClassLoader::defineClass@4
  0x000001a1df602e04: f80b 91ff 

  0x000001a1df602e08: ;   {other}
  0x000001a1df602e08: 0f1f 8400 | 784a 0037 | 4c89 4424 | 784c 895c | 2470 4889 | 5c24 6844 | 8bd2 894c | 2464 448b 
  0x000001a1df602e28: 4424 5044 | 8944 2460 | 4c8b 5c24 | 484c 895c | 2458 4c89 | 6c24 5048 | 8974 2448 | 4c8b 5c24 
  0x000001a1df602e48: 404c 895c 

  0x000001a1df602e4c: ;   {metadata({type array byte})}
  0x000001a1df602e4c: 2420 48ba | 6822 0080 | a101 0000 | 458b c290 

  0x000001a1df602e5c: ;   {runtime_call _new_array_nozero_Java}
  0x000001a1df602e5c: c5f8 77e8 

  0x000001a1df602e60: ; ImmutableOopMap {rbp=Oop [112]=Derived_oop_rbp [32]=Oop [40]=Oop [48]=Oop [72]=Oop [80]=Oop [88]=Oop [96]=NarrowOop [100]=NarrowOop [104]=Oop }
                      ;*invokevirtual clone {reexecute=1 rethrow=0 return_oop=1}
                      ; - (reexecute) java.util.Arrays::copyOfRange@18
                      ; - java.lang.StringLatin1::newString@16
                      ; - java.lang.String::substring@41
                      ; - java.lang.ClassLoader::checkCerts@21
                      ; - java.lang.ClassLoader::preDefineClass@113
                      ; - java.lang.ClassLoader::defineClass@4
  0x000001a1df602e60: 9c38 9cff 

  0x000001a1df602e64: ;   {other}
  0x000001a1df602e64: 0f1f 8400 | d44a 0038 | 4c8b 5c24 | 204c 895c | 2440 488b | 7424 484c | 8b6c 2450 | 4c8b 5c24 
  0x000001a1df602e84: 584c 895c | 2448 448b | 5c24 6044 | 895c 2450 | 488b 5c24 | 684c 8b5c | 2470 4c8b | 4424 7848 
  0x000001a1df602ea4: 8bf8 e98a | c0ff ff4c | 8944 2468 | 4c89 4c24 | 6089 5c24 | 584c 8b5c | 2428 4c89 | 5c24 2048 
  0x000001a1df602ec4: 8b6c 2440 

  0x000001a1df602ec8: ;   {metadata({type array byte})}
  0x000001a1df602ec8: 48ba 6822 | 0080 a101 | 0000 448b | c766 6690 

  0x000001a1df602ed8: ;   {runtime_call _new_array_nozero_Java}
  0x000001a1df602ed8: c5f8 77e8 

  0x000001a1df602edc: ; ImmutableOopMap {rbp=Oop [32]=Oop [48]=Oop [72]=Oop [80]=Oop [88]=NarrowOop [128]=Oop [96]=Derived_oop_[128] }
                      ;*invokevirtual clone {reexecute=1 rethrow=0 return_oop=1}
                      ; - (reexecute) java.util.Arrays::copyOfRange@18
                      ; - java.lang.String::<init>@32
                      ; - java.lang.String::<init>@3
                      ; - java.lang.StringBuilder::toString@5
                      ; - java.net.URLStreamHandler::toExternalForm@152
                      ; - java.net.URL::toExternalForm@5
                      ; - java.net.URL::toString@1
                      ; - java.lang.ClassLoader::defineClassSourceLocation@22
                      ; - java.lang.ClassLoader::defineClass@12
  0x000001a1df602edc: 2038 9cff 

  0x000001a1df602ee0: ;   {other}
  0x000001a1df602ee0: 0f1f 8400 | 504b 0039 | 4889 6c24 | 404c 8b5c | 2420 4c89 | 5c24 284c | 8b4c 2460 | 4c8b 4424 
  0x000001a1df602f00: 6848 8bf0 | e9c7 c7ff | ffc6 4111 | 0133 dbe9 | 20ce ffff | 4489 4424 | 3848 894c 

  0x000001a1df602f1c: ;   {metadata('java/lang/NamedPackage')}
  0x000001a1df602f1c: 2430 48ba | 20bd 0180 | a101 0000 

  0x000001a1df602f28: ;   {runtime_call _new_instance_Java}
  0x000001a1df602f28: c5f8 77e8 

  0x000001a1df602f2c: ; ImmutableOopMap {[32]=Oop [40]=Oop [48]=Oop [56]=NarrowOop [72]=Oop }
                      ;*new {reexecute=0 rethrow=0 return_oop=1}
                      ; - java.lang.ClassLoader::getNamedPackage@16
                      ; - java.lang.ClassLoader::postDefineClass@9
                      ; - java.lang.ClassLoader::defineClass@37
  0x000001a1df602f2c: 505e 9cff 

  0x000001a1df602f30: ;   {other}
  0x000001a1df602f30: 0f1f 8400 | a04b 003a | e96c cfff 

  0x000001a1df602f3c: ;   {metadata('java/lang/InternalError')}
  0x000001a1df602f3c: ff48 ba70 | 0501 80a1 | 0100 0090 

  0x000001a1df602f48: ;   {runtime_call _new_instance_Java}
  0x000001a1df602f48: c5f8 77e8 

  0x000001a1df602f4c: ; ImmutableOopMap {[32]=Oop [40]=Oop [48]=Oop [56]=NarrowOop [64]=Oop [72]=Oop [80]=Oop }
                      ;*new {reexecute=0 rethrow=0 return_oop=1}
                      ; - java.lang.NamedPackage::<init>@18
                      ; - java.lang.ClassLoader::getNamedPackage@22
                      ; - java.lang.ClassLoader::postDefineClass@9
                      ; - java.lang.ClassLoader::defineClass@37
  0x000001a1df602f4c: 305e 9cff 

  0x000001a1df602f50: ;   {other}
  0x000001a1df602f50: 0f1f 8400 | c04b 003b | e9eb cfff 

  0x000001a1df602f5c: ;   {metadata('java/lang/StringBuilder')}
  0x000001a1df602f5c: ff48 ba18 | 8000 80a1 | 0100 0090 

  0x000001a1df602f68: ;   {runtime_call _new_instance_Java}
  0x000001a1df602f68: c5f8 77e8 

  0x000001a1df602f6c: ; ImmutableOopMap {[32]=Oop [40]=Oop [48]=Oop [56]=NarrowOop [64]=Oop [72]=Oop [80]=Oop [104]=Oop }
                      ;*new {reexecute=0 rethrow=0 return_oop=1}
                      ; - java.lang.NamedPackage::<init>@22
                      ; - java.lang.ClassLoader::getNamedPackage@22
                      ; - java.lang.ClassLoader::postDefineClass@9
                      ; - java.lang.ClassLoader::defineClass@37
  0x000001a1df602f6c: 105e 9cff 

  0x000001a1df602f70: ;   {other}
  0x000001a1df602f70: 0f1f 8400 | e04b 003c | e910 d0ff | ff4c 8944 | 2468 4889 | 4c24 604c | 8954 2458 | 4889 5c24 
  0x000001a1df602f90: 5044 894c | 2440 4c8b | 5424 204c | 8954 2438 | 4c8b 5424 | 484c 8954 | 2430 4c8b | 5424 284c 
  0x000001a1df602fb0: 8954 2420 

  0x000001a1df602fb4: ;   {metadata({type array byte})}
  0x000001a1df602fb4: 48ba 6822 | 0080 a101 | 0000 458b | c14c 8b54 | 2438 4c89 | 5424 2890 

  0x000001a1df602fcc: ;   {runtime_call _new_array_nozero_Java}
  0x000001a1df602fcc: c5f8 77e8 

  0x000001a1df602fd0: ; ImmutableOopMap {[32]=Oop [40]=Oop [48]=Oop [56]=Oop [80]=Oop [136]=Oop [88]=Derived_oop_[136] }
                      ;*newarray {reexecute=0 rethrow=0 return_oop=1}
                      ; - java.util.Arrays::copyOfRangeByte@10
                      ; - java.util.Arrays::copyOfRange@13
                      ; - java.lang.StringLatin1::newString@16
                      ; - java.lang.String::substring@41
                      ; - java.lang.Class::getPackageName@62
                      ; - java.lang.ClassLoader::postDefineClass@2
                      ; - java.lang.ClassLoader::defineClass@37
  0x000001a1df602fd0: 2c37 9cff 

  0x000001a1df602fd4: ;   {other}
  0x000001a1df602fd4: 0f1f 8400 | 444c 003d | 4c8b 5424 | 204c 8954 | 2428 4c8b | 5424 304c | 8954 2448 | 4c8b 5424 
  0x000001a1df602ff4: 384c 8954 | 2420 448b | 4c24 4048 | 8b5c 2450 | 4c8b 5424 | 5848 8b4c | 2460 4c8b | 4424 6848 
  0x000001a1df603014: 8bf0 e94c | caff ffba | e4ff ffff | 488b 6c24 | 204c 8b54 | 2448 4c89 | 5424 3848 | 895c 2448 
  0x000001a1df603034: 4489 5c24 | 5844 894c | 245c 6690 

  0x000001a1df603040: ;   {runtime_call UncommonTrapBlob}
  0x000001a1df603040: c5f8 77e8 

  0x000001a1df603044: ; ImmutableOopMap {rbp=Oop [40]=Oop [56]=Oop [72]=Oop [88]=NarrowOop }
                      ;*baload {reexecute=0 rethrow=0 return_oop=0}
                      ; - java.lang.StringLatin1::lastIndexOf@24
                      ; - java.lang.String::lastIndexOf@13
                      ; - java.lang.String::lastIndexOf@8
                      ; - java.lang.Class::getPackageName@47
                      ; - java.lang.ClassLoader::postDefineClass@2
                      ; - java.lang.ClassLoader::defineClass@37
  0x000001a1df603044: b809 91ff 

  0x000001a1df603048: ;   {other}
  0x000001a1df603048: 0f1f 8400 | b84c 003e | 4889 6c24 | 404c 8b54 | 2420 4c89 | 5424 2844 | 8b5c 2458 | 4c8b 4424 
  0x000001a1df603068: 604c 8b54 | 2450 41c6 | 4210 0141 | d1e3 498b | d045 33c0 | 458b cb90 

  0x000001a1df603080: ;   {static_call}
  0x000001a1df603080: c5f8 77e8 

  0x000001a1df603084: ; ImmutableOopMap {[40]=Oop [48]=Oop [64]=Oop [72]=Oop [80]=Oop }
                      ;*invokestatic copyOfRange {reexecute=0 rethrow=0 return_oop=1}
                      ; - java.lang.String::<init>@92
                      ; - java.lang.String::<init>@3
                      ; - java.lang.StringBuilder::toString@5
                      ; - java.net.URLStreamHandler::toExternalForm@152
                      ; - java.net.URL::toExternalForm@5
                      ; - java.net.URL::toString@1
                      ; - java.lang.ClassLoader::defineClassSourceLocation@22
                      ; - java.lang.ClassLoader::defineClass@12
  0x000001a1df603084: f8bc 90ff 

  0x000001a1df603088: ;   {other}
  0x000001a1df603088: 0f1f 8400 | f84c 003f | 4c8b d04c | 8b5c 2450 | 4589 5314 | 4d8b d349 | c1ea 0949 | bb00 00b4 
  0x000001a1df6030a8: d3a1 0100 | 0047 8824 | 13e9 44c7 | ffff 4889 | 7424 584c | 8954 2450 | 4889 5c24 | 4044 895c 
  0x000001a1df6030c8: 2438 4c8b | 5424 204c | 8954 2430 | 4c8b 5424 | 484c 8954 | 2420 488b 

  0x000001a1df6030e0: ;   {metadata({type array byte})}
  0x000001a1df6030e0: 6c24 2848 | ba68 2200 | 80a1 0100 | 0066 6690 

  0x000001a1df6030f0: ;   {runtime_call _new_array_nozero_Java}
  0x000001a1df6030f0: c5f8 77e8 

  0x000001a1df6030f4: ; ImmutableOopMap {rbp=Oop [32]=Oop [48]=Oop [56]=NarrowOop [64]=Oop [136]=Oop [80]=Derived_oop_[136] }
                      ;*invokevirtual clone {reexecute=1 rethrow=0 return_oop=1}
                      ; - (reexecute) java.util.Arrays::copyOfRange@18
                      ; - java.lang.StringLatin1::newString@16
                      ; - java.lang.String::substring@41
                      ; - java.lang.Class::getPackageName@62
                      ; - java.lang.ClassLoader::postDefineClass@2
                      ; - java.lang.ClassLoader::defineClass@37
  0x000001a1df6030f4: 0836 9cff 

  0x000001a1df6030f8: ;   {other}
  0x000001a1df6030f8: 0f1f 8400 | 684d 0040 | 4889 6c24 | 284c 8b54 | 2420 4c89 | 5424 484c | 8b54 2430 | 4c89 5424 
  0x000001a1df603118: 2048 8b5c | 2440 4c8b | 5424 5048 | 8b74 2458 | 488b f8e9 | 73c8 ffff | 4c89 4c24 | 7044 8954 
  0x000001a1df603138: 2468 4889 | 5c24 604c | 8b54 2448 | 4c89 5424 | 584c 896c | 2450 4889 | 7424 484c | 8b54 2440 
  0x000001a1df603158: 4c89 5424 | 2048 ba00 | 0000 80a1 | 0100 0049 | 03d0 458b | c366 6690 

  0x000001a1df603170: ;   {runtime_call _new_array_Java}
  0x000001a1df603170: c5f8 77e8 

  0x000001a1df603174: ; ImmutableOopMap {rbp=Oop [32]=Oop [40]=Oop [48]=Oop [72]=Oop [80]=Oop [88]=Oop [96]=Oop [104]=NarrowOop }
                      ;*invokevirtual clone {reexecute=1 rethrow=0 return_oop=1}
                      ; - (reexecute) java.security.CodeSource::getCertificates@11
                      ; - java.lang.ClassLoader::checkCerts@34
                      ; - java.lang.ClassLoader::preDefineClass@113
                      ; - java.lang.ClassLoader::defineClass@4
  0x000001a1df603174: 0862 9cff 

  0x000001a1df603178: ;   {other}
  0x000001a1df603178: 0f1f 8400 | e84d 0041 | 4c8b 5424 | 204c 8954 | 2440 488b | 7424 484c | 8b6c 2450 | 4c8b 5424 
  0x000001a1df603198: 584c 8954 | 2448 488b | 5c24 6044 | 8b54 2468 | 4c8b 4c24 | 7048 8bf8 | e9c7 cfff | ff49 8bd3 
  0x000001a1df6031b8: 4533 c048 | 8b6c 2428 

  0x000001a1df6031c0: ;   {static_call}
  0x000001a1df6031c0: c5f8 77e8 

  0x000001a1df6031c4: ; ImmutableOopMap {rbp=Oop [32]=Oop [40]=Oop [48]=Oop [64]=Oop }
                      ;*invokestatic charAt {reexecute=0 rethrow=0 return_oop=0}
                      ; - java.lang.String::charAt@21
                      ; - java.lang.ClassLoader::checkName@25
                      ; - java.lang.ClassLoader::preDefineClass@1
                      ; - java.lang.ClassLoader::defineClass@4
  0x000001a1df6031c4: b8bb 90ff 

  0x000001a1df6031c8: ;   {other}
  0x000001a1df6031c8: 0f1f 8400 | 384e 0042 | 448b d8e9 | 58bb ffff | 4889 7424 | 4044 894c | 2438 4c8b | 5c24 204c 
  0x000001a1df6031e8: 895c 2430 | 4c8b 5c24 | 284c 895c | 2420 48ba | 0000 0080 | a101 0000 | 4803 d790 

  0x000001a1df603204: ;   {runtime_call _new_array_Java}
  0x000001a1df603204: c5f8 77e8 

  0x000001a1df603208: ; ImmutableOopMap {rbp=Oop [32]=Oop [48]=Oop [56]=NarrowOop }
                      ;*invokevirtual clone {reexecute=1 rethrow=0 return_oop=1}
                      ; - (reexecute) java.security.CodeSource::getCertificates@11
                      ; - java.lang.ClassLoader::postDefineClass@24
                      ; - java.lang.ClassLoader::defineClass@37
  0x000001a1df603208: 7461 9cff 

  0x000001a1df60320c: ;   {other}
  0x000001a1df60320c: 0f1f 8400 | 7c4e 0043 | 4c8b 5c24 | 304c 895c | 2420 448b | 4c24 3848 | 8b74 2440 | 488b d8e9 
  0x000001a1df60322c: edcf ffff | 4c89 4424 | 7048 894c | 2468 4c89 | 4c24 6044 | 895c 2454 | 4c8b 9424 | 9000 0000 
  0x000001a1df60324c: 4c89 5424 

  0x000001a1df603250: ;   {metadata({type array byte})}
  0x000001a1df603250: 4048 ba68 | 2200 80a1 | 0100 0045 | 8bc3 6690 

  0x000001a1df603260: ;   {runtime_call _new_array_nozero_Java}
  0x000001a1df603260: c5f8 77e8 

  0x000001a1df603264: ; ImmutableOopMap {[32]=Oop [40]=Oop [48]=Oop [64]=Oop [72]=Oop [80]=NarrowOop [88]=Oop [136]=Oop [96]=Derived_oop_[136] [144]=Oop }
                      ;*newarray {reexecute=0 rethrow=0 return_oop=1}
                      ; - java.util.Arrays::copyOf@15
                      ; - java.lang.AbstractStringBuilder::ensureCapacityInternal@32
                      ; - java.lang.AbstractStringBuilder::append@7
                      ; - java.lang.StringBuilder::append@2
                      ; - java.net.URLStreamHandler::toExternalForm@16
                      ; - java.net.URL::toExternalForm@5
                      ; - java.net.URL::toString@1
                      ; - java.lang.ClassLoader::defineClassSourceLocation@22
                      ; - java.lang.ClassLoader::defineClass@12
  0x000001a1df603264: 9834 9cff 

  0x000001a1df603268: ;   {other}
  0x000001a1df603268: 0f1f 8400 | d84e 0044 | 448b 5c24 | 544c 8b4c | 2460 488b | 4c24 684c | 8b44 2470 | 488b d8e9 
  0x000001a1df603288: d2d0 ffff | 4889 bc24 | 8000 0000 | 4c89 4c24 | 784c 895c | 2470 4489 | 4424 544c | 8b94 2490 
  0x000001a1df6032a8: 0000 004c | 8954 2440 

  0x000001a1df6032b0: ;   {metadata({type array byte})}
  0x000001a1df6032b0: 48ba 6822 | 0080 a101 | 0000 6690 

  0x000001a1df6032bc: ;   {runtime_call _new_array_nozero_Java}
  0x000001a1df6032bc: c5f8 77e8 

  0x000001a1df6032c0: ; ImmutableOopMap {[32]=Oop [40]=Oop [48]=Oop [64]=Oop [72]=Oop [80]=NarrowOop [88]=Oop [96]=Oop [144]=Oop [152]=Oop [112]=Derived_oop_[152] }
                      ;*newarray {reexecute=0 rethrow=0 return_oop=1}
                      ; - java.util.Arrays::copyOf@15
                      ; - java.lang.AbstractStringBuilder::ensureCapacityInternal@32
                      ; - java.lang.AbstractStringBuilder::append@21
                      ; - java.lang.StringBuilder::append@2
                      ; - java.net.URLStreamHandler::toExternalForm@59
                      ; - java.net.URL::toExternalForm@5
                      ; - java.net.URL::toString@1
                      ; - java.lang.ClassLoader::defineClassSourceLocation@22
                      ; - java.lang.ClassLoader::defineClass@12
  0x000001a1df6032c0: 3c34 9cff 

  0x000001a1df6032c4: ;   {other}
  0x000001a1df6032c4: 0f1f 8400 | 344f 0045 | 448b 4424 | 544c 8b5c | 2470 4c8b | 4c24 7848 | 8bbc 2480 | 0000 0048 
  0x000001a1df6032e4: 8bd8 e9fb | d1ff ff4c | 8984 2488 | 0000 0048 | 898c 2480 | 0000 004c | 894c 2478 | 4489 5c24 
  0x000001a1df603304: ;   {metadata({type array byte})}
  0x000001a1df603304: 6048 ba68 | 2200 80a1 | 0100 0045 | 8bc3 6690 

  0x000001a1df603314: ;   {runtime_call _new_array_nozero_Java}
  0x000001a1df603314: c5f8 77e8 

  0x000001a1df603318: ; ImmutableOopMap {[32]=Oop [40]=Oop [48]=Oop [72]=Oop [80]=NarrowOop [84]=NarrowOop [88]=Oop [112]=Oop [144]=Oop [160]=Oop [120]=Derived_oop_[160] }
                      ;*newarray {reexecute=0 rethrow=0 return_oop=1}
                      ; - java.util.Arrays::copyOf@15
                      ; - java.lang.AbstractStringBuilder::ensureCapacityInternal@32
                      ; - java.lang.AbstractStringBuilder::append@21
                      ; - java.lang.StringBuilder::append@2
                      ; - java.net.URLStreamHandler::toExternalForm@77
                      ; - java.net.URL::toExternalForm@5
                      ; - java.net.URL::toString@1
                      ; - java.lang.ClassLoader::defineClassSourceLocation@22
                      ; - java.lang.ClassLoader::defineClass@12
  0x000001a1df603318: e433 9cff 

  0x000001a1df60331c: ;   {other}
  0x000001a1df60331c: 0f1f 8400 | 8c4f 0046 | 448b 5c24 | 604c 8b4c | 2478 488b | 8c24 8000 | 0000 4c8b | 8424 8800 
  0x000001a1df60333c: 0000 488b | d8e9 54d3 | ffff 4889 | 7c24 704c | 894c 2468 | 4c89 5c24 | 6044 8944 

  0x000001a1df603358: ;   {metadata({type array byte})}
  0x000001a1df603358: 2454 48ba | 6822 0080 | a101 0000 

  0x000001a1df603364: ;   {runtime_call _new_array_nozero_Java}
  0x000001a1df603364: c5f8 77e8 

  0x000001a1df603368: ; ImmutableOopMap {[32]=Oop [40]=Oop [48]=Oop [72]=Oop [80]=NarrowOop [88]=Oop [136]=Oop [96]=Derived_oop_[136] [144]=Oop }
                      ;*newarray {reexecute=0 rethrow=0 return_oop=1}
                      ; - java.util.Arrays::copyOf@15
                      ; - java.lang.AbstractStringBuilder::ensureCapacityInternal@32
                      ; - java.lang.AbstractStringBuilder::append@21
                      ; - java.lang.StringBuilder::append@2
                      ; - java.net.URLStreamHandler::toExternalForm@113
                      ; - java.net.URL::toExternalForm@5
                      ; - java.net.URL::toString@1
                      ; - java.lang.ClassLoader::defineClassSourceLocation@22
                      ; - java.lang.ClassLoader::defineClass@12
  0x000001a1df603368: 9433 9cff 

  0x000001a1df60336c: ;   {other}
  0x000001a1df60336c: 0f1f 8400 | dc4f 0047 | 448b 4424 | 544c 8b5c | 2460 4c8b | 4c24 6848 | 8b7c 2470 | 488b d8e9 
  0x000001a1df60338c: 9ad4 ffff | 4c89 4424 | 7048 8954 | 2468 4c89 | 4c24 6089 

  0x000001a1df6033a0: ;   {metadata({type array byte})}
  0x000001a1df6033a0: 4c24 5048 | ba68 2200 | 80a1 0100 | 0044 8bc1 

  0x000001a1df6033b0: ;   {runtime_call _new_array_nozero_Java}
  0x000001a1df6033b0: c5f8 77e8 

  0x000001a1df6033b4: ; ImmutableOopMap {rbp=Oop [88]=Derived_oop_rbp [32]=Oop [40]=Oop [48]=Oop [72]=Oop [136]=Oop [96]=Derived_oop_[136] [144]=Oop }
                      ;*newarray {reexecute=0 rethrow=0 return_oop=1}
                      ; - java.util.Arrays::copyOf@15
                      ; - java.lang.AbstractStringBuilder::ensureCapacityInternal@32
                      ; - java.lang.AbstractStringBuilder::append@21
                      ; - java.lang.StringBuilder::append@2
                      ; - java.net.URLStreamHandler::toExternalForm@149
                      ; - java.net.URL::toExternalForm@5
                      ; - java.net.URL::toString@1
                      ; - java.lang.ClassLoader::defineClassSourceLocation@22
                      ; - java.lang.ClassLoader::defineClass@12
  0x000001a1df6033b4: 4833 9cff 

  0x000001a1df6033b8: ;   {other}
  0x000001a1df6033b8: 0f1f 8400 | 2850 0048 | 8b4c 2450 | 4c8b 4c24 | 6048 8b54 | 2468 4c8b | 4424 7048 | 8bd8 e9db 
  0x000001a1df6033d8: d5ff ff48 | 89bc 2488 | 0000 0048 | 898c 2480 | 0000 0044 | 8944 2444 | 4c89 5c24 | 7844 8954 
  0x000001a1df6033f8: ;   {metadata({type array byte})}
  0x000001a1df6033f8: 2440 48ba | 6822 0080 | a101 0000 

  0x000001a1df603404: ;   {runtime_call _new_array_nozero_Java}
  0x000001a1df603404: c5f8 77e8 

  0x000001a1df603408: ; ImmutableOopMap {rbp=Oop [32]=Oop [40]=Oop [48]=Oop [72]=Oop [80]=NarrowOop [84]=NarrowOop [88]=Oop [96]=Oop [120]=Derived_oop_[96] [112]=Oop [144]=Oop }
                      ;*newarray {reexecute=0 rethrow=0 return_oop=1}
                      ; - java.util.Arrays::copyOf@15
                      ; - java.lang.AbstractStringBuilder::ensureCapacityInternal@32
                      ; - java.lang.AbstractStringBuilder::append@21
                      ; - java.lang.StringBuilder::append@2
                      ; - java.net.URLStreamHandler::toExternalForm@11
                      ; - java.net.URL::toExternalForm@5
                      ; - java.net.URL::toString@1
                      ; - java.lang.ClassLoader::defineClassSourceLocation@22
                      ; - java.lang.ClassLoader::defineClass@12
  0x000001a1df603408: f432 9cff 

  0x000001a1df60340c: ;   {other}
  0x000001a1df60340c: 0f1f 8400 | 7c50 0049 | 448b 5424 | 404c 8b5c | 2478 448b | 4424 4448 | 8b8c 2480 | 0000 0048 
  0x000001a1df60342c: 8bbc 2488 | 0000 0048 | 8bd8 e9f9 | d6ff ffba | f6ff ffff | 488b e890 

  0x000001a1df603444: ;   {runtime_call UncommonTrapBlob}
  0x000001a1df603444: c5f8 77e8 

  0x000001a1df603448: ; ImmutableOopMap {rbp=Oop }
                      ;*invokevirtual get {reexecute=0 rethrow=0 return_oop=0}
                      ; - java.lang.ClassLoader::getNamedPackage@5
                      ; - java.lang.ClassLoader::postDefineClass@9
                      ; - java.lang.ClassLoader::defineClass@37
  0x000001a1df603448: b405 91ff 

  0x000001a1df60344c: ;   {other}
  0x000001a1df60344c: 0f1f 8400 | bc50 004a | ba45 ffff | ff48 8b6c | 2428 6690 

  0x000001a1df603460: ;   {runtime_call UncommonTrapBlob}
  0x000001a1df603460: c5f8 77e8 

  0x000001a1df603464: ; ImmutableOopMap {rbp=Oop [32]=Oop [48]=Oop [64]=Oop }
                      ;*ifeq {reexecute=1 rethrow=0 return_oop=0}
                      ; - (reexecute) java.lang.ClassLoader::checkName@8
                      ; - java.lang.ClassLoader::preDefineClass@1
                      ; - java.lang.ClassLoader::defineClass@4
  0x000001a1df603464: 9805 91ff 

  0x000001a1df603468: ;   {other}
  0x000001a1df603468: 0f1f 8400 | d850 004b | bae4 ffff | ff44 895c | 2458 6690 

  0x000001a1df60347c: ;   {runtime_call UncommonTrapBlob}
  0x000001a1df60347c: c5f8 77e8 

  0x000001a1df603480: ; ImmutableOopMap {[32]=Oop [40]=Oop [48]=Oop [64]=Oop [88]=NarrowOop }
                      ;*invokestatic checkIndex {reexecute=0 rethrow=0 return_oop=0}
                      ; - java.lang.String::checkIndex@5
                      ; - java.lang.StringLatin1::charAt@3
                      ; - java.lang.String::charAt@12
                      ; - java.lang.ClassLoader::checkName@25
                      ; - java.lang.ClassLoader::preDefineClass@1
                      ; - java.lang.ClassLoader::defineClass@4
  0x000001a1df603480: 7c05 91ff 

  0x000001a1df603484: ;   {other}
  0x000001a1df603484: 0f1f 8400 | f450 004c | baf6 ffff | ff48 8beb | 4889 7c24 | 2066 6690 

  0x000001a1df60349c: ;   {runtime_call UncommonTrapBlob}
  0x000001a1df60349c: c5f8 77e8 

  0x000001a1df6034a0: ; ImmutableOopMap {rbp=Oop [32]=Oop }
                      ;*invokevirtual putIfAbsent {reexecute=0 rethrow=0 return_oop=0}
                      ; - java.lang.ClassLoader::checkCerts@62
                      ; - java.lang.ClassLoader::preDefineClass@113
                      ; - java.lang.ClassLoader::defineClass@4
  0x000001a1df6034a0: 5c05 91ff 

  0x000001a1df6034a4: ;   {other}
  0x000001a1df6034a4: 0f1f 8400 | 1451 004d | bace ffff | ff44 8954 | 2460 6690 

  0x000001a1df6034b8: ;   {runtime_call UncommonTrapBlob}
  0x000001a1df6034b8: c5f8 77e8 

  0x000001a1df6034bc: ; ImmutableOopMap {rbp=NarrowOop [32]=Oop [40]=Oop [48]=Oop [64]=Oop }
                      ;*invokestatic indexOfChar {reexecute=0 rethrow=0 return_oop=0}
                      ; - java.lang.StringLatin1::indexOf@33
                      ; - java.lang.String::indexOf@17
                      ; - java.lang.String::indexOf@3
                      ; - java.lang.ClassLoader::checkName@16
                      ; - java.lang.ClassLoader::preDefineClass@1
                      ; - java.lang.ClassLoader::defineClass@4
  0x000001a1df6034bc: 4005 91ff 

  0x000001a1df6034c0: ;   {other}
  0x000001a1df6034c0: 0f1f 8400 | 3051 004e | 448b 5424 | 54ba f6ff | ffff 418b | ea66 6690 

  0x000001a1df6034d8: ;   {runtime_call UncommonTrapBlob}
  0x000001a1df6034d8: c5f8 77e8 

  0x000001a1df6034dc: ; ImmutableOopMap {}
                      ;*invokestatic arraycopy {reexecute=0 rethrow=0 return_oop=0}
                      ; - java.lang.String::getBytes@22
                      ; - java.lang.AbstractStringBuilder::putStringAt@15
                      ; - java.lang.AbstractStringBuilder::append@30
                      ; - java.lang.StringBuilder::append@2
                      ; - java.net.URLStreamHandler::toExternalForm@113
                      ; - java.net.URL::toExternalForm@5
                      ; - java.net.URL::toString@1
                      ; - java.lang.ClassLoader::defineClassSourceLocation@22
                      ; - java.lang.ClassLoader::defineClass@12
  0x000001a1df6034dc: 2005 91ff 

  0x000001a1df6034e0: ;   {other}
  0x000001a1df6034e0: 0f1f 8400 | 5051 004f | 448b 5424 | 60ba f6ff | ffff 418b | ea66 6690 

  0x000001a1df6034f8: ;   {runtime_call UncommonTrapBlob}
  0x000001a1df6034f8: c5f8 77e8 

  0x000001a1df6034fc: ; ImmutableOopMap {}
                      ;*invokestatic arraycopy {reexecute=0 rethrow=0 return_oop=0}
                      ; - java.lang.String::getBytes@22
                      ; - java.lang.AbstractStringBuilder::putStringAt@15
                      ; - java.lang.AbstractStringBuilder::append@30
                      ; - java.lang.StringBuilder::append@2
                      ; - java.net.URLStreamHandler::toExternalForm@149
                      ; - java.net.URL::toExternalForm@5
                      ; - java.net.URL::toString@1
                      ; - java.lang.ClassLoader::defineClassSourceLocation@22
                      ; - java.lang.ClassLoader::defineClass@12
  0x000001a1df6034fc: 0005 91ff 

  0x000001a1df603500: ;   {other}
  0x000001a1df603500: 0f1f 8400 | 7051 0050 | bae4 ffff | ff4c 8b54 | 2428 4c89 | 5424 204c | 8b54 2440 | 4c89 5424 
  0x000001a1df603520: 284c 8b54 | 2448 4c89 | 5424 4044 | 8974 2448 | 4c8b 9424 | 9000 0000 | 4c89 5424 | 5844 895c 
  0x000001a1df603540: 244c 6690 

  0x000001a1df603544: ;   {runtime_call UncommonTrapBlob}
  0x000001a1df603544: c5f8 77e8 

  0x000001a1df603548: ; ImmutableOopMap {[32]=Oop [40]=Oop [48]=Oop [64]=Oop [72]=NarrowOop [76]=NarrowOop [88]=Oop [144]=Oop }
                      ;*bastore {reexecute=0 rethrow=0 return_oop=0}
                      ; - java.lang.AbstractStringBuilder::append@41
                      ; - java.lang.StringBuilder::append@2
                      ; - java.net.URLStreamHandler::toExternalForm@16
                      ; - java.net.URL::toExternalForm@5
                      ; - java.net.URL::toString@1
                      ; - java.lang.ClassLoader::defineClassSourceLocation@22
                      ; - java.lang.ClassLoader::defineClass@12
  0x000001a1df603548: b404 91ff 

  0x000001a1df60354c: ;   {other}
  0x000001a1df60354c: 0f1f 8400 | bc51 0051 | bacc ffff | ff4c 8b5c | 2428 4c89 | 5c24 204c | 8b5c 2440 | 4c89 5c24 
  0x000001a1df60356c: 284c 8b5c | 2448 4c89 | 5c24 4044 | 8974 2448 | 4489 5424 | 4c66 6690 

  0x000001a1df603584: ;   {runtime_call UncommonTrapBlob}
  0x000001a1df603584: c5f8 77e8 

  0x000001a1df603588: ; ImmutableOopMap {rbp=NarrowOop [32]=Oop [40]=Oop [48]=Oop [64]=Oop [72]=NarrowOop [144]=Oop }
                      ;*invokestatic arraycopy {reexecute=0 rethrow=0 return_oop=0}
                      ; - java.lang.String::getBytes@22
                      ; - java.lang.AbstractStringBuilder::putStringAt@15
                      ; - java.lang.AbstractStringBuilder::append@30
                      ; - java.lang.StringBuilder::append@2
                      ; - java.net.URLStreamHandler::toExternalForm@113
                      ; - java.net.URL::toExternalForm@5
                      ; - java.net.URL::toString@1
                      ; - java.lang.ClassLoader::defineClassSourceLocation@22
                      ; - java.lang.ClassLoader::defineClass@12
  0x000001a1df603588: 7404 91ff 

  0x000001a1df60358c: ;   {other}
  0x000001a1df60358c: 0f1f 8400 | fc51 0052 | bacc ffff | ff4c 8b5c | 2428 4c89 | 5c24 204c | 8b5c 2440 | 4c89 5c24 
  0x000001a1df6035ac: 284c 8b5c | 2448 4c89 | 5c24 4044 | 8954 2458 

  0x000001a1df6035bc: ;   {runtime_call UncommonTrapBlob}
  0x000001a1df6035bc: c5f8 77e8 

  0x000001a1df6035c0: ; ImmutableOopMap {rbp=NarrowOop [32]=Oop [40]=Oop [48]=Oop [64]=Oop [144]=Oop }
                      ;*invokestatic arraycopy {reexecute=0 rethrow=0 return_oop=0}
                      ; - java.lang.String::getBytes@22
                      ; - java.lang.AbstractStringBuilder::putStringAt@15
                      ; - java.lang.AbstractStringBuilder::append@30
                      ; - java.lang.StringBuilder::append@2
                      ; - java.net.URLStreamHandler::toExternalForm@149
                      ; - java.net.URL::toExternalForm@5
                      ; - java.net.URL::toString@1
                      ; - java.lang.ClassLoader::defineClassSourceLocation@22
                      ; - java.lang.ClassLoader::defineClass@12
  0x000001a1df6035c0: 3c04 91ff 

  0x000001a1df6035c4: ;   {other}
  0x000001a1df6035c4: 0f1f 8400 | 3452 0053 | bacc ffff | ff4c 8b54 | 2428 4c89 | 5424 204c | 8b54 2440 | 4c89 5424 
  0x000001a1df6035e4: 284c 8b54 | 2448 4c89 | 5424 4044 | 8974 2448 | 895c 244c | 894c 2460 | 4489 4c24 | 6444 8944 
  0x000001a1df603604: 2468 6690 

  0x000001a1df603608: ;   {runtime_call UncommonTrapBlob}
  0x000001a1df603608: c5f8 77e8 

  0x000001a1df60360c: ; ImmutableOopMap {[32]=Oop [40]=Oop [48]=Oop [64]=Oop [72]=NarrowOop [96]=NarrowOop [100]=NarrowOop [144]=Oop }
                      ;*invokestatic arraycopy {reexecute=0 rethrow=0 return_oop=0}
                      ; - java.lang.String::getBytes@22
                      ; - java.lang.AbstractStringBuilder::putStringAt@15
                      ; - java.lang.AbstractStringBuilder::append@30
                      ; - java.lang.StringBuilder::append@2
                      ; - java.net.URLStreamHandler::toExternalForm@59
                      ; - java.net.URL::toExternalForm@5
                      ; - java.net.URL::toString@1
                      ; - java.lang.ClassLoader::defineClassSourceLocation@22
                      ; - java.lang.ClassLoader::defineClass@12
  0x000001a1df60360c: f003 91ff 

  0x000001a1df603610: ;   {other}
  0x000001a1df603610: 0f1f 8400 | 8052 0054 | bacc ffff | ff4c 8b54 | 2428 4c89 | 5424 204c | 8b54 2440 | 4c89 5424 
  0x000001a1df603630: 284c 8b54 | 2448 4c89 | 5424 4044 | 8974 2448 | 4489 6c24 | 4c89 4c24 | 6044 894c | 2464 4489 
  0x000001a1df603650: 5c24 6890 

  0x000001a1df603654: ;   {runtime_call UncommonTrapBlob}
  0x000001a1df603654: c5f8 77e8 

  0x000001a1df603658: ; ImmutableOopMap {[32]=Oop [40]=Oop [48]=Oop [64]=Oop [72]=NarrowOop [96]=NarrowOop [100]=NarrowOop [144]=Oop }
                      ;*invokestatic arraycopy {reexecute=0 rethrow=0 return_oop=0}
                      ; - java.lang.String::getBytes@22
                      ; - java.lang.AbstractStringBuilder::putStringAt@15
                      ; - java.lang.AbstractStringBuilder::append@30
                      ; - java.lang.StringBuilder::append@2
                      ; - java.net.URLStreamHandler::toExternalForm@77
                      ; - java.net.URL::toExternalForm@5
                      ; - java.net.URL::toString@1
                      ; - java.lang.ClassLoader::defineClassSourceLocation@22
                      ; - java.lang.ClassLoader::defineClass@12
  0x000001a1df603658: a403 91ff 

  0x000001a1df60365c: ;   {other}
  0x000001a1df60365c: 0f1f 8400 | cc52 0055 | bacc ffff | ff4c 8b5c | 2428 4c89 | 5c24 204c | 8b5c 2440 | 4c89 5c24 
  0x000001a1df60367c: 284c 8b5c | 2448 4c89 | 5c24 4044 | 8974 2448 | 4c8b 9c24 | 9000 0000 | 4c89 5c24 | 5844 896c 
  0x000001a1df60369c: 244c 4489 | 4c24 6089 | 5c24 6444 | 8954 2468 

  0x000001a1df6036ac: ;   {runtime_call UncommonTrapBlob}
  0x000001a1df6036ac: c5f8 77e8 

  0x000001a1df6036b0: ; ImmutableOopMap {[32]=Oop [40]=Oop [48]=Oop [64]=Oop [72]=NarrowOop [88]=Oop [96]=NarrowOop [100]=NarrowOop [144]=Oop }
                      ;*invokestatic arraycopy {reexecute=0 rethrow=0 return_oop=0}
                      ; - java.lang.String::getBytes@22
                      ; - java.lang.AbstractStringBuilder::putStringAt@15
                      ; - java.lang.AbstractStringBuilder::append@30
                      ; - java.lang.StringBuilder::append@2
                      ; - java.net.URLStreamHandler::toExternalForm@11
                      ; - java.net.URL::toExternalForm@5
                      ; - java.net.URL::toString@1
                      ; - java.lang.ClassLoader::defineClassSourceLocation@22
                      ; - java.lang.ClassLoader::defineClass@12
  0x000001a1df6036b0: 4c03 91ff 

  0x000001a1df6036b4: ;   {other}
  0x000001a1df6036b4: 0f1f 8400 | 2453 0056 | bae4 ffff | ff66 6690 

  0x000001a1df6036c4: ;   {runtime_call UncommonTrapBlob}
  0x000001a1df6036c4: c5f8 77e8 

  0x000001a1df6036c8: ; ImmutableOopMap {rbp=NarrowOop [32]=Oop [40]=Oop [48]=Oop [64]=Oop }
                      ;*baload {reexecute=0 rethrow=0 return_oop=0}
                      ; - jdk.internal.util.ArraysSupport::mismatch@82
                      ; - java.lang.String::startsWith@70
                      ; - java.lang.String::startsWith@3
                      ; - java.lang.ClassLoader::preDefineClass@43
                      ; - java.lang.ClassLoader::defineClass@4
  0x000001a1df6036c8: 3403 91ff 

  0x000001a1df6036cc: ;   {other}
  0x000001a1df6036cc: 0f1f 8400 | 3c53 0057 | bade ffff | ff66 6690 

  0x000001a1df6036dc: ;   {runtime_call UncommonTrapBlob}
  0x000001a1df6036dc: c5f8 77e8 

  0x000001a1df6036e0: ; ImmutableOopMap {rbp=NarrowOop }
                      ;*checkcast {reexecute=0 rethrow=0 return_oop=0}
                      ; - java.lang.ClassLoader::getNamedPackage@8
                      ; - java.lang.ClassLoader::postDefineClass@9
                      ; - java.lang.ClassLoader::defineClass@37
  0x000001a1df6036e0: 1c03 91ff 

  0x000001a1df6036e4: ;   {other}
  0x000001a1df6036e4: 0f1f 8400 | 5453 0058 | 4d63 cae9 | 83b8 ffff | 4983 c1fe | 498b c948 | 8bfa 4833 | c048 83f9 
  0x000001a1df603704: 087f 1048 | ffc9 784f | 4889 04cf | 48ff c97d | f7eb 44c5 | fdef c0e9 | 0d00 0000 | c5fe 7f07 
  0x000001a1df603724: c5fe 7f47 | 2048 83c7 | 4048 83e9 | 087d ed48 | 83c1 047c | 0cc5 fe7f | 0748 83c7 | 2048 83e9 
  0x000001a1df603744: 0448 83c1 | 047e 1048 | ffc9 c5f9 | d607 4883 | c708 48ff | c97d f3e9 | d9b8 ffff | bacc ffff 
  0x000001a1df603764: ff44 8954 | 2420 448b | 5424 3844 | 8954 2424 | 448b 5c24 | 3c44 895c | 2438 4889 | 7424 584c 
  0x000001a1df603784: 896c 2460 | 448b 5c24 | 5044 895c | 243c 4889 | 5c24 6889 | 4c24 7090 

  0x000001a1df60379c: ;   {runtime_call UncommonTrapBlob}
  0x000001a1df60379c: c5f8 77e8 

  0x000001a1df6037a0: ; ImmutableOopMap {[40]=Oop [48]=Oop [60]=NarrowOop [64]=Oop [72]=Oop [88]=Oop [96]=Oop [104]=Oop [112]=NarrowOop }
                      ;*newarray {reexecute=1 rethrow=0 return_oop=0}
                      ; - (reexecute) java.util.Arrays::copyOfRangeByte@10
                      ; - java.util.Arrays::copyOfRange@13
                      ; - java.lang.StringLatin1::newString@16
                      ; - java.lang.String::substring@41
                      ; - java.lang.ClassLoader::checkCerts@21
                      ; - java.lang.ClassLoader::preDefineClass@113
                      ; - java.lang.ClassLoader::defineClass@4
  0x000001a1df6037a0: 5c02 91ff 

  0x000001a1df6037a4: ;   {other}
  0x000001a1df6037a4: 0f1f 8400 | 1454 0059 | 4963 cbe9 | 67bf ffff | 4883 c1fe | 488b fa48 | 33c0 4883 | f908 7f10 
  0x000001a1df6037c4: 48ff c978 | 4f48 8904 | cf48 ffc9 | 7df7 eb44 | c5fd efc0 | e90d 0000 | 00c5 fe7f | 07c5 fe7f 
  0x000001a1df6037e4: 4720 4883 | c740 4883 | e908 7ded | 4883 c104 | 7c0c c5fe | 7f07 4883 | c720 4883 | e904 4883 
  0x000001a1df603804: c104 7e10 | 48ff c9c5 | f9d6 0748 | 83c7 0848 | ffc9 7df3 | e9ba bfff | ffba ccff | ffff 488b 
  0x000001a1df603824: 6c24 284c | 8b54 2440 | 4c89 5424 | 204c 8b54 | 2430 4c89 | 5424 2844 | 8b54 2438 | 4489 5424 
  0x000001a1df603844: 3044 8b44 | 243c 4489 | 4424 344c | 8b54 2448 | 4c89 5424 | 384c 8b54 | 2450 4c89 | 5424 4889 
  0x000001a1df603864: 5c24 5044 | 895c 2458 

  0x000001a1df60386c: ;   {runtime_call UncommonTrapBlob}
  0x000001a1df60386c: c5f8 77e8 

  0x000001a1df603870: ; ImmutableOopMap {rbp=Oop [32]=Oop [40]=Oop [56]=Oop [72]=Oop [80]=NarrowOop }
                      ;*newarray {reexecute=1 rethrow=0 return_oop=0}
                      ; - (reexecute) java.util.Arrays::copyOfRangeByte@10
                      ; - java.util.Arrays::copyOfRange@13
                      ; - java.lang.String::<init>@32
                      ; - java.lang.String::<init>@3
                      ; - java.lang.StringBuilder::toString@5
                      ; - java.net.URLStreamHandler::toExternalForm@152
                      ; - java.net.URL::toExternalForm@5
                      ; - java.net.URL::toString@1
                      ; - java.lang.ClassLoader::defineClassSourceLocation@22
                      ; - java.lang.ClassLoader::defineClass@12
  0x000001a1df603870: 8c01 91ff 

  0x000001a1df603874: ;   {other}
  0x000001a1df603874: 0f1f 8400 | e454 005a | ba45 ffff | ff48 8b6c | 2428 895c | 2450 6690 

  0x000001a1df60388c: ;   {runtime_call UncommonTrapBlob}
  0x000001a1df60388c: c5f8 77e8 

  0x000001a1df603890: ; ImmutableOopMap {rbp=Oop [32]=Oop [48]=Oop [64]=Oop }
                      ;*if_icmpne {reexecute=1 rethrow=0 return_oop=0}
                      ; - (reexecute) java.lang.ClassLoader::checkName@20
                      ; - java.lang.ClassLoader::preDefineClass@1
                      ; - java.lang.ClassLoader::defineClass@4
  0x000001a1df603890: 6c01 91ff 

  0x000001a1df603894: ;   {other}
  0x000001a1df603894: 0f1f 8400 | 0455 005b | 33ed 4585 | d240 0f94 | c5ba 45ff | ffff 4c8b | 5424 284c | 8954 2420 
  0x000001a1df6038b4: 4c8b 5424 | 404c 8954 | 2428 4c8b | 5424 484c | 8954 2440 | 4889 7424 | 484c 896c | 2460 4489 
  0x000001a1df6038d4: 4c24 5490 

  0x000001a1df6038d8: ;   {runtime_call UncommonTrapBlob}
  0x000001a1df6038d8: c5f8 77e8 

  0x000001a1df6038dc: ; ImmutableOopMap {[32]=Oop [40]=Oop [48]=Oop [64]=Oop [72]=Oop [80]=NarrowOop [96]=Oop }
                      ;*ifeq {reexecute=1 rethrow=0 return_oop=0}
                      ; - (reexecute) java.lang.String::lastIndexOf@4
                      ; - java.lang.String::lastIndexOf@8
                      ; - java.lang.ClassLoader::checkCerts@3
                      ; - java.lang.ClassLoader::preDefineClass@113
                      ; - java.lang.ClassLoader::defineClass@4
  0x000001a1df6038dc: 2001 91ff 

  0x000001a1df6038e0: ;   {other}
  0x000001a1df6038e0: 0f1f 8400 | 5055 005c | ba45 ffff | ff44 8954 | 2420 4489 | 5424 2448 | 8974 2458 | 4c89 6c24 
  0x000001a1df603900: 6844 895c | 2470 6690 

  0x000001a1df603908: ;   {runtime_call UncommonTrapBlob}
  0x000001a1df603908: c5f8 77e8 

  0x000001a1df60390c: ; ImmutableOopMap {[40]=Oop [48]=Oop [64]=Oop [72]=Oop [80]=NarrowOop [88]=Oop [104]=Oop }
                      ;*if_icmpgt {reexecute=1 rethrow=0 return_oop=0}
                      ; - (reexecute) jdk.internal.util.Preconditions::checkFromToIndex@6
                      ; - java.lang.String::checkBoundsBeginEnd@6
                      ; - java.lang.String::substring@8
                      ; - java.lang.ClassLoader::checkCerts@21
                      ; - java.lang.ClassLoader::preDefineClass@113
                      ; - java.lang.ClassLoader::defineClass@4
  0x000001a1df60390c: f000 91ff 

  0x000001a1df603910: ;   {other}
  0x000001a1df603910: 0f1f 8400 | 8055 005d | ba45 ffff | ff4c 8b54 | 2448 4c89 | 5424 3848 | 894c 2440 | 4489 4424 
  0x000001a1df603930: 4844 895c | 244c 6690 

  0x000001a1df603938: ;   {runtime_call UncommonTrapBlob}
  0x000001a1df603938: c5f8 77e8 

  0x000001a1df60393c: ; ImmutableOopMap {[32]=Oop [40]=Oop [56]=Oop [64]=Oop [72]=NarrowOop }
                      ;*ifle {reexecute=1 rethrow=0 return_oop=0}
                      ; - (reexecute) java.util.concurrent.ConcurrentHashMap::get@23
                      ; - java.lang.ClassLoader::getNamedPackage@5
                      ; - java.lang.ClassLoader::postDefineClass@9
                      ; - java.lang.ClassLoader::defineClass@37
  0x000001a1df60393c: c000 91ff 

  0x000001a1df603940: ;   {other}
  0x000001a1df603940: 0f1f 8400 | b055 005e | ba45 ffff | ff48 8b6c | 2428 4489 | 5c24 5090 

  0x000001a1df603958: ;   {runtime_call UncommonTrapBlob}
  0x000001a1df603958: c5f8 77e8 

  0x000001a1df60395c: ; ImmutableOopMap {rbp=Oop [32]=Oop [48]=Oop [64]=Oop }
                      ;*if_icmpne {reexecute=1 rethrow=0 return_oop=0}
                      ; - (reexecute) java.lang.ClassLoader::checkName@30
                      ; - java.lang.ClassLoader::preDefineClass@1
                      ; - java.lang.ClassLoader::defineClass@4
  0x000001a1df60395c: a000 91ff 

  0x000001a1df603960: ;   {other}
  0x000001a1df603960: 0f1f 8400 | d055 005f | ba45 ffff | ff41 8bea | 4c8b 5424 | 284c 8954 | 2420 4c8b | 5424 404c 
  0x000001a1df603980: 8954 2428 | 4c8b 5424 | 484c 8954 | 2440 4889 | 7424 484c | 896c 2458 

  0x000001a1df603998: ;   {runtime_call UncommonTrapBlob}
  0x000001a1df603998: c5f8 77e8 

  0x000001a1df60399c: ; ImmutableOopMap {[32]=Oop [40]=Oop [48]=Oop [64]=Oop [72]=Oop [80]=NarrowOop [88]=Oop }
                      ;*if_icmpne {reexecute=1 rethrow=0 return_oop=0}
                      ; - (reexecute) java.lang.ClassLoader::checkCerts@9
                      ; - java.lang.ClassLoader::preDefineClass@113
                      ; - java.lang.ClassLoader::defineClass@4
  0x000001a1df60399c: 6000 91ff 

  0x000001a1df6039a0: ;   {other}
  0x000001a1df6039a0: 0f1f 8400 | 1056 0060 | ba45 ffff | ff44 8954 | 2420 4489 | 5424 2448 | 8974 2458 | 4c89 6c24 
  0x000001a1df6039c0: 6844 895c | 2470 4489 | 5c24 7490 

  0x000001a1df6039cc: ;   {runtime_call UncommonTrapBlob}
  0x000001a1df6039cc: c5f8 77e8 

  0x000001a1df6039d0: ; ImmutableOopMap {[40]=Oop [48]=Oop [64]=Oop [72]=Oop [80]=NarrowOop [88]=Oop [104]=Oop }
                      ;*if_icmple {reexecute=1 rethrow=0 return_oop=0}
                      ; - (reexecute) jdk.internal.util.Preconditions::checkFromToIndex@11
                      ; - java.lang.String::checkBoundsBeginEnd@6
                      ; - java.lang.String::substring@8
                      ; - java.lang.ClassLoader::checkCerts@21
                      ; - java.lang.ClassLoader::preDefineClass@113
                      ; - java.lang.ClassLoader::defineClass@4
  0x000001a1df6039d0: 2c00 91ff 

  0x000001a1df6039d4: ;   {other}
  0x000001a1df6039d4: 0f1f 8400 | 4456 0061 | 4c89 5c24 | 684c 894c | 2460 4489 

  0x000001a1df6039e8: ;   {metadata({type array byte})}
  0x000001a1df6039e8: 5424 4048 | ba68 2200 | 80a1 0100 | 0066 6690 

  0x000001a1df6039f8: ;   {runtime_call _new_array_nozero_Java}
  0x000001a1df6039f8: c5f8 77e8 

  0x000001a1df6039fc: ; ImmutableOopMap {rbp=Oop [32]=Oop [40]=Oop [48]=Oop [64]=NarrowOop [72]=Oop [80]=NarrowOop [88]=Oop [136]=Oop [96]=Derived_oop_[136] [144]=Oop }
                      ;*invokevirtual clone {reexecute=1 rethrow=0 return_oop=1}
                      ; - (reexecute) java.util.Arrays::copyOf@7
                      ; - java.lang.AbstractStringBuilder::ensureCapacityInternal@32
                      ; - java.lang.AbstractStringBuilder::append@7
                      ; - java.lang.StringBuilder::append@2
                      ; - java.net.URLStreamHandler::toExternalForm@16
                      ; - java.net.URL::toExternalForm@5
                      ; - java.net.URL::toString@1
                      ; - java.lang.ClassLoader::defineClassSourceLocation@22
                      ; - java.lang.ClassLoader::defineClass@12
  0x000001a1df6039fc: 002d 9cff 

  0x000001a1df603a00: ;   {other}
  0x000001a1df603a00: 0f1f 8400 | 7056 0062 | 4c8b 4c24 | 604c 8b5c | 2468 488b | d8e9 eed8 | ffff 4c89 | 4c24 784c 
  0x000001a1df603a20: 895c 2470 | 4489 5424 

  0x000001a1df603a28: ;   {metadata({type array byte})}
  0x000001a1df603a28: 4048 ba68 | 2200 80a1 | 0100 0090 

  0x000001a1df603a34: ;   {runtime_call _new_array_nozero_Java}
  0x000001a1df603a34: c5f8 77e8 

  0x000001a1df603a38: ; ImmutableOopMap {rbp=Oop [32]=Oop [40]=Oop [48]=Oop [64]=NarrowOop [72]=Oop [80]=NarrowOop [88]=Oop [96]=Oop [152]=Oop [112]=Derived_oop_[152] }
                      ;*invokevirtual clone {reexecute=1 rethrow=0 return_oop=1}
                      ; - (reexecute) java.util.Arrays::copyOf@7
                      ; - java.lang.AbstractStringBuilder::ensureCapacityInternal@32
                      ; - java.lang.AbstractStringBuilder::append@21
                      ; - java.lang.StringBuilder::append@2
                      ; - java.net.URLStreamHandler::toExternalForm@59
                      ; - java.net.URL::toExternalForm@5
                      ; - java.net.URL::toString@1
                      ; - java.lang.ClassLoader::defineClassSourceLocation@22
                      ; - java.lang.ClassLoader::defineClass@12
  0x000001a1df603a38: c42c 9cff 

  0x000001a1df603a3c: ;   {other}
  0x000001a1df603a3c: 0f1f 8400 | ac56 0063 | 4889 ac24 | 9000 0000 | 4c8b 5c24 | 704c 8b4c | 2478 488b | d8e9 43d9 
  0x000001a1df603a5c: ffff 4c89 | 4424 784c | 894c 2460 | 4489 5424 | 4048 8bac | 2490 0000 

  0x000001a1df603a74: ;   {metadata({type array byte})}
  0x000001a1df603a74: 0048 ba68 | 2200 80a1 | 0100 0045 | 8bc3 6690 

  0x000001a1df603a84: ;   {runtime_call _new_array_nozero_Java}
  0x000001a1df603a84: c5f8 77e8 

  0x000001a1df603a88: ; ImmutableOopMap {rbp=Oop [32]=Oop [40]=Oop [48]=Oop [64]=NarrowOop [72]=Oop [80]=NarrowOop [84]=NarrowOop [88]=Oop [112]=Oop [160]=Oop [96]=Derived_oop_[160] }
                      ;*invokevirtual clone {reexecute=1 rethrow=0 return_oop=1}
                      ; - (reexecute) java.util.Arrays::copyOf@7
                      ; - java.lang.AbstractStringBuilder::ensureCapacityInternal@32
                      ; - java.lang.AbstractStringBuilder::append@21
                      ; - java.lang.StringBuilder::append@2
                      ; - java.net.URLStreamHandler::toExternalForm@77
                      ; - java.net.URL::toExternalForm@5
                      ; - java.net.URL::toString@1
                      ; - java.lang.ClassLoader::defineClassSourceLocation@22
                      ; - java.lang.ClassLoader::defineClass@12
  0x000001a1df603a88: 742c 9cff 

  0x000001a1df603a8c: ;   {other}
  0x000001a1df603a8c: 0f1f 8400 | fc56 0064 | 4889 ac24 | 9000 0000 | 4c8b 4c24 | 604c 8b44 | 2478 488b | d8e9 8cd9 
  0x000001a1df603aac: ffff 4c89 | 4424 684c | 895c 2460 | 4489 5424 

  0x000001a1df603abc: ;   {metadata({type array byte})}
  0x000001a1df603abc: 4048 ba68 | 2200 80a1 | 0100 0045 | 8bc1 6690 

  0x000001a1df603acc: ;   {runtime_call _new_array_nozero_Java}
  0x000001a1df603acc: c5f8 77e8 

  0x000001a1df603ad0: ; ImmutableOopMap {[32]=Oop [40]=Oop [48]=Oop [64]=NarrowOop [72]=Oop [80]=NarrowOop [88]=Oop [136]=Oop [96]=Derived_oop_[136] [144]=Oop }
                      ;*invokevirtual clone {reexecute=1 rethrow=0 return_oop=1}
                      ; - (reexecute) java.util.Arrays::copyOf@7
                      ; - java.lang.AbstractStringBuilder::ensureCapacityInternal@32
                      ; - java.lang.AbstractStringBuilder::append@21
                      ; - java.lang.StringBuilder::append@2
                      ; - java.net.URLStreamHandler::toExternalForm@113
                      ; - java.net.URL::toExternalForm@5
                      ; - java.net.URL::toString@1
                      ; - java.lang.ClassLoader::defineClassSourceLocation@22
                      ; - java.lang.ClassLoader::defineClass@12
  0x000001a1df603ad0: 2c2c 9cff 

  0x000001a1df603ad4: ;   {other}
  0x000001a1df603ad4: 0f1f 8400 | 4457 0065 | 4c8b 5c24 | 604c 8b44 | 2468 488b | d8e9 e2d9 | ffff 4c89 | 5424 684c 
  0x000001a1df603af4: 894c 2460 | 4489 4424 

  0x000001a1df603afc: ;   {metadata({type array byte})}
  0x000001a1df603afc: 5048 ba68 | 2200 80a1 | 0100 0045 | 8bc3 6690 

  0x000001a1df603b0c: ;   {runtime_call _new_array_nozero_Java}
  0x000001a1df603b0c: c5f8 77e8 

  0x000001a1df603b10: ; ImmutableOopMap {rbp=Oop [88]=Derived_oop_rbp [32]=Oop [40]=Oop [48]=Oop [72]=Oop [80]=NarrowOop [136]=Oop [96]=Derived_oop_[136] [144]=Oop }
                      ;*invokevirtual clone {reexecute=1 rethrow=0 return_oop=1}
                      ; - (reexecute) java.util.Arrays::copyOf@7
                      ; - java.lang.AbstractStringBuilder::ensureCapacityInternal@32
                      ; - java.lang.AbstractStringBuilder::append@21
                      ; - java.lang.StringBuilder::append@2
                      ; - java.net.URLStreamHandler::toExternalForm@149
                      ; - java.net.URL::toExternalForm@5
                      ; - java.net.URL::toString@1
                      ; - java.lang.ClassLoader::defineClassSourceLocation@22
                      ; - java.lang.ClassLoader::defineClass@12
  0x000001a1df603b10: ec2b 9cff 

  0x000001a1df603b14: ;   {other}
  0x000001a1df603b14: 0f1f 8400 | 8457 0066 | 4c8b 4c24 | 604c 8b54 | 2468 488b | d8e9 38da | ffff 4c89 

  0x000001a1df603b30: ;   {metadata({type array byte})}
  0x000001a1df603b30: 5c24 4048 | ba68 2200 | 80a1 0100 | 0041 b810 | 0000 0090 

  0x000001a1df603b44: ;   {runtime_call _new_array_nozero_Java}
  0x000001a1df603b44: c5f8 77e8 

  0x000001a1df603b48: ; ImmutableOopMap {rbp=Oop [32]=Oop [40]=Oop [48]=Oop [72]=Oop [80]=NarrowOop [84]=NarrowOop [88]=Oop [96]=Oop [64]=Derived_oop_[96] [112]=Oop [144]=Oop }
                      ;*invokevirtual clone {reexecute=1 rethrow=0 return_oop=1}
                      ; - (reexecute) java.util.Arrays::copyOf@7
                      ; - java.lang.AbstractStringBuilder::ensureCapacityInternal@32
                      ; - java.lang.AbstractStringBuilder::append@21
                      ; - java.lang.StringBuilder::append@2
                      ; - java.net.URLStreamHandler::toExternalForm@11
                      ; - java.net.URL::toExternalForm@5
                      ; - java.net.URL::toString@1
                      ; - java.lang.ClassLoader::defineClassSourceLocation@22
                      ; - java.lang.ClassLoader::defineClass@12
  0x000001a1df603b48: b42b 9cff 

  0x000001a1df603b4c: ;   {other}
  0x000001a1df603b4c: 0f1f 8400 | bc57 0067 | 4c8b 5c24 | 4048 8bd8 | e986 daff | ffba 45ff | ffff 488b | 6c24 284c 
  0x000001a1df603b6c: 8b54 2440 | 4c89 5424 | 284c 8b54 | 2448 4c89 | 5424 4044 | 895c 2448 

  0x000001a1df603b84: ;   {runtime_call UncommonTrapBlob}
  0x000001a1df603b84: c5f8 77e8 

  0x000001a1df603b88: ; ImmutableOopMap {rbp=Oop [32]=Oop [40]=Oop [48]=Oop [64]=Oop }
                      ;*ifne {reexecute=1 rethrow=0 return_oop=0}
                      ; - (reexecute) java.lang.ClassLoader::compareCerts@7
                      ; - java.lang.ClassLoader::checkCerts@80
                      ; - java.lang.ClassLoader::preDefineClass@113
                      ; - java.lang.ClassLoader::defineClass@4
  0x000001a1df603b88: 74fe 90ff 

  0x000001a1df603b8c: ;   {other}
  0x000001a1df603b8c: 0f1f 8400 | fc57 0068 | ba45 ffff | ff48 8944 | 2440 6690 

  0x000001a1df603ba0: ;   {runtime_call UncommonTrapBlob}
  0x000001a1df603ba0: c5f8 77e8 

  0x000001a1df603ba4: ; ImmutableOopMap {[32]=Oop [40]=Oop [64]=Oop [72]=Oop }
                      ;*ifeq {reexecute=1 rethrow=0 return_oop=0}
                      ; - (reexecute) java.lang.Class::getPackageName@13
                      ; - java.lang.ClassLoader::postDefineClass@2
                      ; - java.lang.ClassLoader::defineClass@37
  0x000001a1df603ba4: 58fe 90ff 

  0x000001a1df603ba8: ;   {other}
  0x000001a1df603ba8: 0f1f 8400 | 1858 0069 | ba45 ffff | ff4c 8b54 | 2428 4c89 | 5424 204c | 8b54 2440 | 4c89 5424 
  0x000001a1df603bc8: 284c 8b54 | 2448 4c89 | 5424 4044 | 8974 2448 

  0x000001a1df603bd8: ;   {runtime_call UncommonTrapBlob}
  0x000001a1df603bd8: c5f8 77e8 

  0x000001a1df603bdc: ; ImmutableOopMap {rbp=NarrowOop [32]=Oop [40]=Oop [48]=Oop [64]=Oop [72]=NarrowOop [144]=Oop }
                      ;*ifnull {reexecute=1 rethrow=0 return_oop=0}
                      ; - (reexecute) java.net.URLStreamHandler::toExternalForm@86
                      ; - java.net.URL::toExternalForm@5
                      ; - java.net.URL::toString@1
                      ; - java.lang.ClassLoader::defineClassSourceLocation@22
                      ; - java.lang.ClassLoader::defineClass@12
  0x000001a1df603bdc: 20fe 90ff 

  0x000001a1df603be0: ;   {other}
  0x000001a1df603be0: 0f1f 8400 | 5058 006a | ba45 ffff | ff4c 8b54 | 2428 4c89 | 5424 204c | 8b54 2440 | 4c89 5424 
  0x000001a1df603c00: 284c 8b54 | 2448 4c89 | 5424 4090 

  0x000001a1df603c0c: ;   {runtime_call UncommonTrapBlob}
  0x000001a1df603c0c: c5f8 77e8 

  0x000001a1df603c10: ; ImmutableOopMap {rbp=NarrowOop [32]=Oop [40]=Oop [48]=Oop [64]=Oop [144]=Oop }
                      ;*ifnull {reexecute=1 rethrow=0 return_oop=0}
                      ; - (reexecute) java.net.URLStreamHandler::toExternalForm@122
                      ; - java.net.URL::toExternalForm@5
                      ; - java.net.URL::toString@1
                      ; - java.lang.ClassLoader::defineClassSourceLocation@22
                      ; - java.lang.ClassLoader::defineClass@12
  0x000001a1df603c10: ecfd 90ff 

  0x000001a1df603c14: ;   {other}
  0x000001a1df603c14: 0f1f 8400 | 8458 006b | baf6 ffff | ff66 6690 

  0x000001a1df603c24: ;   {runtime_call UncommonTrapBlob}
  0x000001a1df603c24: c5f8 77e8 

  0x000001a1df603c28: ; ImmutableOopMap {}
                      ;*invokevirtual isNamed {reexecute=0 rethrow=0 return_oop=0}
                      ; - java.lang.NamedPackage::<init>@12
                      ; - java.lang.ClassLoader::getNamedPackage@22
                      ; - java.lang.ClassLoader::postDefineClass@9
                      ; - java.lang.ClassLoader::defineClass@37
  0x000001a1df603c28: d4fd 90ff 

  0x000001a1df603c2c: ;   {other}
  0x000001a1df603c2c: 0f1f 8400 | 9c58 006c | ba45 ffff | ff48 8b6c | 2428 4c8b | 5424 404c | 8954 2420 | 4c8b 5424 
  0x000001a1df603c4c: 304c 8954 | 2428 448b | 5424 3844 | 8954 2430 | 448b 4424 | 3c44 8944 | 2434 4c8b | 5424 484c 
  0x000001a1df603c6c: 8954 2438 | 4c8b 5424 | 504c 8954 | 2448 895c | 2450 4489 | 5c24 5844 | 895c 245c 

  0x000001a1df603c88: ;   {runtime_call UncommonTrapBlob}
  0x000001a1df603c88: c5f8 77e8 

  0x000001a1df603c8c: ; ImmutableOopMap {rbp=Oop [32]=Oop [40]=Oop [56]=Oop [72]=Oop [80]=NarrowOop }
                      ;*if_icmpge {reexecute=1 rethrow=0 return_oop=0}
                      ; - (reexecute) java.util.Arrays::checkLength@2
                      ; - java.util.Arrays::copyOfRangeByte@2
                      ; - java.util.Arrays::copyOfRange@13
                      ; - java.lang.String::<init>@32
                      ; - java.lang.String::<init>@3
                      ; - java.lang.StringBuilder::toString@5
                      ; - java.net.URLStreamHandler::toExternalForm@152
                      ; - java.net.URL::toExternalForm@5
                      ; - java.net.URL::toString@1
                      ; - java.lang.ClassLoader::defineClassSourceLocation@22
                      ; - java.lang.ClassLoader::defineClass@12
  0x000001a1df603c8c: 70fd 90ff 

  0x000001a1df603c90: ;   {other}
  0x000001a1df603c90: 0f1f 8400 | 0059 006d | baf6 ffff | ff66 6690 

  0x000001a1df603ca0: ;   {runtime_call UncommonTrapBlob}
  0x000001a1df603ca0: c5f8 77e8 

  0x000001a1df603ca4: ; ImmutableOopMap {[56]=NarrowOop }
                      ;*invokevirtual append {reexecute=0 rethrow=0 return_oop=0}
                      ; - java.lang.NamedPackage::<init>@35
                      ; - java.lang.ClassLoader::getNamedPackage@22
                      ; - java.lang.ClassLoader::postDefineClass@9
                      ; - java.lang.ClassLoader::defineClass@37
  0x000001a1df603ca4: 58fd 90ff 

  0x000001a1df603ca8: ;   {other}
  0x000001a1df603ca8: 0f1f 8400 | 1859 006e | baf6 ffff | ff66 6690 

  0x000001a1df603cb8: ;   {runtime_call UncommonTrapBlob}
  0x000001a1df603cb8: c5f8 77e8 

  0x000001a1df603cbc: ; ImmutableOopMap {}
                      ;*invokevirtual toString {reexecute=0 rethrow=0 return_oop=0}
                      ; - java.lang.NamedPackage::<init>@38
                      ; - java.lang.ClassLoader::getNamedPackage@22
                      ; - java.lang.ClassLoader::postDefineClass@9
                      ; - java.lang.ClassLoader::defineClass@37
  0x000001a1df603cbc: 40fd 90ff 

  0x000001a1df603cc0: ;   {other}
  0x000001a1df603cc0: 0f1f 8400 | 3059 006f | 4963 c9e9 | 18bd ffff | 4883 c1fe | 498b fb48 | 33c0 4883 | f908 7f10 
  0x000001a1df603ce0: 48ff c978 | 4f48 8904 | cf48 ffc9 | 7df7 eb44 | c5fd efc0 | e90d 0000 | 00c5 fe7f | 07c5 fe7f 
  0x000001a1df603d00: 4720 4883 | c740 4883 | e908 7ded | 4883 c104 | 7c0c c5fe | 7f07 4883 | c720 4883 | e904 4883 
  0x000001a1df603d20: c104 7e10 | 48ff c9c5 | f9d6 0748 | 83c7 0848 | ffc9 7df3 | e970 bdff | ffba ccff | ffff 4c8b 
  0x000001a1df603d40: 5424 484c | 8954 2438 | 4889 5c24 | 5044 895c | 2458 4489 | 4c24 6090 

  0x000001a1df603d58: ;   {runtime_call UncommonTrapBlob}
  0x000001a1df603d58: c5f8 77e8 

  0x000001a1df603d5c: ; ImmutableOopMap {[32]=Oop [40]=Oop [56]=Oop [80]=Oop [88]=NarrowOop }
                      ;*newarray {reexecute=1 rethrow=0 return_oop=0}
                      ; - (reexecute) java.util.Arrays::copyOfRangeByte@10
                      ; - java.util.Arrays::copyOfRange@13
                      ; - java.lang.StringLatin1::newString@16
                      ; - java.lang.String::substring@41
                      ; - java.lang.Class::getPackageName@62
                      ; - java.lang.ClassLoader::postDefineClass@2
                      ; - java.lang.ClassLoader::defineClass@37
  0x000001a1df603d5c: a0fc 90ff 

  0x000001a1df603d60: ;   {other}
  0x000001a1df603d60: 0f1f 8400 | d059 0070 | 33ed 4585 | c940 0f94 | c5ba 45ff | ffff 4c8b | 5424 484c | 8954 2438 
  0x000001a1df603d80: 4889 5c24 | 5889 4c24 | 6066 6690 

  0x000001a1df603d8c: ;   {runtime_call UncommonTrapBlob}
  0x000001a1df603d8c: c5f8 77e8 

  0x000001a1df603d90: ; ImmutableOopMap {[32]=Oop [40]=Oop [56]=Oop [88]=Oop }
                      ;*ifeq {reexecute=1 rethrow=0 return_oop=0}
                      ; - (reexecute) java.lang.String::lastIndexOf@4
                      ; - java.lang.String::lastIndexOf@8
                      ; - java.lang.Class::getPackageName@47
                      ; - java.lang.ClassLoader::postDefineClass@2
                      ; - java.lang.ClassLoader::defineClass@37
  0x000001a1df603d90: 6cfc 90ff 

  0x000001a1df603d94: ;   {other}
  0x000001a1df603d94: 0f1f 8400 | 045a 0071 | ba45 ffff | ff48 8b6c | 2420 4c8b | 5c24 484c | 895c 2438 | 4889 5c24 
  0x000001a1df603db4: 4844 894c | 2458 4489 | 5424 5c44 | 894c 2460 

  0x000001a1df603dc4: ;   {runtime_call UncommonTrapBlob}
  0x000001a1df603dc4: c5f8 77e8 

  0x000001a1df603dc8: ; ImmutableOopMap {rbp=Oop [40]=Oop [56]=Oop [72]=Oop }
                      ;*if_icmpgt {reexecute=1 rethrow=0 return_oop=0}
                      ; - (reexecute) jdk.internal.util.Preconditions::checkFromToIndex@6
                      ; - java.lang.String::checkBoundsBeginEnd@6
                      ; - java.lang.String::substring@8
                      ; - java.lang.Class::getPackageName@62
                      ; - java.lang.ClassLoader::postDefineClass@2
                      ; - java.lang.ClassLoader::defineClass@37
  0x000001a1df603dc8: 34fc 90ff 

  0x000001a1df603dcc: ;   {other}
  0x000001a1df603dcc: 0f1f 8400 | 3c5a 0072 | ba45 ffff | ff48 8b6c | 2420 4c8b | 5424 484c | 8954 2438 | 4489 4c24 
  0x000001a1df603dec: 4866 6690 

  0x000001a1df603df0: ;   {runtime_call UncommonTrapBlob}
  0x000001a1df603df0: c5f8 77e8 

  0x000001a1df603df4: ; ImmutableOopMap {rbp=Oop [40]=Oop [56]=Oop }
                      ;*if_icmpeq {reexecute=1 rethrow=0 return_oop=0}
                      ; - (reexecute) java.lang.Class::getPackageName@55
                      ; - java.lang.ClassLoader::postDefineClass@2
                      ; - java.lang.ClassLoader::defineClass@37
  0x000001a1df603df4: 08fc 90ff 

  0x000001a1df603df8: ;   {other}
  0x000001a1df603df8: 0f1f 8400 | 685a 0073 | ba45 ffff | ff48 8b6c | 2420 4c8b | 5c24 484c | 895c 2438 | 4889 5c24 
  0x000001a1df603e18: 4844 894c | 2458 4489 | 5424 5c44 | 894c 2460 | 4489 5424 | 6466 6690 

  0x000001a1df603e30: ;   {runtime_call UncommonTrapBlob}
  0x000001a1df603e30: c5f8 77e8 

  0x000001a1df603e34: ; ImmutableOopMap {rbp=Oop [40]=Oop [56]=Oop [72]=Oop }
                      ;*if_icmple {reexecute=1 rethrow=0 return_oop=0}
                      ; - (reexecute) jdk.internal.util.Preconditions::checkFromToIndex@11
                      ; - java.lang.String::checkBoundsBeginEnd@6
                      ; - java.lang.String::substring@8
                      ; - java.lang.Class::getPackageName@62
                      ; - java.lang.ClassLoader::postDefineClass@2
                      ; - java.lang.ClassLoader::defineClass@37
  0x000001a1df603e34: c8fb 90ff 

  0x000001a1df603e38: ;   {other}
  0x000001a1df603e38: 0f1f 8400 | a85a 0074 | ba45 ffff | ff4c 8b5c | 2448 4c89 | 5c24 3844 | 8944 2450 | 4889 4c24 
  0x000001a1df603e58: 5844 894c | 2454 4489 | 5424 6090 

  0x000001a1df603e64: ;   {runtime_call UncommonTrapBlob}
  0x000001a1df603e64: c5f8 77e8 

  0x000001a1df603e68: ; ImmutableOopMap {[32]=Oop [40]=Oop [56]=Oop [80]=NarrowOop [84]=NarrowOop [88]=Oop }
                      ;*ifge {reexecute=1 rethrow=0 return_oop=0}
                      ; - (reexecute) java.util.concurrent.ConcurrentHashMap::get@86
                      ; - java.lang.ClassLoader::getNamedPackage@5
                      ; - java.lang.ClassLoader::postDefineClass@9
                      ; - java.lang.ClassLoader::defineClass@37
  0x000001a1df603e68: 94fb 90ff 

  0x000001a1df603e6c: ;   {other}
  0x000001a1df603e6c: 0f1f 8400 | dc5a 0075 | ba45 ffff | ff4c 8b5c | 2448 4c89 | 5c24 3844 | 8944 2450 | 4889 4c24 
  0x000001a1df603e8c: 5844 894c | 2454 4489 | 5424 6090 

  0x000001a1df603e98: ;   {runtime_call UncommonTrapBlob}
  0x000001a1df603e98: c5f8 77e8 

  0x000001a1df603e9c: ; ImmutableOopMap {rbp=NarrowOop [32]=Oop [40]=Oop [56]=Oop [80]=NarrowOop [84]=NarrowOop [88]=Oop }
                      ;*ifnull {reexecute=1 rethrow=0 return_oop=0}
                      ; - (reexecute) java.util.concurrent.ConcurrentHashMap::get@67
                      ; - java.lang.ClassLoader::getNamedPackage@5
                      ; - java.lang.ClassLoader::postDefineClass@9
                      ; - java.lang.ClassLoader::defineClass@37
  0x000001a1df603e9c: 60fb 90ff 

  0x000001a1df603ea0: ;   {other}
  0x000001a1df603ea0: 0f1f 8400 | 105b 0076 | 4963 cbe9 | 2dc4 ffff | 4883 c1fe | 498b fa48 | 33c0 4883 | f908 7f10 
  0x000001a1df603ec0: 48ff c978 | 4f48 8904 | cf48 ffc9 | 7df7 eb44 | c5fd efc0 | e90d 0000 | 00c5 fe7f | 07c5 fe7f 
  0x000001a1df603ee0: 4720 4883 | c740 4883 | e908 7ded | 4883 c104 | 7c0c c5fe | 7f07 4883 | c720 4883 | e904 4883 
  0x000001a1df603f00: c104 7e10 | 48ff c9c5 | f9d6 0748 | 83c7 0848 | ffc9 7df3 | e987 c4ff | ff4d 63c8 | e944 c5ff 
  0x000001a1df603f20: ff49 83c1 | fe49 8bc9 | 498b fa48 | 33c0 4883 | f908 7f10 | 48ff c978 | 4f48 8904 | cf48 ffc9 
  0x000001a1df603f40: 7df7 eb44 | c5fd efc0 | e90d 0000 | 00c5 fe7f | 07c5 fe7f | 4720 4883 | c740 4883 | e908 7ded 
  0x000001a1df603f60: 4883 c104 | 7c0c c5fe | 7f07 4883 | c720 4883 | e904 4883 | c104 7e10 | 48ff c9c5 | f9d6 0748 
  0x000001a1df603f80: 83c7 0848 | ffc9 7df3 | e99e c5ff | ff49 63cb | e984 c6ff | ff48 83c1 | fe49 8bfa 

  0x000001a1df603f9c: ;   {no_reloc}
  0x000001a1df603f9c: 4833 c048 | 83f9 087f | 1048 ffc9 | 784f 4889 | 04cf 48ff | c97d f7eb | 44c5 fdef | c0e9 0d00 
  0x000001a1df603fbc: 0000 c5fe | 7f07 c5fe | 7f47 2048 | 83c7 4048 | 83e9 087d | ed48 83c1 | 047c 0cc5 | fe7f 0748 
  0x000001a1df603fdc: 83c7 2048 | 83e9 0448 | 83c1 047e | 1048 ffc9 | c5f9 d607 | 4883 c708 | 48ff c97d | f3e9 dec6 
  0x000001a1df603ffc: ffff 4d63 | c8e9 a3c7 | ffff 4983 | c1fe 498b | c949 8bfa | 4833 c048 | 83f9 087f | 1048 ffc9 
  0x000001a1df60401c: 784f 4889 | 04cf 48ff | c97d f7eb | 44c5 fdef | c0e9 0d00 | 0000 c5fe | 7f07 c5fe | 7f47 2048 
  0x000001a1df60403c: 83c7 4048 | 83e9 087d | ed48 83c1 | 047c 0cc5 | fe7f 0748 | 83c7 2048 | 83e9 0448 | 83c1 047e 
  0x000001a1df60405c: 1048 ffc9 | c5f9 d607 | 4883 c708 | 48ff c97d | f3e9 fdc7 | ffff 4863 | d1e9 b5c8 | ffff 4883 
  0x000001a1df60407c: c2fe 488b | ca49 8bfa | 4833 c048 | 83f9 087f | 1048 ffc9 | 784f 4889 | 04cf 48ff | c97d f7eb 
  0x000001a1df60409c: ;   {no_reloc}
  0x000001a1df60409c: 44c5 fdef | c0e9 0d00 | 0000 c5fe | 7f07 c5fe | 7f47 2048 | 83c7 4048 | 83e9 087d | ed48 83c1 
  0x000001a1df6040bc: 047c 0cc5 | fe7f 0748 | 83c7 2048 | 83e9 0448 | 83c1 047e | 1048 ffc9 | c5f9 d607 | 4883 c708 
  0x000001a1df6040dc: 48ff c97d | f3e9 18c9 | ffff bacc | ffff ff48 | 8b6c 2428 | 4c8b 5424 | 304c 8954 | 2428 448b 
  0x000001a1df6040fc: 5424 3844 | 8954 2430 | 448b 5424 | 3c44 8954 | 2434 4c8b | 5424 484c | 8954 2438 | 448b 5c24 
  0x000001a1df60411c: 5044 895c | 2440 4c8b | 9424 9000 | 0000 4c89 | 5424 4844 | 8b54 2454 | 4489 5424 | 4444 8b5c 
  0x000001a1df60413c: 2468 4489 | 5c24 5044 | 8944 2470 

  0x000001a1df604148: ;   {runtime_call UncommonTrapBlob}
  0x000001a1df604148: c5f8 77e8 

  0x000001a1df60414c: ; ImmutableOopMap {rbp=Oop [32]=Oop [40]=Oop [56]=Oop [64]=NarrowOop [68]=NarrowOop [72]=Oop [96]=Oop }
                      ;*newarray {reexecute=1 rethrow=0 return_oop=0}
                      ; - (reexecute) java.util.Arrays::copyOf@15
                      ; - java.lang.AbstractStringBuilder::ensureCapacityInternal@32
                      ; - java.lang.AbstractStringBuilder::append@21
                      ; - java.lang.StringBuilder::append@2
                      ; - java.net.URLStreamHandler::toExternalForm@11
                      ; - java.net.URL::toExternalForm@5
                      ; - java.net.URL::toString@1
                      ; - java.lang.ClassLoader::defineClassSourceLocation@22
                      ; - java.lang.ClassLoader::defineClass@12
  0x000001a1df60414c: b0f8 90ff 

  0x000001a1df604150: ;   {other}
  0x000001a1df604150: 0f1f 8400 | c05d 0077 | 4963 c8e9 | 51c9 ffff | 4883 c1fe | 498b f948 | 33c0 4883 | f908 7f10 
  0x000001a1df604170: 48ff c978 | 4f48 8904 | cf48 ffc9 | 7df7 eb44 | c5fd efc0 | e90d 0000 | 00c5 fe7f | 07c5 fe7f 
  0x000001a1df604190: 4720 4883 | c740 4883 | e908 7ded | 4883 c104 | 7c0c c5fe | 7f07 4883 | c720 4883 | e904 4883 
  0x000001a1df6041b0: c104 7e10 | 48ff c9c5 | f9d6 0748 | 83c7 0848 | ffc9 7df3 | e9b1 c9ff | ffba ccff | ffff 488b 
  0x000001a1df6041d0: 6c24 284c | 8b44 2430 | 4c89 4424 | 2844 8b44 | 2438 4489 | 4424 3044 | 8b4c 243c | 4489 4c24 
  0x000001a1df6041f0: 344c 8b44 | 2448 4c89 | 4424 3844 | 8b44 2450 | 4489 4424 | 404c 8b84 | 2490 0000 | 004c 8944 
  0x000001a1df604210: 2450 4c89 | 4424 5844 | 8954 2444 | 4489 5c24 | 6466 6690 

  0x000001a1df604224: ;   {runtime_call UncommonTrapBlob}
  0x000001a1df604224: c5f8 77e8 

  0x000001a1df604228: ; ImmutableOopMap {rbp=Oop [32]=Oop [40]=Oop [56]=Oop [64]=NarrowOop [68]=NarrowOop [80]=Oop [88]=Oop }
                      ;*newarray {reexecute=1 rethrow=0 return_oop=0}
                      ; - (reexecute) java.util.Arrays::copyOf@15
                      ; - java.lang.AbstractStringBuilder::ensureCapacityInternal@32
                      ; - java.lang.AbstractStringBuilder::append@7
                      ; - java.lang.StringBuilder::append@2
                      ; - java.net.URLStreamHandler::toExternalForm@16
                      ; - java.net.URL::toExternalForm@5
                      ; - java.net.URL::toString@1
                      ; - java.lang.ClassLoader::defineClassSourceLocation@22
                      ; - java.lang.ClassLoader::defineClass@12
  0x000001a1df604228: d4f7 90ff 

  0x000001a1df60422c: ;   {other}
  0x000001a1df60422c: 0f1f 8400 | 9c5e 0078 | bacc ffff | ff48 8b6c | 2428 4c8b | 5c24 304c | 895c 2428 | 448b 4c24 
  0x000001a1df60424c: 3844 894c | 2430 448b | 5c24 3c44 | 895c 2434 | 4c8b 5c24 | 484c 895c | 2438 448b | 4c24 5044 
  0x000001a1df60426c: 894c 2440 | 4c8b 9c24 | 9000 0000 | 4c89 5c24 | 484c 8b5c | 2460 4c89 | 5c24 5844 | 8b4c 246c 
  0x000001a1df60428c: 4489 4c24 | 4444 8954 | 2468 4489 | 4424 7090 

  0x000001a1df60429c: ;   {runtime_call UncommonTrapBlob}
  0x000001a1df60429c: c5f8 77e8 

  0x000001a1df6042a0: ; ImmutableOopMap {rbp=Oop [32]=Oop [40]=Oop [56]=Oop [64]=NarrowOop [72]=Oop [88]=Oop [104]=NarrowOop }
                      ;*newarray {reexecute=1 rethrow=0 return_oop=0}
                      ; - (reexecute) java.util.Arrays::copyOf@15
                      ; - java.lang.AbstractStringBuilder::ensureCapacityInternal@32
                      ; - java.lang.AbstractStringBuilder::append@21
                      ; - java.lang.StringBuilder::append@2
                      ; - java.net.URLStreamHandler::toExternalForm@59
                      ; - java.net.URL::toExternalForm@5
                      ; - java.net.URL::toString@1
                      ; - java.lang.ClassLoader::defineClassSourceLocation@22
                      ; - java.lang.ClassLoader::defineClass@12
  0x000001a1df6042a0: 5cf7 90ff 

  0x000001a1df6042a4: ;   {other}
  0x000001a1df6042a4: 0f1f 8400 | 145f 0079 | bacc ffff | ff48 8b6c | 2428 4c8b | 4424 304c | 8944 2428 | 448b 4424 
  0x000001a1df6042c4: 3844 8944 | 2430 448b | 4c24 3c44 | 894c 2434 | 4c8b 4424 | 484c 8944 | 2438 448b | 4c24 5044 
  0x000001a1df6042e4: 894c 2440 | 448b 4c24 | 5444 894c | 2444 448b | 4424 6844 | 8944 2450 | 4489 5424 | 5444 895c 
  0x000001a1df604304: 246c 6690 

  0x000001a1df604308: ;   {runtime_call UncommonTrapBlob}
  0x000001a1df604308: c5f8 77e8 

  0x000001a1df60430c: ; ImmutableOopMap {rbp=Oop [32]=Oop [40]=Oop [56]=Oop [64]=NarrowOop [68]=NarrowOop [84]=NarrowOop [144]=Oop }
                      ;*newarray {reexecute=1 rethrow=0 return_oop=0}
                      ; - (reexecute) java.util.Arrays::copyOf@15
                      ; - java.lang.AbstractStringBuilder::ensureCapacityInternal@32
                      ; - java.lang.AbstractStringBuilder::append@21
                      ; - java.lang.StringBuilder::append@2
                      ; - java.net.URLStreamHandler::toExternalForm@77
                      ; - java.net.URL::toExternalForm@5
                      ; - java.net.URL::toString@1
                      ; - java.lang.ClassLoader::defineClassSourceLocation@22
                      ; - java.lang.ClassLoader::defineClass@12
  0x000001a1df60430c: f0f6 90ff 

  0x000001a1df604310: ;   {other}
  0x000001a1df604310: 0f1f 8400 | 805f 007a | bacc ffff | ff48 8b6c | 2428 4c8b | 5c24 304c | 895c 2428 | 448b 4c24 
  0x000001a1df604330: 3844 894c | 2430 448b | 4c24 3c44 | 894c 2434 | 4c8b 5c24 | 484c 895c | 2438 448b | 4c24 5044 
  0x000001a1df604350: 894c 2440 | 4489 5424 | 4444 8944 | 2464 6690 

  0x000001a1df604360: ;   {runtime_call UncommonTrapBlob}
  0x000001a1df604360: c5f8 77e8 

  0x000001a1df604364: ; ImmutableOopMap {rbp=Oop [32]=Oop [40]=Oop [56]=Oop [64]=NarrowOop [68]=NarrowOop [144]=Oop }
                      ;*newarray {reexecute=1 rethrow=0 return_oop=0}
                      ; - (reexecute) java.util.Arrays::copyOf@15
                      ; - java.lang.AbstractStringBuilder::ensureCapacityInternal@32
                      ; - java.lang.AbstractStringBuilder::append@21
                      ; - java.lang.StringBuilder::append@2
                      ; - java.net.URLStreamHandler::toExternalForm@113
                      ; - java.net.URL::toExternalForm@5
                      ; - java.net.URL::toString@1
                      ; - java.lang.ClassLoader::defineClassSourceLocation@22
                      ; - java.lang.ClassLoader::defineClass@12
  0x000001a1df604364: 98f6 90ff 

  0x000001a1df604368: ;   {other}
  0x000001a1df604368: 0f1f 8400 | d85f 007b | bacc ffff | ff48 8b6c | 2428 4c8b | 5424 304c | 8954 2428 | 448b 5c24 
  0x000001a1df604388: 3844 895c | 2430 448b | 5424 3c44 | 8954 2434 | 4c8b 5424 | 484c 8954 | 2438 4489 | 4424 5889 
  0x000001a1df6043a8: 4c24 6090 

  0x000001a1df6043ac: ;   {runtime_call UncommonTrapBlob}
  0x000001a1df6043ac: c5f8 77e8 

  0x000001a1df6043b0: ; ImmutableOopMap {rbp=Oop [32]=Oop [40]=Oop [56]=Oop [88]=NarrowOop [144]=Oop }
                      ;*newarray {reexecute=1 rethrow=0 return_oop=0}
                      ; - (reexecute) java.util.Arrays::copyOf@15
                      ; - java.lang.AbstractStringBuilder::ensureCapacityInternal@32
                      ; - java.lang.AbstractStringBuilder::append@21
                      ; - java.lang.StringBuilder::append@2
                      ; - java.net.URLStreamHandler::toExternalForm@149
                      ; - java.net.URL::toExternalForm@5
                      ; - java.net.URL::toString@1
                      ; - java.lang.ClassLoader::defineClassSourceLocation@22
                      ; - java.lang.ClassLoader::defineClass@12
  0x000001a1df6043b0: 4cf6 90ff 

  0x000001a1df6043b4: ;   {other}
  0x000001a1df6043b4: 0f1f 8400 | 2460 007c | baf6 ffff | ff66 6690 

  0x000001a1df6043c4: ;   {runtime_call UncommonTrapBlob}
  0x000001a1df6043c4: c5f8 77e8 

  0x000001a1df6043c8: ; ImmutableOopMap {[48]=Oop [64]=Oop }
                      ;*invokevirtual putIfAbsent {reexecute=0 rethrow=0 return_oop=0}
                      ; - java.lang.ClassLoader::getNamedPackage@32
                      ; - java.lang.ClassLoader::postDefineClass@9
                      ; - java.lang.ClassLoader::defineClass@37
  0x000001a1df6043c8: 34f6 90ff 

  0x000001a1df6043cc: ;   {other}
  0x000001a1df6043cc: 0f1f 8400 | 3c60 007d | 488b e8ba | 54ff ffff 

  0x000001a1df6043dc: ;   {runtime_call UncommonTrapBlob}
  0x000001a1df6043dc: c5f8 77e8 

  0x000001a1df6043e0: ; ImmutableOopMap {rbp=Oop [32]=Oop [40]=Oop [56]=NarrowOop [64]=Oop [72]=Oop }
                      ;*ifnull {reexecute=1 rethrow=0 return_oop=0}
                      ; - (reexecute) java.lang.ClassLoader::getNamedPackage@42
                      ; - java.lang.ClassLoader::postDefineClass@9
                      ; - java.lang.ClassLoader::defineClass@37
  0x000001a1df6043e0: 1cf6 90ff 

  0x000001a1df6043e4: ;   {other}
  0x000001a1df6043e4: 0f1f 8400 | 5460 007e | 4c89 6c24 | 6889 5c24 | 544c 8b94 | 2490 0000 | 004c 8954 | 2460 4c8b 
  0x000001a1df604404: 5424 204c | 8954 2458 | 4489 7424 | 504c 8b54 | 2440 4c89 

  0x000001a1df604418: ;   {metadata('java/lang/String')}
  0x000001a1df604418: 5424 2048 | ba40 e700 | 80a1 0100 | 0066 6690 

  0x000001a1df604428: ;   {runtime_call _new_instance_Java}
  0x000001a1df604428: c5f8 77e8 

  0x000001a1df60442c: ; ImmutableOopMap {rbp=Oop [32]=Oop [40]=Oop [48]=Oop [72]=Oop [80]=NarrowOop [88]=Oop [96]=Oop [104]=Oop [144]=Oop }
                      ;*new {reexecute=1 rethrow=0 return_oop=1}
                      ; - (reexecute) java.net.URLStreamHandler::toExternalForm@35
                      ; - java.net.URL::toExternalForm@5
                      ; - java.net.URL::toString@1
                      ; - java.lang.ClassLoader::defineClassSourceLocation@22
                      ; - java.lang.ClassLoader::defineClass@12
  0x000001a1df60442c: 5049 9cff 

  0x000001a1df604430: ;   {other}
  0x000001a1df604430: 0f1f 8400 | a060 007f | 4c8b 5424 | 204c 8954 | 2440 448b | 7424 504c | 8b54 2458 | 4c89 5424 
  0x000001a1df604450: 208b 5c24 | 544c 8b6c | 2468 e977 | d5ff ff89 | 5c24 6844 | 894c 2454 | 4c8b 9424 | 9000 0000 
  0x000001a1df604470: 4c89 5424 | 6048 897c | 2458 4489 | 7424 504c | 8b54 2440 | 4c89 5424 

  0x000001a1df604488: ;   {metadata({type array byte})}
  0x000001a1df604488: 2048 ba68 | 2200 80a1 | 0100 0090 

  0x000001a1df604494: ;   {runtime_call _new_array_Java}
  0x000001a1df604494: c5f8 77e8 

  0x000001a1df604498: ; ImmutableOopMap {rbp=Oop [32]=Oop [40]=Oop [48]=Oop [72]=Oop [80]=NarrowOop [84]=NarrowOop [88]=Oop [96]=Oop [144]=Oop }
                      ;*new {reexecute=1 rethrow=0 return_oop=1}
                      ; - (reexecute) java.net.URLStreamHandler::toExternalForm@35
                      ; - java.net.URL::toExternalForm@5
                      ; - java.net.URL::toString@1
                      ; - java.lang.ClassLoader::defineClassSourceLocation@22
                      ; - java.lang.ClassLoader::defineClass@12
  0x000001a1df604498: e44e 9cff 

  0x000001a1df60449c: ;   {other}
  0x000001a1df60449c: 0f1f 8400 | 0c61 0080 | 4c8b 5c24 | 204c 895c | 2440 448b | 7424 504c | 8b5c 2458 | 448b 4c24 
  0x000001a1df6044bc: 548b 5c24 | 684c 8be8 | 498b fbe9 | c9d3 ffff | 488b 6c24 | 284c 8b5c | 2440 4c89 | 5c24 284c 
  0x000001a1df6044dc: 8b5c 2448 | 4c89 5c24 | 404c 896c | 2448 4489 | 5424 64ba | 76ff ffff 

  0x000001a1df6044f4: ;   {runtime_call UncommonTrapBlob}
  0x000001a1df6044f4: c5f8 77e8 

  0x000001a1df6044f8: ; ImmutableOopMap {rbp=Oop [32]=Oop [40]=Oop [48]=Oop [64]=Oop [72]=Oop [80]=Oop }
                      ;*if_icmpge {reexecute=1 rethrow=0 return_oop=0}
                      ; - (reexecute) java.lang.ClassLoader::compareCerts@40
                      ; - java.lang.ClassLoader::checkCerts@80
                      ; - java.lang.ClassLoader::preDefineClass@113
                      ; - java.lang.ClassLoader::defineClass@4
  0x000001a1df6044f8: 04f5 90ff 

  0x000001a1df6044fc: ;   {other}
  0x000001a1df6044fc: 0f1f 8400 | 6c61 0081 | 488b 6c24 | 284c 8b5c | 2440 4c89 | 5c24 284c | 8b5c 2448 | 4c89 5c24 
  0x000001a1df60451c: 404c 896c | 2448 4489 | 5424 64ba | beff ffff 

  0x000001a1df60452c: ;   {runtime_call UncommonTrapBlob}
  0x000001a1df60452c: c5f8 77e8 

  0x000001a1df604530: ; ImmutableOopMap {rbp=Oop [32]=Oop [40]=Oop [48]=Oop [64]=Oop [72]=Oop [80]=Oop }
                      ;*if_icmpge {reexecute=1 rethrow=0 return_oop=0}
                      ; - (reexecute) java.lang.ClassLoader::compareCerts@40
                      ; - java.lang.ClassLoader::checkCerts@80
                      ; - java.lang.ClassLoader::preDefineClass@113
                      ; - java.lang.ClassLoader::defineClass@4
  0x000001a1df604530: ccf4 90ff 

  0x000001a1df604534: ;   {other}
  0x000001a1df604534: 0f1f 8400 | a461 0082 | 41b8 0100 | 0000 488b | 6c24 2848 | 8b4c 2440 | 4889 4c24 | 2848 8b4c 
  0x000001a1df604554: 2448 4889 | 4c24 404c | 896c 2448 | 4c89 7424 | 5844 8954 | 2460 4489 | 4c24 6444 | 8944 2468 
  0x000001a1df604574: 4489 5c24 | 6cba 45ff | ffff 6690 

  0x000001a1df604580: ;   {runtime_call UncommonTrapBlob}
  0x000001a1df604580: c5f8 77e8 

  0x000001a1df604584: ; ImmutableOopMap {rbp=Oop [32]=Oop [40]=Oop [48]=Oop [64]=Oop [72]=Oop [88]=Oop }
                      ;*if_icmpge {reexecute=1 rethrow=0 return_oop=0}
                      ; - (reexecute) java.lang.ClassLoader::compareCerts@67
                      ; - java.lang.ClassLoader::checkCerts@80
                      ; - java.lang.ClassLoader::preDefineClass@113
                      ; - java.lang.ClassLoader::defineClass@4
  0x000001a1df604584: 78f4 90ff 

  0x000001a1df604588: ;   {other}
  0x000001a1df604588: 0f1f 8400 | f861 0083 | ba45 ffff | ff48 8b6c | 2428 4c8b | 4424 404c | 8944 2428 | 4c8b 4424 
  0x000001a1df6045a8: 484c 8944 | 2440 4489 | 5424 4844 | 895c 244c 

  0x000001a1df6045b8: ;   {runtime_call UncommonTrapBlob}
  0x000001a1df6045b8: c5f8 77e8 

  0x000001a1df6045bc: ; ImmutableOopMap {rbp=Oop [32]=Oop [40]=Oop [48]=Oop [64]=Oop }
                      ;*if_icmpeq {reexecute=1 rethrow=0 return_oop=0}
                      ; - (reexecute) java.lang.ClassLoader::compareCerts@20
                      ; - java.lang.ClassLoader::checkCerts@80
                      ; - java.lang.ClassLoader::preDefineClass@113
                      ; - java.lang.ClassLoader::defineClass@4
  0x000001a1df6045bc: 40f4 90ff 

  0x000001a1df6045c0: ;   {other}
  0x000001a1df6045c0: 0f1f 8400 | 3062 0084 | ba45 ffff | ff4c 8b5c | 2448 4c89 | 5c24 3844 | 8944 2450 | 4889 4c24 
  0x000001a1df6045e0: 5848 8974 | 2460 4489 | 5424 5490 

  0x000001a1df6045ec: ;   {runtime_call UncommonTrapBlob}
  0x000001a1df6045ec: c5f8 77e8 

  0x000001a1df6045f0: ; ImmutableOopMap {rbp=NarrowOop [32]=Oop [40]=Oop [56]=Oop [80]=NarrowOop [88]=Oop [96]=Oop }
                      ;*ifnull {reexecute=1 rethrow=0 return_oop=0}
                      ; - (reexecute) java.util.concurrent.ConcurrentHashMap::get@143
                      ; - java.lang.ClassLoader::getNamedPackage@5
                      ; - java.lang.ClassLoader::postDefineClass@9
                      ; - java.lang.ClassLoader::defineClass@37
  0x000001a1df6045f0: 0cf4 90ff 

  0x000001a1df6045f4: ;   {other}
  0x000001a1df6045f4: 0f1f 8400 | 6462 0085 | ba45 ffff | ff44 8b5c | 2450 4489 | 5c24 4889 | 4424 5090 

  0x000001a1df604610: ;   {runtime_call UncommonTrapBlob}
  0x000001a1df604610: c5f8 77e8 

  0x000001a1df604614: ; ImmutableOopMap {rbp=Oop [32]=Oop [48]=Oop [64]=Oop [72]=NarrowOop [88]=Oop }
                      ;*ifeq {reexecute=1 rethrow=0 return_oop=0}
                      ; - (reexecute) java.util.concurrent.ConcurrentHashMap::get@152
                      ; - java.lang.ClassLoader::getNamedPackage@5
                      ; - java.lang.ClassLoader::postDefineClass@9
                      ; - java.lang.ClassLoader::defineClass@37
  0x000001a1df604614: e8f3 90ff 

  0x000001a1df604618: ;   {other}
  0x000001a1df604618: 0f1f 8400 | 8862 0086 | 4c89 4c24 | 7044 8944 | 2464 4889 | 5c24 6844 | 895c 2460 | 4c8b 5424 
  0x000001a1df604638: 484c 8954 | 2458 4c89 | 6c24 5048 | 8974 2448 | 4c8b 5424 | 284c 8954 | 2420 488b 

  0x000001a1df604654: ;   {metadata('java/util/ArrayList')}
  0x000001a1df604654: 6c24 4048 | bae0 a50b | 80a1 0100 | 0066 6690 

  0x000001a1df604664: ;   {runtime_call _new_instance_Java}
  0x000001a1df604664: c5f8 77e8 

  0x000001a1df604668: ; ImmutableOopMap {rbp=Oop [32]=Oop [48]=Oop [72]=Oop [80]=Oop [88]=Oop [96]=NarrowOop [100]=NarrowOop [104]=Oop [112]=Oop }
                      ;*new {reexecute=0 rethrow=0 return_oop=1}
                      ; - java.security.CodeSource::getCertificates@25
                      ; - java.lang.ClassLoader::checkCerts@34
                      ; - java.lang.ClassLoader::preDefineClass@113
                      ; - java.lang.ClassLoader::defineClass@4
  0x000001a1df604668: 1447 9cff 

  0x000001a1df60466c: ;   {other}
  0x000001a1df60466c: 0f1f 8400 | dc62 0087 | 4889 6c24 | 404c 8b54 | 2420 4c89 | 5424 2848 | 8b74 2448 | 4c8b 6c24 
  0x000001a1df60468c: 504c 8b54 | 2458 4c89 | 5424 4844 | 8b54 2460 | 4489 5424 | 5048 8b5c | 2468 448b | 4424 644c 
  0x000001a1df6046ac: 8b4c 2470 | e9ac d8ff | ff48 894c | 2478 4c89 | 4c24 7048 | 895c 2468 | 4c89 6c24 | 6048 8974 
  0x000001a1df6046cc: 2458 4c8b | 5424 284c | 8954 2420 | 488b 6c24 

  0x000001a1df6046dc: ;   {metadata('java/security/cert/Certificate'[])}
  0x000001a1df6046dc: 4048 bac0 | 5110 80a1 | 0100 0045 | 33c0 6690 

  0x000001a1df6046ec: ;   {runtime_call _new_array_Java}
  0x000001a1df6046ec: c5f8 77e8 

  0x000001a1df6046f0: ; ImmutableOopMap {rbp=Oop [32]=Oop [48]=Oop [72]=Oop [80]=NarrowOop [88]=Oop [96]=Oop [104]=Oop [112]=Oop [120]=Oop }
                      ;*anewarray {reexecute=0 rethrow=0 return_oop=1}
                      ; - java.security.CodeSource::getCertificates@70
                      ; - java.lang.ClassLoader::checkCerts@34
                      ; - java.lang.ClassLoader::preDefineClass@113
                      ; - java.lang.ClassLoader::defineClass@4
  0x000001a1df6046f0: 8c4c 9cff 

  0x000001a1df6046f4: ;   {other}
  0x000001a1df6046f4: 0f1f 8400 | 6463 0088 | e9e5 d9ff | ff4c 894c | 2440 4889 

  0x000001a1df604708: ;   {metadata('java/security/cert/Certificate'[])}
  0x000001a1df604708: 4c24 2848 | bac0 5110 | 80a1 0100 | 0045 8bc3 

  0x000001a1df604718: ;   {runtime_call _new_array_Java}
  0x000001a1df604718: c5f8 77e8 

  0x000001a1df60471c: ; ImmutableOopMap {rbp=Oop [32]=Oop [40]=Oop [48]=Oop [72]=Oop [88]=Oop [96]=Oop [104]=Oop }
                      ;*invokevirtual clone {reexecute=1 rethrow=0 return_oop=1}
                      ; - (reexecute) java.security.CodeSource::getCertificates@86
                      ; - java.lang.ClassLoader::checkCerts@34
                      ; - java.lang.ClassLoader::preDefineClass@113
                      ; - java.lang.ClassLoader::defineClass@4
  0x000001a1df60471c: 604c 9cff 

  0x000001a1df604720: ;   {other}
  0x000001a1df604720: 0f1f 8400 | 9063 0089 | 488b 4c24 | 284c 8b4c | 2440 488b | d8e9 6bda | ffff 448b | 5c24 5441 
  0x000001a1df604740: d1e3 4585 | db0f 8cc9 | 0400 0044 | 8b55 0c45 | 3bd3 0f82 | bc04 0000 | 4c8b d54a | 8d7c 1d10 
  0x000001a1df604760: 488b 7424 | 6033 d28b | ca83 e10f | 83e2 f074 | 1c48 8d34 | 1648 8d3c | 5748 f7da | c4e2 7d30 
  0x000001a1df604780: 0416 c5fe | 7f04 5748 | 83c2 1075 | ef8b d183 | e107 83e2 | f874 27c4 | e279 3006 | c5fa 7f07 
  0x000001a1df6047a0: 4883 c608 | 4883 c710 | e911 0000 | 00c4 e279 | 3004 16c5 | fa7f 0457 | 4883 c208 | 75ef 8bd1 
  0x000001a1df6047c0: 83fa 047c | 19c5 f96e | 06c4 e279 | 30c0 c5f9 | d607 4883 | ea04 4883 | c604 4883 | c708 85d2 
  0x000001a1df6047e0: 7418 488d | 3416 488d | 3c57 48f7 | da0f b60c | 1666 890c | 5748 ffc2 | 75f3 4c8b | 5424 204c 
  0x000001a1df604800: 8954 2440 | 448b 7424 | 504c 8b5c | 2460 e963 | adff ff44 | 8b54 2460 | 41d1 e245 

  0x000001a1df60481c: ;   {no_reloc}
  0x000001a1df60481c: 85d2 0f8c | 1004 0000 | 448b 5d0c | 453b da0f | 8203 0400 | 004c 8bdd | 4a8d 7c15 | 1048 8b74 
  0x000001a1df60483c: 2458 33d2 | 8bca 83e1 | 0f83 e2f0 | 741c 488d | 3416 488d | 3c57 48f7 | dac4 e27d | 3004 16c5 
  0x000001a1df60485c: fe7f 0457 | 4883 c210 | 75ef 8bd1 | 83e1 0783 | e2f8 7427 | c4e2 7930 | 06c5 fa7f | 0748 83c6 
  0x000001a1df60487c: 0848 83c7 | 10e9 1100 | 0000 c4e2 | 7930 0416 | c5fa 7f04 | 5748 83c2 | 0875 ef8b | d183 fa04 
  0x000001a1df60489c: 7c19 c5f9 | 6e06 c4e2 | 7930 c0c5 | f9d6 0748 | 83ea 0448 | 83c6 0448 | 83c7 0885 | d274 1848 
  0x000001a1df6048bc: 8d34 1648 | 8d3c 5748 | f7da 0fb6 | 0c16 6689 | 0c57 48ff | c275 f34c | 8b54 2420 | 4c89 5424 
  0x000001a1df6048dc: 40e9 11ad | ffff 4889 | 4c24 3844 | 895c 2434 | 4489 5424 | 3048 8b6c 

  0x000001a1df6048f4: ;   {metadata('java/util/ArrayList')}
  0x000001a1df6048f4: 2428 48ba | e0a5 0b80 | a101 0000 

  0x000001a1df604900: ;   {runtime_call _new_instance_Java}
  0x000001a1df604900: c5f8 77e8 

  0x000001a1df604904: ; ImmutableOopMap {rbp=Oop [32]=Oop [48]=NarrowOop [52]=NarrowOop [56]=Oop }
                      ;*new {reexecute=0 rethrow=0 return_oop=1}
                      ; - java.security.CodeSource::getCertificates@25
                      ; - java.lang.ClassLoader::postDefineClass@24
                      ; - java.lang.ClassLoader::defineClass@37
  0x000001a1df604904: 7844 9cff 

  0x000001a1df604908: ;   {other}
  0x000001a1df604908: 0f1f 8400 | 7865 008a | 4889 6c24 | 2844 8b54 | 2430 448b | 5c24 3448 | 8b4c 2438 | e986 daff 
  0x000001a1df604928: ff4c 894c | 2438 488b | e944 8954 

  0x000001a1df604934: ;   {metadata('java/security/cert/Certificate'[])}
  0x000001a1df604934: 2430 48ba | c051 1080 | a101 0000 | 4533 c090 

  0x000001a1df604944: ;   {runtime_call _new_array_Java}
  0x000001a1df604944: c5f8 77e8 

  0x000001a1df604948: ; ImmutableOopMap {rbp=Oop [32]=Oop [40]=Oop [48]=NarrowOop [56]=Oop }
                      ;*anewarray {reexecute=0 rethrow=0 return_oop=1}
                      ; - java.security.CodeSource::getCertificates@70
                      ; - java.lang.ClassLoader::postDefineClass@24
                      ; - java.lang.ClassLoader::defineClass@37
  0x000001a1df604948: 344a 9cff 

  0x000001a1df60494c: ;   {other}
  0x000001a1df60494c: 0f1f 8400 | bc65 008b | e95b dbff 

  0x000001a1df604958: ;   {metadata('java/security/cert/Certificate'[])}
  0x000001a1df604958: ff48 bac0 | 5110 80a1 | 0100 0045 | 8bc3 6690 

  0x000001a1df604968: ;   {runtime_call _new_array_Java}
  0x000001a1df604968: c5f8 77e8 

  0x000001a1df60496c: ; ImmutableOopMap {[32]=Oop [40]=Oop [64]=Oop }
                      ;*invokevirtual clone {reexecute=1 rethrow=0 return_oop=1}
                      ; - (reexecute) java.security.CodeSource::getCertificates@86
                      ; - java.lang.ClassLoader::postDefineClass@24
                      ; - java.lang.ClassLoader::defineClass@37
  0x000001a1df60496c: 104a 9cff 

  0x000001a1df604970: ;   {other}
  0x000001a1df604970: 0f1f 8400 | e065 008c | 488b d8e9 | f6db ffff | ba37 0100 | 0049 8beb | 4c8b 5424 | 404c 8954 
  0x000001a1df604990: 2420 4c8b | 5424 304c | 8954 2428 | 448b 5c24 | 3844 895c | 2430 448b | 5424 3c44 | 8954 2434 
  0x000001a1df6049b0: ;   {runtime_call UncommonTrapBlob}
  0x000001a1df6049b0: c5f8 77e8 

  0x000001a1df6049b4: ; ImmutableOopMap {rbp=Oop [32]=Oop [40]=Oop }
                      ;*new {reexecute=0 rethrow=0 return_oop=0}
                      ; - java.lang.ClassLoader::preDefineClass@56
                      ; - java.lang.ClassLoader::defineClass@4
  0x000001a1df6049b4: 48f0 90ff 

  0x000001a1df6049b8: ;   {other}
  0x000001a1df6049b8: 0f1f 8400 | 2866 008d | bae4 ffff | ff4c 8b54 | 2448 4c89 | 5424 3844 | 8944 2450 | 8974 2454 
  0x000001a1df6049d8: 4889 4424 | 5848 8944 | 2460 6690 

  0x000001a1df6049e4: ;   {runtime_call UncommonTrapBlob}
  0x000001a1df6049e4: c5f8 77e8 

  0x000001a1df6049e8: ; ImmutableOopMap {rbp=NarrowOop [32]=Oop [40]=Oop [56]=Oop [80]=NarrowOop [84]=NarrowOop [88]=Oop [96]=Oop }
                      ;*baload {reexecute=0 rethrow=0 return_oop=0}
                      ; - java.lang.StringLatin1::hashCode@34
                      ; - java.lang.String::hashCode@27
                      ; - java.util.concurrent.ConcurrentHashMap::get@1
                      ; - java.lang.ClassLoader::getNamedPackage@5
                      ; - java.lang.ClassLoader::postDefineClass@9
                      ; - java.lang.ClassLoader::defineClass@37
  0x000001a1df6049e8: 14f0 90ff 

  0x000001a1df6049ec: ;   {other}
  0x000001a1df6049ec: 0f1f 8400 | 5c66 008e | 4d63 d0e9 | 34ce ffff | bacc ffff | ff48 8b6c | 2428 4c8b | 5424 404c 
  0x000001a1df604a0c: 8954 2420 | 4c8b 5424 | 304c 8954 | 2428 448b | 5424 3844 | 8954 2430 | 448b 5c24 | 3c44 895c 
  0x000001a1df604a2c: 2434 4c8b | 5424 484c | 8954 2438 | 4489 7424 | 4044 894c | 2444 6690 

  0x000001a1df604a44: ;   {runtime_call UncommonTrapBlob}
  0x000001a1df604a44: c5f8 77e8 

  0x000001a1df604a48: ; ImmutableOopMap {rbp=Oop [32]=Oop [40]=Oop [56]=Oop [64]=NarrowOop [68]=NarrowOop [144]=Oop }
                      ;*new {reexecute=0 rethrow=0 return_oop=0}
                      ; - java.net.URLStreamHandler::toExternalForm@35
                      ; - java.net.URL::toExternalForm@5
                      ; - java.net.URL::toString@1
                      ; - java.lang.ClassLoader::defineClassSourceLocation@22
                      ; - java.lang.ClassLoader::defineClass@12
  0x000001a1df604a48: b4ef 90ff 

  0x000001a1df604a4c: ;   {other}
  0x000001a1df604a4c: 0f1f 8400 | bc66 008f | bae4 ffff | ff48 8b6c | 2428 4c8b | 5424 404c | 8954 2420 | 4c8b 5424 
  0x000001a1df604a6c: 304c 8954 | 2428 448b | 4c24 3844 | 894c 2430 | 448b 5424 | 3c44 8954 | 2434 4c8b | 5424 484c 
  0x000001a1df604a8c: 8954 2438 | 4889 7424 | 404c 896c | 2448 4889 | 5c24 5848 | 894c 2468 | 4489 4424 | 7044 895c 
  0x000001a1df604aac: 2474 6690 

  0x000001a1df604ab0: ;   {runtime_call UncommonTrapBlob}
  0x000001a1df604ab0: c5f8 77e8 

  0x000001a1df604ab4: ; ImmutableOopMap {rbp=Oop [32]=Oop [40]=Oop [56]=Oop [64]=Oop [72]=Oop [80]=NarrowOop [88]=Oop [104]=Oop [112]=NarrowOop }
                      ;*aaload {reexecute=0 rethrow=0 return_oop=0}
                      ; - java.security.CodeSource::getCertificates@50
                      ; - java.lang.ClassLoader::checkCerts@34
                      ; - java.lang.ClassLoader::preDefineClass@113
                      ; - java.lang.ClassLoader::defineClass@4
  0x000001a1df604ab4: 48ef 90ff 

  0x000001a1df604ab8: ;   {other}
  0x000001a1df604ab8: 0f1f 8400 | 2867 0090 | bae4 ffff | ff44 8954 | 2430 4c89 | 4c24 4044 | 895c 2448 | 4489 4424 
  0x000001a1df604ad8: 4c66 6690 

  0x000001a1df604adc: ;   {runtime_call UncommonTrapBlob}
  0x000001a1df604adc: c5f8 77e8 

  0x000001a1df604ae0: ; ImmutableOopMap {[32]=Oop [40]=Oop [48]=NarrowOop [64]=Oop [72]=NarrowOop }
                      ;*aaload {reexecute=0 rethrow=0 return_oop=0}
                      ; - java.security.CodeSource::getCertificates@50
                      ; - java.lang.ClassLoader::postDefineClass@24
                      ; - java.lang.ClassLoader::defineClass@37
  0x000001a1df604ae0: 1cef 90ff 

  0x000001a1df604ae4: ;   {other}
  0x000001a1df604ae4: 0f1f 8400 | 5467 0091 | bace ffff | ff4c 8b54 | 2428 4c89 | 5424 204c | 8b54 2440 | 4c89 5424 
  0x000001a1df604b04: 284c 8b54 | 2448 4c89 | 5424 4044 | 8974 2448 | 895c 244c | 894c 2460 | 4489 4c24 | 6444 895c 
  0x000001a1df604b24: 2468 6690 

  0x000001a1df604b28: ;   {runtime_call UncommonTrapBlob}
  0x000001a1df604b28: c5f8 77e8 

  0x000001a1df604b2c: ; ImmutableOopMap {[32]=Oop [40]=Oop [48]=Oop [64]=Oop [72]=NarrowOop [96]=NarrowOop [100]=NarrowOop [144]=Oop }
                      ;*invokestatic inflate {reexecute=0 rethrow=0 return_oop=0}
                      ; - java.lang.String::getBytes@40
                      ; - java.lang.AbstractStringBuilder::putStringAt@15
                      ; - java.lang.AbstractStringBuilder::append@30
                      ; - java.lang.StringBuilder::append@2
                      ; - java.net.URLStreamHandler::toExternalForm@59
                      ; - java.net.URL::toExternalForm@5
                      ; - java.net.URL::toString@1
                      ; - java.lang.ClassLoader::defineClassSourceLocation@22
                      ; - java.lang.ClassLoader::defineClass@12
  0x000001a1df604b2c: d0ee 90ff 

  0x000001a1df604b30: ;   {other}
  0x000001a1df604b30: 0f1f 8400 | a067 0092 | bace ffff | ff48 8b6c | 2428 4c8b | 5424 404c | 8954 2420 | 4c8b 5424 
  0x000001a1df604b50: 304c 8954 | 2428 448b | 5424 3844 | 8954 2430 | 448b 5c24 | 3c44 895c | 2434 4c8b | 5424 484c 
  0x000001a1df604b70: 8954 2438 | 4489 7424 | 4044 896c | 2444 894c | 2458 4489 | 4c24 5c89 | 5c24 6089 | 4424 6490 
  0x000001a1df604b90: ;   {runtime_call UncommonTrapBlob}
  0x000001a1df604b90: c5f8 77e8 

  0x000001a1df604b94: ; ImmutableOopMap {rbp=Oop [32]=Oop [40]=Oop [56]=Oop [64]=NarrowOop [88]=NarrowOop [92]=NarrowOop [144]=Oop }
                      ;*invokestatic inflate {reexecute=0 rethrow=0 return_oop=0}
                      ; - java.lang.String::getBytes@40
                      ; - java.lang.AbstractStringBuilder::putStringAt@15
                      ; - java.lang.AbstractStringBuilder::append@30
                      ; - java.lang.StringBuilder::append@2
                      ; - java.net.URLStreamHandler::toExternalForm@77
                      ; - java.net.URL::toExternalForm@5
                      ; - java.net.URL::toString@1
                      ; - java.lang.ClassLoader::defineClassSourceLocation@22
                      ; - java.lang.ClassLoader::defineClass@12
  0x000001a1df604b94: 68ee 90ff 

  0x000001a1df604b98: ;   {other}
  0x000001a1df604b98: 0f1f 8400 | 0868 0093 | bace ffff | ff48 8b6c | 2428 4c8b | 5424 404c | 8954 2420 | 4c8b 5424 
  0x000001a1df604bb8: 304c 8954 | 2428 448b | 5c24 3844 | 895c 2430 | 448b 5424 | 3c44 8954 | 2434 4c8b | 5424 484c 
  0x000001a1df604bd8: 8954 2438 | 4489 7424 | 404c 8b94 | 2490 0000 | 004c 8954 | 2450 4489 | 6c24 4444 | 894c 2458 
  0x000001a1df604bf8: 895c 245c | 894c 2460 | 8944 2464 

  0x000001a1df604c04: ;   {runtime_call UncommonTrapBlob}
  0x000001a1df604c04: c5f8 77e8 

  0x000001a1df604c08: ; ImmutableOopMap {rbp=Oop [32]=Oop [40]=Oop [56]=Oop [64]=NarrowOop [80]=Oop [88]=NarrowOop [92]=NarrowOop [144]=Oop }
                      ;*invokestatic inflate {reexecute=0 rethrow=0 return_oop=0}
                      ; - java.lang.String::getBytes@40
                      ; - java.lang.AbstractStringBuilder::putStringAt@15
                      ; - java.lang.AbstractStringBuilder::append@30
                      ; - java.lang.StringBuilder::append@2
                      ; - java.net.URLStreamHandler::toExternalForm@11
                      ; - java.net.URL::toExternalForm@5
                      ; - java.net.URL::toString@1
                      ; - java.lang.ClassLoader::defineClassSourceLocation@22
                      ; - java.lang.ClassLoader::defineClass@12
  0x000001a1df604c08: f4ed 90ff 

  0x000001a1df604c0c: ;   {other}
  0x000001a1df604c0c: 0f1f 8400 | 7c68 0094 | bace ffff | ff4c 8b54 | 2448 4c89 | 5424 4090 

  0x000001a1df604c24: ;   {runtime_call UncommonTrapBlob}
  0x000001a1df604c24: c5f8 77e8 

  0x000001a1df604c28: ; ImmutableOopMap {rbp=NarrowOop [32]=Oop [40]=Oop [48]=Oop [64]=Oop [80]=NarrowOop [144]=Oop }
                      ;*invokestatic inflate {reexecute=0 rethrow=0 return_oop=0}
                      ; - java.lang.String::getBytes@40
                      ; - java.lang.AbstractStringBuilder::putStringAt@15
                      ; - java.lang.AbstractStringBuilder::append@30
                      ; - java.lang.StringBuilder::append@2
                      ; - java.net.URLStreamHandler::toExternalForm@113
                      ; - java.net.URL::toExternalForm@5
                      ; - java.net.URL::toString@1
                      ; - java.lang.ClassLoader::defineClassSourceLocation@22
                      ; - java.lang.ClassLoader::defineClass@12
  0x000001a1df604c28: d4ed 90ff 

  0x000001a1df604c2c: ;   {other}
  0x000001a1df604c2c: 0f1f 8400 | 9c68 0095 | bace ffff | ff4c 8b54 | 2448 4c89 | 5424 4090 

  0x000001a1df604c44: ;   {runtime_call UncommonTrapBlob}
  0x000001a1df604c44: c5f8 77e8 

  0x000001a1df604c48: ; ImmutableOopMap {rbp=NarrowOop [32]=Oop [40]=Oop [48]=Oop [64]=Oop [144]=Oop }
                      ;*invokestatic inflate {reexecute=0 rethrow=0 return_oop=0}
                      ; - java.lang.String::getBytes@40
                      ; - java.lang.AbstractStringBuilder::putStringAt@15
                      ; - java.lang.AbstractStringBuilder::append@30
                      ; - java.lang.StringBuilder::append@2
                      ; - java.net.URLStreamHandler::toExternalForm@149
                      ; - java.net.URL::toExternalForm@5
                      ; - java.net.URL::toString@1
                      ; - java.lang.ClassLoader::defineClassSourceLocation@22
                      ; - java.lang.ClassLoader::defineClass@12
  0x000001a1df604c48: b4ed 90ff 

  0x000001a1df604c4c: ;   {other}
  0x000001a1df604c4c: 0f1f 8400 | bc68 0096 | 4889 4424 | 58ba deff | ffff 6690 

  0x000001a1df604c60: ;   {runtime_call UncommonTrapBlob}
  0x000001a1df604c60: c5f8 77e8 

  0x000001a1df604c64: ; ImmutableOopMap {rbp=Oop [32]=Oop [40]=Oop [48]=Oop [64]=Oop [72]=Oop [80]=Oop [88]=Oop }
                      ;*checkcast {reexecute=0 rethrow=0 return_oop=0}
                      ; - java.lang.ClassLoader::checkCerts@65
                      ; - java.lang.ClassLoader::preDefineClass@113
                      ; - java.lang.ClassLoader::defineClass@4
  0x000001a1df604c64: 98ed 90ff 

  0x000001a1df604c68: ;   {other}
  0x000001a1df604c68: 0f1f 8400 | d868 0097 | 4c89 7424 | 6044 8954 | 2468 4489 | 4c24 6c4c | 896c 2478 | 4489 5c24 
  0x000001a1df604c88: 7489 9424 | 8000 0000 | 8994 2484 | 0000 00ba | 66ff ffff 

  0x000001a1df604c9c: ;   {runtime_call UncommonTrapBlob}
  0x000001a1df604c9c: c5f8 77e8 

  0x000001a1df604ca0: ; ImmutableOopMap {rbp=NarrowOop [32]=Oop [40]=Oop [48]=Oop [64]=Oop [72]=Oop [96]=Oop [120]=Oop [128]=NarrowOop [132]=NarrowOop }
                      ;*instanceof {reexecute=0 rethrow=0 return_oop=0}
                      ; - sun.security.x509.X509CertImpl::getEncodedInternal@1
                      ; - java.security.cert.Certificate::equals@17
                      ; - java.lang.ClassLoader::compareCerts@81
                      ; - java.lang.ClassLoader::checkCerts@80
                      ; - java.lang.ClassLoader::preDefineClass@113
                      ; - java.lang.ClassLoader::defineClass@4
  0x000001a1df604ca0: 5ced 90ff 

  0x000001a1df604ca4: ;   {other}
  0x000001a1df604ca4: 0f1f 8400 | 1469 0098 | 4c89 6c24 | 5844 895c | 2460 4489 | 4c24 644c | 8974 2470 | 4489 5424 
  0x000001a1df604cc4: 6c89 5424 | 7889 5424 | 7cba 66ff | ffff 6690 

  0x000001a1df604cd4: ;   {runtime_call UncommonTrapBlob}
  0x000001a1df604cd4: c5f8 77e8 

  0x000001a1df604cd8: ; ImmutableOopMap {rbp=NarrowOop [32]=Oop [40]=Oop [48]=Oop [64]=Oop [72]=Oop [88]=Oop [112]=Oop [120]=NarrowOop [124]=NarrowOop }
                      ;*instanceof {reexecute=0 rethrow=0 return_oop=0}
                      ; - sun.security.x509.X509CertImpl::getEncodedInternal@1
                      ; - java.security.cert.Certificate::equals@17
                      ; - java.lang.ClassLoader::compareCerts@166
                      ; - java.lang.ClassLoader::checkCerts@80
                      ; - java.lang.ClassLoader::preDefineClass@113
                      ; - java.lang.ClassLoader::defineClass@4
  0x000001a1df604cd8: 24ed 90ff 

  0x000001a1df604cdc: ;   {other}
  0x000001a1df604cdc: 0f1f 8400 | 4c69 0099 | 4533 c048 | 8b6c 2428 | 488b 5c24 | 4048 895c | 2428 488b | 5c24 4848 
  0x000001a1df604cfc: 895c 2440 | 4c89 6c24 | 5044 895c | 2458 4489 | 4c24 5c89 | 5424 604c | 8974 2468 | 4489 5424 
  0x000001a1df604d1c: 6444 8944 | 2470 c5fa | 1144 2474 | 4889 8c24 | 8000 0000 | ba66 ffff | ff66 6690 

  0x000001a1df604d38: ;   {runtime_call UncommonTrapBlob}
  0x000001a1df604d38: c5f8 77e8 

  0x000001a1df604d3c: ; ImmutableOopMap {rbp=Oop [32]=Oop [40]=Oop [48]=Oop [64]=Oop [80]=Oop [96]=NarrowOop [104]=Oop [116]=NarrowOop [128]=Oop }
                      ;*instanceof {reexecute=0 rethrow=0 return_oop=0}
                      ; - sun.security.x509.X509CertImpl::getEncodedInternal@1
                      ; - java.security.cert.Certificate::equals@25
                      ; - java.lang.ClassLoader::compareCerts@166
                      ; - java.lang.ClassLoader::checkCerts@80
                      ; - java.lang.ClassLoader::preDefineClass@113
                      ; - java.lang.ClassLoader::defineClass@4
  0x000001a1df604d3c: c0ec 90ff 

  0x000001a1df604d40: ;   {other}
  0x000001a1df604d40: 0f1f 8400 | b069 009a | 4533 c048 | 8b6c 2428 | 488b 4c24 | 4048 894c | 2428 488b | 4c24 4848 
  0x000001a1df604d60: 894c 2440 | 4c89 7424 | 5844 8954 | 2460 4489 | 4c24 6489 | 5424 684c | 896c 2470 | 4489 5c24 
  0x000001a1df604d80: 6c44 8944 | 2478 c5fa | 1144 247c | 4889 9c24 | 8800 0000 | ba66 ffff | ff66 6690 

  0x000001a1df604d9c: ;   {runtime_call UncommonTrapBlob}
  0x000001a1df604d9c: c5f8 77e8 

  0x000001a1df604da0: ; ImmutableOopMap {rbp=Oop [32]=Oop [40]=Oop [48]=Oop [64]=Oop [88]=Oop [104]=NarrowOop [112]=Oop [124]=NarrowOop [136]=Oop }
                      ;*instanceof {reexecute=0 rethrow=0 return_oop=0}
                      ; - sun.security.x509.X509CertImpl::getEncodedInternal@1
                      ; - java.security.cert.Certificate::equals@25
                      ; - java.lang.ClassLoader::compareCerts@81
                      ; - java.lang.ClassLoader::checkCerts@80
                      ; - java.lang.ClassLoader::preDefineClass@113
                      ; - java.lang.ClassLoader::defineClass@4
  0x000001a1df604da0: 5cec 90ff 

  0x000001a1df604da4: ;   {other}
  0x000001a1df604da4: 0f1f 8400 | 146a 009b | bade ffff | ff4c 8b54 | 2430 4c89 | 5424 2844 | 8b5c 2438 | 4489 5c24 
  0x000001a1df604dc4: 3044 8b54 | 243c 4489 | 5424 344c | 8b54 2448 | 4c89 5424 | 384c 8b54 | 2458 4c89 | 5424 404c 
  0x000001a1df604de4: 8b54 2460 | 4c89 5424 | 4848 8944 | 2460 6690 

  0x000001a1df604df4: ;   {runtime_call UncommonTrapBlob}
  0x000001a1df604df4: c5f8 77e8 

  0x000001a1df604df8: ; ImmutableOopMap {rbp=Oop [32]=Oop [40]=Oop [56]=Oop [64]=Oop [72]=Oop [80]=NarrowOop [96]=Oop [104]=Oop }
                      ;*checkcast {reexecute=0 rethrow=0 return_oop=0}
                      ; - java.security.CodeSource::getCertificates@76
                      ; - java.lang.ClassLoader::checkCerts@34
                      ; - java.lang.ClassLoader::preDefineClass@113
                      ; - java.lang.ClassLoader::defineClass@4
  0x000001a1df604df8: 04ec 90ff 

  0x000001a1df604dfc: ;   {other}
  0x000001a1df604dfc: 0f1f 8400 | 6c6a 009c | bade ffff | ff48 8944 | 2438 6690 

  0x000001a1df604e10: ;   {runtime_call UncommonTrapBlob}
  0x000001a1df604e10: c5f8 77e8 

  0x000001a1df604e14: ; ImmutableOopMap {[32]=Oop [40]=Oop [48]=NarrowOop [56]=Oop }
                      ;*checkcast {reexecute=0 rethrow=0 return_oop=0}
                      ; - java.security.CodeSource::getCertificates@76
                      ; - java.lang.ClassLoader::postDefineClass@24
                      ; - java.lang.ClassLoader::defineClass@37
  0x000001a1df604e14: e8eb 90ff 

  0x000001a1df604e18: ;   {other}
  0x000001a1df604e18: 0f1f 8400 | 886a 009d | baf6 ffff | ff66 6690 

  0x000001a1df604e28: ;   {runtime_call UncommonTrapBlob}
  0x000001a1df604e28: c5f8 77e8 

  0x000001a1df604e2c: ; ImmutableOopMap {}
                      ;*invokevirtual getCodeSource {reexecute=0 rethrow=0 return_oop=0}
                      ; - java.lang.ClassLoader::defineClassSourceLocation@1
                      ; - java.lang.ClassLoader::defineClass@12
  0x000001a1df604e2c: d0eb 90ff 

  0x000001a1df604e30: ;   {other}
  0x000001a1df604e30: 0f1f 8400 | a06a 009e | baf6 ffff | ff66 6690 

  0x000001a1df604e40: ;   {runtime_call UncommonTrapBlob}
  0x000001a1df604e40: c5f8 77e8 

  0x000001a1df604e44: ; ImmutableOopMap {}
                      ;*invokevirtual getPackageName {reexecute=0 rethrow=0 return_oop=0}
                      ; - java.lang.ClassLoader::postDefineClass@2
                      ; - java.lang.ClassLoader::defineClass@37
  0x000001a1df604e44: b8eb 90ff 

  0x000001a1df604e48: ;   {other}
  0x000001a1df604e48: 0f1f 8400 | b86a 009f | baf6 ffff | ff66 6690 

  0x000001a1df604e58: ;   {runtime_call UncommonTrapBlob}
  0x000001a1df604e58: c5f8 77e8 

  0x000001a1df604e5c: ; ImmutableOopMap {}
                      ;*invokevirtual hashCode {reexecute=0 rethrow=0 return_oop=0}
                      ; - java.util.concurrent.ConcurrentHashMap::get@1
                      ; - java.lang.ClassLoader::getNamedPackage@5
                      ; - java.lang.ClassLoader::postDefineClass@9
                      ; - java.lang.ClassLoader::defineClass@37
  0x000001a1df604e5c: a0eb 90ff 

  0x000001a1df604e60: ;   {other}
  0x000001a1df604e60: 0f1f 8400 | d06a 00a0 | baf6 ffff | ff66 6690 

  0x000001a1df604e70: ;   {runtime_call UncommonTrapBlob}
  0x000001a1df604e70: c5f8 77e8 

  0x000001a1df604e74: ; ImmutableOopMap {}
                      ;*arraylength {reexecute=0 rethrow=0 return_oop=0}
                      ; - java.lang.String::isEmpty@4
                      ; - java.lang.ClassLoader::checkName@5
                      ; - java.lang.ClassLoader::preDefineClass@1
                      ; - java.lang.ClassLoader::defineClass@4
  0x000001a1df604e74: 88eb 90ff 

  0x000001a1df604e78: ;   {other}
  0x000001a1df604e78: 0f1f 8400 | e86a 00a1 | baf6 ffff | ff66 6690 

  0x000001a1df604e88: ;   {runtime_call UncommonTrapBlob}
  0x000001a1df604e88: c5f8 77e8 

  0x000001a1df604e8c: ; ImmutableOopMap {}
                      ;*arraylength {reexecute=0 rethrow=0 return_oop=0}
                      ; - java.lang.String::length@4
                      ; - java.lang.String::startsWith@6
                      ; - java.lang.String::startsWith@3
                      ; - java.lang.ClassLoader::preDefineClass@43
                      ; - java.lang.ClassLoader::defineClass@4
  0x000001a1df604e8c: 70eb 90ff 

  0x000001a1df604e90: ;   {other}
  0x000001a1df604e90: 0f1f 8400 | 006b 00a2 | baf6 ffff | ff66 6690 

  0x000001a1df604ea0: ;   {runtime_call UncommonTrapBlob}
  0x000001a1df604ea0: c5f8 77e8 

  0x000001a1df604ea4: ; ImmutableOopMap {}
                      ;*arraylength {reexecute=0 rethrow=0 return_oop=0}
                      ; - java.lang.StringLatin1::charAt@2
                      ; - java.lang.String::charAt@12
                      ; - java.lang.ClassLoader::checkName@25
                      ; - java.lang.ClassLoader::preDefineClass@1
                      ; - java.lang.ClassLoader::defineClass@4
  0x000001a1df604ea4: 58eb 90ff 

  0x000001a1df604ea8: ;   {other}
  0x000001a1df604ea8: 0f1f 8400 | 186b 00a3 | baf6 ffff | ff66 6690 

  0x000001a1df604eb8: ;   {runtime_call UncommonTrapBlob}
  0x000001a1df604eb8: c5f8 77e8 

  0x000001a1df604ebc: ; ImmutableOopMap {}
                      ;*invokevirtual getCodeSource {reexecute=0 rethrow=0 return_oop=0}
                      ; - java.lang.ClassLoader::preDefineClass@110
                      ; - java.lang.ClassLoader::defineClass@4
  0x000001a1df604ebc: 40eb 90ff 

  0x000001a1df604ec0: ;   {other}
  0x000001a1df604ec0: 0f1f 8400 | 306b 00a4 | baf6 ffff | ff66 6690 

  0x000001a1df604ed0: ;   {runtime_call UncommonTrapBlob}
  0x000001a1df604ed0: c5f8 77e8 

  0x000001a1df604ed4: ; ImmutableOopMap {}
                      ;*arraylength {reexecute=0 rethrow=0 return_oop=0}
                      ; - java.lang.String::length@4
                      ; - java.lang.String::lastIndexOf@3
                      ; - java.lang.ClassLoader::checkCerts@3
                      ; - java.lang.ClassLoader::preDefineClass@113
                      ; - java.lang.ClassLoader::defineClass@4
  0x000001a1df604ed4: 28eb 90ff 

  0x000001a1df604ed8: ;   {other}
  0x000001a1df604ed8: 0f1f 8400 | 486b 00a5 | baf6 ffff | ff41 8bee 

  0x000001a1df604ee8: ;   {runtime_call UncommonTrapBlob}
  0x000001a1df604ee8: c5f8 77e8 

  0x000001a1df604eec: ; ImmutableOopMap {rbp=NarrowOop }
                      ;*invokevirtual toExternalForm {reexecute=0 rethrow=0 return_oop=0}
                      ; - java.net.URL::toExternalForm@5
                      ; - java.net.URL::toString@1
                      ; - java.lang.ClassLoader::defineClassSourceLocation@22
                      ; - java.lang.ClassLoader::defineClass@12
  0x000001a1df604eec: 10eb 90ff 

  0x000001a1df604ef0: ;   {other}
  0x000001a1df604ef0: 0f1f 8400 | 606b 00a6 | baf6 ffff | ff66 6690 

  0x000001a1df604f00: ;   {runtime_call UncommonTrapBlob}
  0x000001a1df604f00: c5f8 77e8 

  0x000001a1df604f04: ; ImmutableOopMap {}
                      ;*arraylength {reexecute=0 rethrow=0 return_oop=0}
                      ; - java.lang.AbstractStringBuilder::ensureCapacityInternal@4
                      ; - java.lang.AbstractStringBuilder::append@7
                      ; - java.lang.StringBuilder::append@2
                      ; - java.net.URLStreamHandler::toExternalForm@16
                      ; - java.net.URL::toExternalForm@5
                      ; - java.net.URL::toString@1
                      ; - java.lang.ClassLoader::defineClassSourceLocation@22
                      ; - java.lang.ClassLoader::defineClass@12
  0x000001a1df604f04: f8ea 90ff 

  0x000001a1df604f08: ;   {other}
  0x000001a1df604f08: 0f1f 8400 | 786b 00a7 | baf6 ffff | ff66 6690 

  0x000001a1df604f18: ;   {runtime_call UncommonTrapBlob}
  0x000001a1df604f18: c5f8 77e8 

  0x000001a1df604f1c: ; ImmutableOopMap {}
                      ;*arraylength {reexecute=0 rethrow=0 return_oop=0}
                      ; - java.lang.String::length@4
                      ; - java.lang.AbstractStringBuilder::append@10
                      ; - java.lang.StringBuilder::append@2
                      ; - java.net.URLStreamHandler::toExternalForm@59
                      ; - java.net.URL::toExternalForm@5
                      ; - java.net.URL::toString@1
                      ; - java.lang.ClassLoader::defineClassSourceLocation@22
                      ; - java.lang.ClassLoader::defineClass@12
  0x000001a1df604f1c: e0ea 90ff 

  0x000001a1df604f20: ;   {other}
  0x000001a1df604f20: 0f1f 8400 | 906b 00a8 | baf6 ffff | ff66 6690 

  0x000001a1df604f30: ;   {runtime_call UncommonTrapBlob}
  0x000001a1df604f30: c5f8 77e8 

  0x000001a1df604f34: ; ImmutableOopMap {}
                      ;*arraylength {reexecute=0 rethrow=0 return_oop=0}
                      ; - java.lang.AbstractStringBuilder::ensureCapacityInternal@4
                      ; - java.lang.AbstractStringBuilder::append@21
                      ; - java.lang.StringBuilder::append@2
                      ; - java.net.URLStreamHandler::toExternalForm@59
                      ; - java.net.URL::toExternalForm@5
                      ; - java.net.URL::toString@1
                      ; - java.lang.ClassLoader::defineClassSourceLocation@22
                      ; - java.lang.ClassLoader::defineClass@12
  0x000001a1df604f34: c8ea 90ff 

  0x000001a1df604f38: ;   {other}
  0x000001a1df604f38: 0f1f 8400 | a86b 00a9 | baf6 ffff | ff66 6690 

  0x000001a1df604f48: ;   {runtime_call UncommonTrapBlob}
  0x000001a1df604f48: c5f8 77e8 

  0x000001a1df604f4c: ; ImmutableOopMap {}
                      ;*arraylength {reexecute=0 rethrow=0 return_oop=0}
                      ; - java.lang.String::length@4
                      ; - java.lang.AbstractStringBuilder::append@10
                      ; - java.lang.StringBuilder::append@2
                      ; - java.net.URLStreamHandler::toExternalForm@77
                      ; - java.net.URL::toExternalForm@5
                      ; - java.net.URL::toString@1
                      ; - java.lang.ClassLoader::defineClassSourceLocation@22
                      ; - java.lang.ClassLoader::defineClass@12
  0x000001a1df604f4c: b0ea 90ff 

  0x000001a1df604f50: ;   {other}
  0x000001a1df604f50: 0f1f 8400 | c06b 00aa | baf6 ffff | ff66 6690 

  0x000001a1df604f60: ;   {runtime_call UncommonTrapBlob}
  0x000001a1df604f60: c5f8 77e8 

  0x000001a1df604f64: ; ImmutableOopMap {}
                      ;*arraylength {reexecute=0 rethrow=0 return_oop=0}
                      ; - java.lang.AbstractStringBuilder::ensureCapacityInternal@4
                      ; - java.lang.AbstractStringBuilder::append@21
                      ; - java.lang.StringBuilder::append@2
                      ; - java.net.URLStreamHandler::toExternalForm@77
                      ; - java.net.URL::toExternalForm@5
                      ; - java.net.URL::toString@1
                      ; - java.lang.ClassLoader::defineClassSourceLocation@22
                      ; - java.lang.ClassLoader::defineClass@12
  0x000001a1df604f64: 98ea 90ff 

  0x000001a1df604f68: ;   {other}
  0x000001a1df604f68: 0f1f 8400 | d86b 00ab | baf6 ffff | ff66 6690 

  0x000001a1df604f78: ;   {runtime_call UncommonTrapBlob}
  0x000001a1df604f78: c5f8 77e8 

  0x000001a1df604f7c: ; ImmutableOopMap {}
                      ;*arraylength {reexecute=0 rethrow=0 return_oop=0}
                      ; - java.lang.AbstractStringBuilder::ensureCapacityInternal@4
                      ; - java.lang.AbstractStringBuilder::append@21
                      ; - java.lang.StringBuilder::append@2
                      ; - java.net.URLStreamHandler::toExternalForm@113
                      ; - java.net.URL::toExternalForm@5
                      ; - java.net.URL::toString@1
                      ; - java.lang.ClassLoader::defineClassSourceLocation@22
                      ; - java.lang.ClassLoader::defineClass@12
  0x000001a1df604f7c: 80ea 90ff 

  0x000001a1df604f80: ;   {other}
  0x000001a1df604f80: 0f1f 8400 | f06b 00ac | baf6 ffff | ff66 6690 

  0x000001a1df604f90: ;   {runtime_call UncommonTrapBlob}
  0x000001a1df604f90: c5f8 77e8 

  0x000001a1df604f94: ; ImmutableOopMap {}
                      ;*arraylength {reexecute=0 rethrow=0 return_oop=0}
                      ; - java.lang.AbstractStringBuilder::ensureCapacityInternal@4
                      ; - java.lang.AbstractStringBuilder::append@21
                      ; - java.lang.StringBuilder::append@2
                      ; - java.net.URLStreamHandler::toExternalForm@149
                      ; - java.net.URL::toExternalForm@5
                      ; - java.net.URL::toString@1
                      ; - java.lang.ClassLoader::defineClassSourceLocation@22
                      ; - java.lang.ClassLoader::defineClass@12
  0x000001a1df604f94: 68ea 90ff 

  0x000001a1df604f98: ;   {other}
  0x000001a1df604f98: 0f1f 8400 | 086c 00ad | baf6 ffff | ff66 6690 

  0x000001a1df604fa8: ;   {runtime_call UncommonTrapBlob}
  0x000001a1df604fa8: c5f8 77e8 

  0x000001a1df604fac: ; ImmutableOopMap {}
                      ;*arraylength {reexecute=0 rethrow=0 return_oop=0}
                      ; - java.lang.String::getBytes@21
                      ; - java.lang.AbstractStringBuilder::putStringAt@15
                      ; - java.lang.AbstractStringBuilder::append@30
                      ; - java.lang.StringBuilder::append@2
                      ; - java.net.URLStreamHandler::toExternalForm@59
                      ; - java.net.URL::toExternalForm@5
                      ; - java.net.URL::toString@1
                      ; - java.lang.ClassLoader::defineClassSourceLocation@22
                      ; - java.lang.ClassLoader::defineClass@12
  0x000001a1df604fac: 50ea 90ff 

  0x000001a1df604fb0: ;   {other}
  0x000001a1df604fb0: 0f1f 8400 | 206c 00ae | baf6 ffff | ff89 4c24 | 2044 8944 | 2424 6690 

  0x000001a1df604fc8: ;   {runtime_call UncommonTrapBlob}
  0x000001a1df604fc8: c5f8 77e8 

  0x000001a1df604fcc: ; ImmutableOopMap {[32]=NarrowOop }
                      ;*invokestatic arraycopy {reexecute=0 rethrow=0 return_oop=0}
                      ; - java.lang.String::getBytes@22
                      ; - java.lang.AbstractStringBuilder::putStringAt@15
                      ; - java.lang.AbstractStringBuilder::append@30
                      ; - java.lang.StringBuilder::append@2
                      ; - java.net.URLStreamHandler::toExternalForm@59
                      ; - java.net.URL::toExternalForm@5
                      ; - java.net.URL::toString@1
                      ; - java.lang.ClassLoader::defineClassSourceLocation@22
                      ; - java.lang.ClassLoader::defineClass@12
  0x000001a1df604fcc: 30ea 90ff 

  0x000001a1df604fd0: ;   {other}
  0x000001a1df604fd0: 0f1f 8400 | 406c 00af | baf6 ffff | ff66 6690 

  0x000001a1df604fe0: ;   {runtime_call UncommonTrapBlob}
  0x000001a1df604fe0: c5f8 77e8 

  0x000001a1df604fe4: ; ImmutableOopMap {}
                      ;*arraylength {reexecute=0 rethrow=0 return_oop=0}
                      ; - java.lang.String::getBytes@21
                      ; - java.lang.AbstractStringBuilder::putStringAt@15
                      ; - java.lang.AbstractStringBuilder::append@30
                      ; - java.lang.StringBuilder::append@2
                      ; - java.net.URLStreamHandler::toExternalForm@77
                      ; - java.net.URL::toExternalForm@5
                      ; - java.net.URL::toString@1
                      ; - java.lang.ClassLoader::defineClassSourceLocation@22
                      ; - java.lang.ClassLoader::defineClass@12
  0x000001a1df604fe4: 18ea 90ff 

  0x000001a1df604fe8: ;   {other}
  0x000001a1df604fe8: 0f1f 8400 | 586c 00b0 | baf6 ffff | ff89 4c24 | 2044 895c | 2424 6690 

  0x000001a1df605000: ;   {runtime_call UncommonTrapBlob}
  0x000001a1df605000: c5f8 77e8 

  0x000001a1df605004: ; ImmutableOopMap {[32]=NarrowOop }
                      ;*invokestatic arraycopy {reexecute=0 rethrow=0 return_oop=0}
                      ; - java.lang.String::getBytes@22
                      ; - java.lang.AbstractStringBuilder::putStringAt@15
                      ; - java.lang.AbstractStringBuilder::append@30
                      ; - java.lang.StringBuilder::append@2
                      ; - java.net.URLStreamHandler::toExternalForm@77
                      ; - java.net.URL::toExternalForm@5
                      ; - java.net.URL::toString@1
                      ; - java.lang.ClassLoader::defineClassSourceLocation@22
                      ; - java.lang.ClassLoader::defineClass@12
  0x000001a1df605004: f8e9 90ff 

  0x000001a1df605008: ;   {other}
  0x000001a1df605008: 0f1f 8400 | 786c 00b1 | baf6 ffff | ff66 6690 

  0x000001a1df605018: ;   {runtime_call UncommonTrapBlob}
  0x000001a1df605018: c5f8 77e8 

  0x000001a1df60501c: ; ImmutableOopMap {}
                      ;*arraylength {reexecute=0 rethrow=0 return_oop=0}
                      ; - java.util.Arrays::copyOfRange@6
                      ; - java.lang.String::<init>@32
                      ; - java.lang.String::<init>@3
                      ; - java.lang.StringBuilder::toString@5
                      ; - java.net.URLStreamHandler::toExternalForm@152
                      ; - java.net.URL::toExternalForm@5
                      ; - java.net.URL::toString@1
                      ; - java.lang.ClassLoader::defineClassSourceLocation@22
                      ; - java.lang.ClassLoader::defineClass@12
  0x000001a1df60501c: e0e9 90ff 

  0x000001a1df605020: ;   {other}
  0x000001a1df605020: 0f1f 8400 | 906c 00b2 | baf6 ffff | ff66 6690 

  0x000001a1df605030: ;   {runtime_call UncommonTrapBlob}
  0x000001a1df605030: c5f8 77e8 

  0x000001a1df605034: ; ImmutableOopMap {}
                      ;*arraylength {reexecute=0 rethrow=0 return_oop=0}
                      ; - java.lang.String::length@4
                      ; - java.lang.AbstractStringBuilder::append@10
                      ; - java.lang.StringBuilder::append@2
                      ; - java.net.URLStreamHandler::toExternalForm@11
                      ; - java.net.URL::toExternalForm@5
                      ; - java.net.URL::toString@1
                      ; - java.lang.ClassLoader::defineClassSourceLocation@22
                      ; - java.lang.ClassLoader::defineClass@12
  0x000001a1df605034: c8e9 90ff 

  0x000001a1df605038: ;   {other}
  0x000001a1df605038: 0f1f 8400 | a86c 00b3 | baf6 ffff | ff66 6690 

  0x000001a1df605048: ;   {runtime_call UncommonTrapBlob}
  0x000001a1df605048: c5f8 77e8 

  0x000001a1df60504c: ; ImmutableOopMap {}
                      ;*arraylength {reexecute=0 rethrow=0 return_oop=0}
                      ; - java.lang.String::getBytes@21
                      ; - java.lang.AbstractStringBuilder::putStringAt@15
                      ; - java.lang.AbstractStringBuilder::append@30
                      ; - java.lang.StringBuilder::append@2
                      ; - java.net.URLStreamHandler::toExternalForm@11
                      ; - java.net.URL::toExternalForm@5
                      ; - java.net.URL::toString@1
                      ; - java.lang.ClassLoader::defineClassSourceLocation@22
                      ; - java.lang.ClassLoader::defineClass@12
  0x000001a1df60504c: b0e9 90ff 

  0x000001a1df605050: ;   {other}
  0x000001a1df605050: 0f1f 8400 | c06c 00b4 | baf6 ffff | ff44 894c | 2420 4489 | 5424 2490 

  0x000001a1df605068: ;   {runtime_call UncommonTrapBlob}
  0x000001a1df605068: c5f8 77e8 

  0x000001a1df60506c: ; ImmutableOopMap {[32]=NarrowOop }
                      ;*invokestatic arraycopy {reexecute=0 rethrow=0 return_oop=0}
                      ; - java.lang.String::getBytes@22
                      ; - java.lang.AbstractStringBuilder::putStringAt@15
                      ; - java.lang.AbstractStringBuilder::append@30
                      ; - java.lang.StringBuilder::append@2
                      ; - java.net.URLStreamHandler::toExternalForm@11
                      ; - java.net.URL::toExternalForm@5
                      ; - java.net.URL::toString@1
                      ; - java.lang.ClassLoader::defineClassSourceLocation@22
                      ; - java.lang.ClassLoader::defineClass@12
  0x000001a1df60506c: 90e9 90ff 

  0x000001a1df605070: ;   {other}
  0x000001a1df605070: 0f1f 8400 | e06c 00b5 | baf6 ffff | ff66 6690 

  0x000001a1df605080: ;   {runtime_call UncommonTrapBlob}
  0x000001a1df605080: c5f8 77e8 

  0x000001a1df605084: ; ImmutableOopMap {}
                      ;*bastore {reexecute=0 rethrow=0 return_oop=0}
                      ; - java.lang.AbstractStringBuilder::append@41
                      ; - java.lang.StringBuilder::append@2
                      ; - java.net.URLStreamHandler::toExternalForm@16
                      ; - java.net.URL::toExternalForm@5
                      ; - java.net.URL::toString@1
                      ; - java.lang.ClassLoader::defineClassSourceLocation@22
                      ; - java.lang.ClassLoader::defineClass@12
  0x000001a1df605084: 78e9 90ff 

  0x000001a1df605088: ;   {other}
  0x000001a1df605088: 0f1f 8400 | f86c 00b6 | baf6 ffff | ff66 6690 

  0x000001a1df605098: ;   {runtime_call UncommonTrapBlob}
  0x000001a1df605098: c5f8 77e8 

  0x000001a1df60509c: ; ImmutableOopMap {}
                      ;*arraylength {reexecute=0 rethrow=0 return_oop=0}
                      ; - java.lang.String::isEmpty@4
                      ; - java.net.URLStreamHandler::toExternalForm@29
                      ; - java.net.URL::toExternalForm@5
                      ; - java.net.URL::toString@1
                      ; - java.lang.ClassLoader::defineClassSourceLocation@22
                      ; - java.lang.ClassLoader::defineClass@12
  0x000001a1df60509c: 60e9 90ff 

  0x000001a1df6050a0: ;   {other}
  0x000001a1df6050a0: 0f1f 8400 | 106d 00b7 | ba45 ffff | ff48 8b6c | 2428 4c8b | 5424 404c | 8954 2420 | 4c8b 5424 
  0x000001a1df6050c0: 304c 8954 | 2428 448b | 5424 3844 | 8954 2430 | 448b 4424 | 3c44 8944 | 2434 4489 | 5c24 4490 
  0x000001a1df6050e0: ;   {runtime_call UncommonTrapBlob}
  0x000001a1df6050e0: c5f8 77e8 

  0x000001a1df6050e4: ; ImmutableOopMap {rbp=Oop [32]=Oop [40]=Oop [68]=NarrowOop [72]=Oop }
                      ;*ifnull {reexecute=1 rethrow=0 return_oop=0}
                      ; - (reexecute) java.lang.ClassLoader::defineClassSourceLocation@8
                      ; - java.lang.ClassLoader::defineClass@12
  0x000001a1df6050e4: 18e9 90ff 

  0x000001a1df6050e8: ;   {other}
  0x000001a1df6050e8: 0f1f 8400 | 586d 00b8 | baf6 ffff | ff66 6690 

  0x000001a1df6050f8: ;   {runtime_call UncommonTrapBlob}
  0x000001a1df6050f8: c5f8 77e8 

  0x000001a1df6050fc: ; ImmutableOopMap {}
                      ;*arraylength {reexecute=0 rethrow=0 return_oop=0}
                      ; - java.lang.StringLatin1::hashCode@1
                      ; - java.lang.String::hashCode@27
                      ; - java.util.concurrent.ConcurrentHashMap::get@1
                      ; - java.lang.ClassLoader::getNamedPackage@5
                      ; - java.lang.ClassLoader::postDefineClass@9
                      ; - java.lang.ClassLoader::defineClass@37
  0x000001a1df6050fc: 00e9 90ff 

  0x000001a1df605100: ;   {other}
  0x000001a1df605100: 0f1f 8400 | 706d 00b9 | ba45 ffff | ff48 8b6c | 2428 4c8b | 5424 404c | 8954 2420 | 4c8b 5424 
  0x000001a1df605120: 304c 8954 | 2428 448b | 5c24 3844 | 895c 2430 | 448b 5424 | 3c44 8954 | 2434 4c8b | 5424 484c 
  0x000001a1df605140: 8954 2438 | 4889 7424 | 404c 896c | 2448 4889 | 5c24 5890 

  0x000001a1df605154: ;   {runtime_call UncommonTrapBlob}
  0x000001a1df605154: c5f8 77e8 

  0x000001a1df605158: ; ImmutableOopMap {rbp=Oop [32]=Oop [40]=Oop [56]=Oop [64]=Oop [72]=Oop [80]=NarrowOop [88]=Oop }
                      ;*ifnull {reexecute=1 rethrow=0 return_oop=0}
                      ; - (reexecute) java.lang.ClassLoader::checkCerts@30
                      ; - java.lang.ClassLoader::preDefineClass@113
                      ; - java.lang.ClassLoader::defineClass@4
  0x000001a1df605158: a4e8 90ff 

  0x000001a1df60515c: ;   {other}
  0x000001a1df60515c: 0f1f 8400 | cc6d 00ba | 33ed 4d85 | d240 0f94 | c5ba 45ff | ffff 4c8b | 5424 484c | 8954 2438 
  0x000001a1df60517c: ;   {runtime_call UncommonTrapBlob}
  0x000001a1df60517c: c5f8 77e8 

  0x000001a1df605180: ; ImmutableOopMap {[32]=Oop [40]=Oop [56]=Oop }
                      ;*ifeq {reexecute=1 rethrow=0 return_oop=0}
                      ; - (reexecute) java.lang.Class::getPackageName@29
                      ; - java.lang.ClassLoader::postDefineClass@2
                      ; - java.lang.ClassLoader::defineClass@37
  0x000001a1df605180: 7ce8 90ff 

  0x000001a1df605184: ;   {other}
  0x000001a1df605184: 0f1f 8400 | f46d 00bb | baf6 ffff | ff66 6690 

  0x000001a1df605194: ;   {runtime_call UncommonTrapBlob}
  0x000001a1df605194: c5f8 77e8 

  0x000001a1df605198: ; ImmutableOopMap {}
                      ;*arraylength {reexecute=0 rethrow=0 return_oop=0}
                      ; - java.lang.String::length@4
                      ; - java.lang.String::lastIndexOf@3
                      ; - java.lang.Class::getPackageName@47
                      ; - java.lang.ClassLoader::postDefineClass@2
                      ; - java.lang.ClassLoader::defineClass@37
  0x000001a1df605198: 64e8 90ff 

  0x000001a1df60519c: ;   {other}
  0x000001a1df60519c: 0f1f 8400 | 0c6e 00bc | ba45 ffff | ff4c 8b54 | 2428 4c89 | 5424 204c | 8b54 2440 | 4c89 5424 
  0x000001a1df6051bc: 284c 8b54 | 2448 4c89 | 5424 4044 | 8974 2448 

  0x000001a1df6051cc: ;   {runtime_call UncommonTrapBlob}
  0x000001a1df6051cc: c5f8 77e8 

  0x000001a1df6051d0: ; ImmutableOopMap {rbp=NarrowOop [32]=Oop [40]=Oop [48]=Oop [64]=Oop [72]=NarrowOop [144]=Oop }
                      ;*ifnull {reexecute=1 rethrow=0 return_oop=0}
                      ; - (reexecute) java.net.URLStreamHandler::toExternalForm@68
                      ; - java.net.URL::toExternalForm@5
                      ; - java.net.URL::toString@1
                      ; - java.lang.ClassLoader::defineClassSourceLocation@22
                      ; - java.lang.ClassLoader::defineClass@12
  0x000001a1df6051d0: 2ce8 90ff 

  0x000001a1df6051d4: ;   {other}
  0x000001a1df6051d4: 0f1f 8400 | 446e 00bd | ba45 ffff | ff48 8b6c | 2420 4489 | 5424 2090 

  0x000001a1df6051ec: ;   {runtime_call UncommonTrapBlob}
  0x000001a1df6051ec: c5f8 77e8 

  0x000001a1df6051f0: ; ImmutableOopMap {rbp=Oop [32]=NarrowOop }
                      ;*ifnull {reexecute=1 rethrow=0 return_oop=0}
                      ; - (reexecute) java.lang.ClassLoader::postDefineClass@17
                      ; - java.lang.ClassLoader::defineClass@37
  0x000001a1df6051f0: 0ce8 90ff 

  0x000001a1df6051f4: ;   {other}
  0x000001a1df6051f4: 0f1f 8400 | 646e 00be | 488b 6c24 | 284c 8b44 | 2440 4c89 | 4424 284c | 8b44 2448 | 4c89 4424 
  0x000001a1df605214: 404c 8974 | 2458 4489 | 5424 6044 | 894c 2464 | 8954 2468 | 4c89 6c24 | 7044 895c | 2478 ba76 
  0x000001a1df605234: ffff ff90 

  0x000001a1df605238: ;   {runtime_call UncommonTrapBlob}
  0x000001a1df605238: c5f8 77e8 

  0x000001a1df60523c: ; ImmutableOopMap {rbp=Oop [32]=Oop [40]=Oop [48]=Oop [64]=Oop [88]=Oop [104]=NarrowOop [112]=Oop }
                      ;*if_icmpge {reexecute=1 rethrow=0 return_oop=0}
                      ; - (reexecute) java.lang.ClassLoader::compareCerts@67
                      ; - java.lang.ClassLoader::checkCerts@80
                      ; - java.lang.ClassLoader::preDefineClass@113
                      ; - java.lang.ClassLoader::defineClass@4
  0x000001a1df60523c: c0e7 90ff 

  0x000001a1df605240: ;   {other}
  0x000001a1df605240: 0f1f 8400 | b06e 00bf | 488b 6c24 | 284c 8b44 | 2440 4c89 | 4424 284c | 8b44 2448 | 4c89 4424 
  0x000001a1df605260: 404c 896c | 2450 4489 | 5c24 5844 | 894c 245c | 8954 2460 | 4c89 7424 | 6844 8954 | 2470 ba76 
  0x000001a1df605280: ffff ff90 

  0x000001a1df605284: ;   {runtime_call UncommonTrapBlob}
  0x000001a1df605284: c5f8 77e8 

  0x000001a1df605288: ; ImmutableOopMap {rbp=Oop [32]=Oop [40]=Oop [48]=Oop [64]=Oop [80]=Oop [96]=NarrowOop [104]=Oop }
                      ;*if_icmpge {reexecute=1 rethrow=0 return_oop=0}
                      ; - (reexecute) java.lang.ClassLoader::compareCerts@152
                      ; - java.lang.ClassLoader::checkCerts@80
                      ; - java.lang.ClassLoader::preDefineClass@113
                      ; - java.lang.ClassLoader::defineClass@4
  0x000001a1df605288: 74e7 90ff 

  0x000001a1df60528c: ;   {other}
  0x000001a1df60528c: 0f1f 8400 | fc6e 00c0 | 4533 c048 | 8b6c 2428 | 488b 4c24 | 4048 894c | 2428 488b | 4c24 4848 
  0x000001a1df6052ac: 894c 2440 | 4c89 7424 | 5844 8954 | 2460 4489 | 4c24 644c | 896c 2470 | 4489 5c24 | 6c44 8944 
  0x000001a1df6052cc: 2478 8954 | 247c baf4 | ffff ff90 

  0x000001a1df6052d8: ;   {runtime_call UncommonTrapBlob}
  0x000001a1df6052d8: c5f8 77e8 

  0x000001a1df6052dc: ; ImmutableOopMap {rbp=Oop [32]=Oop [40]=Oop [48]=Oop [64]=Oop [88]=Oop [112]=Oop [124]=NarrowOop }
                      ;*instanceof {reexecute=0 rethrow=0 return_oop=0}
                      ; - java.security.cert.Certificate::equals@8
                      ; - java.lang.ClassLoader::compareCerts@81
                      ; - java.lang.ClassLoader::checkCerts@80
                      ; - java.lang.ClassLoader::preDefineClass@113
                      ; - java.lang.ClassLoader::defineClass@4
  0x000001a1df6052dc: 20e7 90ff 

  0x000001a1df6052e0: ;   {other}
  0x000001a1df6052e0: 0f1f 8400 | 506f 00c1 | 4533 c048 | 8b6c 2428 | 488b 4c24 | 4048 894c | 2428 488b | 4c24 4848 
  0x000001a1df605300: 894c 2440 | 4c89 6c24 | 5044 895c | 2458 4489 | 4c24 5c4c | 8974 2468 | 4489 5424 | 6444 8944 
  0x000001a1df605320: 2470 8954 | 2474 baf4 | ffff ff90 

  0x000001a1df60532c: ;   {runtime_call UncommonTrapBlob}
  0x000001a1df60532c: c5f8 77e8 

  0x000001a1df605330: ; ImmutableOopMap {rbp=Oop [32]=Oop [40]=Oop [48]=Oop [64]=Oop [80]=Oop [104]=Oop [116]=NarrowOop }
                      ;*instanceof {reexecute=0 rethrow=0 return_oop=0}
                      ; - java.security.cert.Certificate::equals@8
                      ; - java.lang.ClassLoader::compareCerts@166
                      ; - java.lang.ClassLoader::checkCerts@80
                      ; - java.lang.ClassLoader::preDefineClass@113
                      ; - java.lang.ClassLoader::defineClass@4
  0x000001a1df605330: cce6 90ff 

  0x000001a1df605334: ;   {other}
  0x000001a1df605334: 0f1f 8400 | a46f 00c2 | baf6 ffff | ff41 8beb 

  0x000001a1df605344: ;   {runtime_call UncommonTrapBlob}
  0x000001a1df605344: c5f8 77e8 

  0x000001a1df605348: ; ImmutableOopMap {}
                      ;*aaload {reexecute=0 rethrow=0 return_oop=0}
                      ; - java.security.CodeSource::getCertificates@50
                      ; - java.lang.ClassLoader::checkCerts@34
                      ; - java.lang.ClassLoader::preDefineClass@113
                      ; - java.lang.ClassLoader::defineClass@4
  0x000001a1df605348: b4e6 90ff 

  0x000001a1df60534c: ;   {other}
  0x000001a1df60534c: 0f1f 8400 | bc6f 00c3 | baf6 ffff | ff66 6690 

  0x000001a1df60535c: ;   {runtime_call UncommonTrapBlob}
  0x000001a1df60535c: c5f8 77e8 

  0x000001a1df605360: ; ImmutableOopMap {}
                      ;*invokevirtual getSignerCertPath {reexecute=0 rethrow=0 return_oop=0}
                      ; - java.security.CodeSource::getCertificates@51
                      ; - java.lang.ClassLoader::checkCerts@34
                      ; - java.lang.ClassLoader::preDefineClass@113
                      ; - java.lang.ClassLoader::defineClass@4
  0x000001a1df605360: 9ce6 90ff 

  0x000001a1df605364: ;   {other}
  0x000001a1df605364: 0f1f 8400 | d46f 00c4 | baf6 ffff | ff66 6690 

  0x000001a1df605374: ;   {runtime_call UncommonTrapBlob}
  0x000001a1df605374: c5f8 77e8 

  0x000001a1df605378: ; ImmutableOopMap {}
                      ;*invokevirtual getCertificates {reexecute=0 rethrow=0 return_oop=0}
                      ; - java.security.CodeSource::getCertificates@54
                      ; - java.lang.ClassLoader::checkCerts@34
                      ; - java.lang.ClassLoader::preDefineClass@113
                      ; - java.lang.ClassLoader::defineClass@4
  0x000001a1df605378: 84e6 90ff 

  0x000001a1df60537c: ;   {other}
  0x000001a1df60537c: 0f1f 8400 | ec6f 00c5 | baf6 ffff | ff66 6690 

  0x000001a1df60538c: ;   {runtime_call UncommonTrapBlob}
  0x000001a1df60538c: c5f8 77e8 

  0x000001a1df605390: ; ImmutableOopMap {}
                      ;*arraylength {reexecute=0 rethrow=0 return_oop=0}
                      ; - java.security.CodeSource::getCertificates@40
                      ; - java.lang.ClassLoader::checkCerts@34
                      ; - java.lang.ClassLoader::preDefineClass@113
                      ; - java.lang.ClassLoader::defineClass@4
  0x000001a1df605390: 6ce6 90ff 

  0x000001a1df605394: ;   {other}
  0x000001a1df605394: 0f1f 8400 | 0470 00c6 | baf6 ffff | ff41 8be8 

  0x000001a1df6053a4: ;   {runtime_call UncommonTrapBlob}
  0x000001a1df6053a4: c5f8 77e8 

  0x000001a1df6053a8: ; ImmutableOopMap {}
                      ;*aaload {reexecute=0 rethrow=0 return_oop=0}
                      ; - java.security.CodeSource::getCertificates@50
                      ; - java.lang.ClassLoader::postDefineClass@24
                      ; - java.lang.ClassLoader::defineClass@37
  0x000001a1df6053a8: 54e6 90ff 

  0x000001a1df6053ac: ;   {other}
  0x000001a1df6053ac: 0f1f 8400 | 1c70 00c7 | baf6 ffff | ff66 6690 

  0x000001a1df6053bc: ;   {runtime_call UncommonTrapBlob}
  0x000001a1df6053bc: c5f8 77e8 

  0x000001a1df6053c0: ; ImmutableOopMap {}
                      ;*invokevirtual getSignerCertPath {reexecute=0 rethrow=0 return_oop=0}
                      ; - java.security.CodeSource::getCertificates@51
                      ; - java.lang.ClassLoader::postDefineClass@24
                      ; - java.lang.ClassLoader::defineClass@37
  0x000001a1df6053c0: 3ce6 90ff 

  0x000001a1df6053c4: ;   {other}
  0x000001a1df6053c4: 0f1f 8400 | 3470 00c8 | baf6 ffff | ff66 6690 

  0x000001a1df6053d4: ;   {runtime_call UncommonTrapBlob}
  0x000001a1df6053d4: c5f8 77e8 

  0x000001a1df6053d8: ; ImmutableOopMap {}
                      ;*invokevirtual getCertificates {reexecute=0 rethrow=0 return_oop=0}
                      ; - java.security.CodeSource::getCertificates@54
                      ; - java.lang.ClassLoader::postDefineClass@24
                      ; - java.lang.ClassLoader::defineClass@37
  0x000001a1df6053d8: 24e6 90ff 

  0x000001a1df6053dc: ;   {other}
  0x000001a1df6053dc: 0f1f 8400 | 4c70 00c9 | baf6 ffff | ff66 6690 

  0x000001a1df6053ec: ;   {runtime_call UncommonTrapBlob}
  0x000001a1df6053ec: c5f8 77e8 

  0x000001a1df6053f0: ; ImmutableOopMap {}
                      ;*arraylength {reexecute=0 rethrow=0 return_oop=0}
                      ; - java.security.CodeSource::getCertificates@40
                      ; - java.lang.ClassLoader::postDefineClass@24
                      ; - java.lang.ClassLoader::defineClass@37
  0x000001a1df6053f0: 0ce6 90ff 

  0x000001a1df6053f4: ;   {other}
  0x000001a1df6053f4: 0f1f 8400 | 6470 00ca | ba97 ffff | ff48 8b6c | 2428 4c8b | 5424 304c | 8954 2428 | 448b 5c24 
  0x000001a1df605414: 3844 895c | 2430 448b | 5424 3c44 | 8954 2434 | 4c8b 5424 | 584c 8954 | 2438 4c8b | 5424 484c 
  0x000001a1df605434: 8954 2440 | 4c8b 5424 | 504c 8954 | 2448 448b | 5424 6044 | 8954 2450 

  0x000001a1df60544c: ;   {runtime_call UncommonTrapBlob}
  0x000001a1df60544c: c5f8 77e8 

  0x000001a1df605450: ; ImmutableOopMap {rbp=Oop [32]=Oop [40]=Oop [56]=Oop [64]=Oop [72]=Oop [80]=NarrowOop [100]=NarrowOop [104]=Oop }
                      ;*invokevirtual clone {reexecute=1 rethrow=0 return_oop=0}
                      ; - (reexecute) java.util.Arrays::copyOfRange@18
                      ; - java.lang.StringLatin1::newString@16
                      ; - java.lang.String::substring@41
                      ; - java.lang.ClassLoader::checkCerts@21
                      ; - java.lang.ClassLoader::preDefineClass@113
                      ; - java.lang.ClassLoader::defineClass@4
  0x000001a1df605450: ace5 90ff 

  0x000001a1df605454: ;   {other}
  0x000001a1df605454: 0f1f 8400 | c470 00cb | ba97 ffff | ff4c 8b54 | 2430 4c89 | 5424 2844 | 8b54 2438 | 4489 5424 
  0x000001a1df605474: 3044 8b5c | 243c 4489 | 5c24 344c | 8b54 2448 | 4c89 5424 | 384c 8b54 | 2450 4c89 | 5424 4890 
  0x000001a1df605494: ;   {runtime_call UncommonTrapBlob}
  0x000001a1df605494: c5f8 77e8 

  0x000001a1df605498: ; ImmutableOopMap {rbp=Oop [32]=Oop [40]=Oop [56]=Oop [72]=Oop [88]=NarrowOop }
                      ;*invokevirtual clone {reexecute=1 rethrow=0 return_oop=0}
                      ; - (reexecute) java.util.Arrays::copyOfRange@18
                      ; - java.lang.String::<init>@32
                      ; - java.lang.String::<init>@3
                      ; - java.lang.StringBuilder::toString@5
                      ; - java.net.URLStreamHandler::toExternalForm@152
                      ; - java.net.URL::toExternalForm@5
                      ; - java.net.URL::toString@1
                      ; - java.lang.ClassLoader::defineClassSourceLocation@22
                      ; - java.lang.ClassLoader::defineClass@12
  0x000001a1df605498: 64e5 90ff 

  0x000001a1df60549c: ;   {other}
  0x000001a1df60549c: 0f1f 8400 | 0c71 00cc | ba97 ffff | ff66 6690 

  0x000001a1df6054ac: ;   {runtime_call UncommonTrapBlob}
  0x000001a1df6054ac: c5f8 77e8 

  0x000001a1df6054b0: ; ImmutableOopMap {rbp=Oop [32]=Oop [48]=Oop [56]=NarrowOop [64]=Oop }
                      ;*invokevirtual clone {reexecute=1 rethrow=0 return_oop=0}
                      ; - (reexecute) java.util.Arrays::copyOfRange@18
                      ; - java.lang.StringLatin1::newString@16
                      ; - java.lang.String::substring@41
                      ; - java.lang.Class::getPackageName@62
                      ; - java.lang.ClassLoader::postDefineClass@2
                      ; - java.lang.ClassLoader::defineClass@37
  0x000001a1df6054b0: 4ce5 90ff 

  0x000001a1df6054b4: ;   {other}
  0x000001a1df6054b4: 0f1f 8400 | 2471 00cd | baf6 ffff | ff66 6690 

  0x000001a1df6054c4: ;   {runtime_call UncommonTrapBlob}
  0x000001a1df6054c4: c5f8 77e8 

  0x000001a1df6054c8: ; ImmutableOopMap {}
                      ;*arraylength {reexecute=0 rethrow=0 return_oop=0}
                      ; - java.lang.String::getBytes@39
                      ; - java.lang.AbstractStringBuilder::putStringAt@15
                      ; - java.lang.AbstractStringBuilder::append@30
                      ; - java.lang.StringBuilder::append@2
                      ; - java.net.URLStreamHandler::toExternalForm@59
                      ; - java.net.URL::toExternalForm@5
                      ; - java.net.URL::toString@1
                      ; - java.lang.ClassLoader::defineClassSourceLocation@22
                      ; - java.lang.ClassLoader::defineClass@12
  0x000001a1df6054c8: 34e5 90ff 

  0x000001a1df6054cc: ;   {other}
  0x000001a1df6054cc: 0f1f 8400 | 3c71 00ce | baf6 ffff | ff66 6690 

  0x000001a1df6054dc: ;   {runtime_call UncommonTrapBlob}
  0x000001a1df6054dc: c5f8 77e8 

  0x000001a1df6054e0: ; ImmutableOopMap {}
                      ;*arraylength {reexecute=0 rethrow=0 return_oop=0}
                      ; - java.lang.String::getBytes@39
                      ; - java.lang.AbstractStringBuilder::putStringAt@15
                      ; - java.lang.AbstractStringBuilder::append@30
                      ; - java.lang.StringBuilder::append@2
                      ; - java.net.URLStreamHandler::toExternalForm@77
                      ; - java.net.URL::toExternalForm@5
                      ; - java.net.URL::toString@1
                      ; - java.lang.ClassLoader::defineClassSourceLocation@22
                      ; - java.lang.ClassLoader::defineClass@12
  0x000001a1df6054e0: 1ce5 90ff 

  0x000001a1df6054e4: ;   {other}
  0x000001a1df6054e4: 0f1f 8400 | 5471 00cf | baf6 ffff | ff66 6690 

  0x000001a1df6054f4: ;   {runtime_call UncommonTrapBlob}
  0x000001a1df6054f4: c5f8 77e8 

  0x000001a1df6054f8: ; ImmutableOopMap {}
                      ;*arraylength {reexecute=0 rethrow=0 return_oop=0}
                      ; - java.lang.String::getBytes@39
                      ; - java.lang.AbstractStringBuilder::putStringAt@15
                      ; - java.lang.AbstractStringBuilder::append@30
                      ; - java.lang.StringBuilder::append@2
                      ; - java.net.URLStreamHandler::toExternalForm@11
                      ; - java.net.URL::toExternalForm@5
                      ; - java.net.URL::toString@1
                      ; - java.lang.ClassLoader::defineClassSourceLocation@22
                      ; - java.lang.ClassLoader::defineClass@12
  0x000001a1df6054f8: 04e5 90ff 

  0x000001a1df6054fc: ;   {other}
  0x000001a1df6054fc: 0f1f 8400 | 6c71 00d0 | ba97 ffff | ff48 8b6c | 2428 4c8b | 5424 304c | 8954 2428 | 448b 5424 
  0x000001a1df60551c: 3844 8954 | 2430 448b | 5c24 3c44 | 895c 2434 | 4c8b 5424 | 584c 8954 | 2438 4c8b | 5424 484c 
  0x000001a1df60553c: 8954 2440 | 4c8b 5424 | 504c 8954 | 2448 6690 

  0x000001a1df60554c: ;   {runtime_call UncommonTrapBlob}
  0x000001a1df60554c: c5f8 77e8 

  0x000001a1df605550: ; ImmutableOopMap {rbp=Oop [32]=Oop [40]=Oop [56]=Oop [64]=Oop [72]=Oop [96]=Oop [104]=NarrowOop }
                      ;*invokevirtual clone {reexecute=1 rethrow=0 return_oop=0}
                      ; - (reexecute) java.security.CodeSource::getCertificates@11
                      ; - java.lang.ClassLoader::checkCerts@34
                      ; - java.lang.ClassLoader::preDefineClass@113
                      ; - java.lang.ClassLoader::defineClass@4
  0x000001a1df605550: ace4 90ff 

  0x000001a1df605554: ;   {other}
  0x000001a1df605554: 0f1f 8400 | c471 00d1 | baf4 ffff | ff4c 8b54 | 2430 4c89 | 5424 2844 | 8b5c 2438 | 4489 5c24 
  0x000001a1df605574: 3044 8b54 | 243c 4489 | 5424 344c | 8b54 2448 | 4c89 5424 | 384c 8b54 | 2458 4c89 | 5424 4090 
  0x000001a1df605594: ;   {runtime_call UncommonTrapBlob}
  0x000001a1df605594: c5f8 77e8 

  0x000001a1df605598: ; ImmutableOopMap {rbp=Oop [32]=Oop [40]=Oop [56]=Oop [64]=Oop [80]=NarrowOop [96]=Oop [104]=Oop }
                      ;*checkcast {reexecute=0 rethrow=0 return_oop=0}
                      ; - java.security.CodeSource::getCertificates@76
                      ; - java.lang.ClassLoader::checkCerts@34
                      ; - java.lang.ClassLoader::preDefineClass@113
                      ; - java.lang.ClassLoader::defineClass@4
  0x000001a1df605598: 64e4 90ff 

  0x000001a1df60559c: ;   {other}
  0x000001a1df60559c: 0f1f 8400 | 0c72 00d2 | ba97 ffff | ff48 8b6c | 2430 6690 

  0x000001a1df6055b0: ;   {runtime_call UncommonTrapBlob}
  0x000001a1df6055b0: c5f8 77e8 

  0x000001a1df6055b4: ; ImmutableOopMap {rbp=Oop [32]=Oop [56]=NarrowOop }
                      ;*invokevirtual clone {reexecute=1 rethrow=0 return_oop=0}
                      ; - (reexecute) java.security.CodeSource::getCertificates@11
                      ; - java.lang.ClassLoader::postDefineClass@24
                      ; - java.lang.ClassLoader::defineClass@37
  0x000001a1df6055b4: 48e4 90ff 

  0x000001a1df6055b8: ;   {other}
  0x000001a1df6055b8: 0f1f 8400 | 2872 00d3 | baf4 ffff | ff66 6690 

  0x000001a1df6055c8: ;   {runtime_call UncommonTrapBlob}
  0x000001a1df6055c8: c5f8 77e8 

  0x000001a1df6055cc: ; ImmutableOopMap {[32]=Oop [40]=Oop [48]=NarrowOop }
                      ;*checkcast {reexecute=0 rethrow=0 return_oop=0}
                      ; - java.security.CodeSource::getCertificates@76
                      ; - java.lang.ClassLoader::postDefineClass@24
                      ; - java.lang.ClassLoader::defineClass@37
  0x000001a1df6055cc: 30e4 90ff 

  0x000001a1df6055d0: ;   {other}
  0x000001a1df6055d0: 0f1f 8400 | 4072 00d4 | ba97 ffff | ff44 8b54 | 2450 4489 | 5424 4490 

  0x000001a1df6055e8: ;   {runtime_call UncommonTrapBlob}
  0x000001a1df6055e8: c5f8 77e8 

  0x000001a1df6055ec: ; ImmutableOopMap {rbp=Oop [32]=Oop [40]=Oop [48]=Oop [64]=NarrowOop [68]=NarrowOop [72]=Oop }
                      ;*invokevirtual clone {reexecute=1 rethrow=0 return_oop=0}
                      ; - (reexecute) java.util.Arrays::copyOf@7
                      ; - java.lang.AbstractStringBuilder::ensureCapacityInternal@32
                      ; - java.lang.AbstractStringBuilder::append@7
                      ; - java.lang.StringBuilder::append@2
                      ; - java.net.URLStreamHandler::toExternalForm@16
                      ; - java.net.URL::toExternalForm@5
                      ; - java.net.URL::toString@1
                      ; - java.lang.ClassLoader::defineClassSourceLocation@22
                      ; - java.lang.ClassLoader::defineClass@12
  0x000001a1df6055ec: 10e4 90ff 

  0x000001a1df6055f0: ;   {other}
  0x000001a1df6055f0: 0f1f 8400 | 6072 00d5 | ba97 ffff | ff44 8b5c | 2450 4489 | 5c24 444c | 8b54 2460 | 4c89 5424 
  0x000001a1df605610: 5844 8b5c | 246c 4489 | 5c24 6090 

  0x000001a1df60561c: ;   {runtime_call UncommonTrapBlob}
  0x000001a1df60561c: c5f8 77e8 

  0x000001a1df605620: ; ImmutableOopMap {rbp=Oop [32]=Oop [40]=Oop [48]=Oop [64]=NarrowOop [68]=NarrowOop [72]=Oop [88]=Oop }
                      ;*invokevirtual clone {reexecute=1 rethrow=0 return_oop=0}
                      ; - (reexecute) java.util.Arrays::copyOf@7
                      ; - java.lang.AbstractStringBuilder::ensureCapacityInternal@32
                      ; - java.lang.AbstractStringBuilder::append@21
                      ; - java.lang.StringBuilder::append@2
                      ; - java.net.URLStreamHandler::toExternalForm@59
                      ; - java.net.URL::toExternalForm@5
                      ; - java.net.URL::toString@1
                      ; - java.lang.ClassLoader::defineClassSourceLocation@22
                      ; - java.lang.ClassLoader::defineClass@12
  0x000001a1df605620: dce3 90ff 

  0x000001a1df605624: ;   {other}
  0x000001a1df605624: 0f1f 8400 | 9472 00d6 | ba97 ffff | ff44 8b5c | 2450 4489 | 5c24 4444 | 8b5c 2454 | 4489 5c24 
  0x000001a1df605644: 5066 6690 

  0x000001a1df605648: ;   {runtime_call UncommonTrapBlob}
  0x000001a1df605648: c5f8 77e8 

  0x000001a1df60564c: ; ImmutableOopMap {rbp=Oop [32]=Oop [40]=Oop [48]=Oop [64]=NarrowOop [68]=NarrowOop [72]=Oop [80]=NarrowOop }
                      ;*invokevirtual clone {reexecute=1 rethrow=0 return_oop=0}
                      ; - (reexecute) java.util.Arrays::copyOf@7
                      ; - java.lang.AbstractStringBuilder::ensureCapacityInternal@32
                      ; - java.lang.AbstractStringBuilder::append@21
                      ; - java.lang.StringBuilder::append@2
                      ; - java.net.URLStreamHandler::toExternalForm@77
                      ; - java.net.URL::toExternalForm@5
                      ; - java.net.URL::toString@1
                      ; - java.lang.ClassLoader::defineClassSourceLocation@22
                      ; - java.lang.ClassLoader::defineClass@12
  0x000001a1df60564c: b0e3 90ff 

  0x000001a1df605650: ;   {other}
  0x000001a1df605650: 0f1f 8400 | c072 00d7 | ba97 ffff | ff44 8b5c | 2450 4489 | 5c24 4490 

  0x000001a1df605668: ;   {runtime_call UncommonTrapBlob}
  0x000001a1df605668: c5f8 77e8 

  0x000001a1df60566c: ; ImmutableOopMap {[32]=Oop [40]=Oop [48]=Oop [64]=NarrowOop [68]=NarrowOop [72]=Oop [144]=Oop }
                      ;*invokevirtual clone {reexecute=1 rethrow=0 return_oop=0}
                      ; - (reexecute) java.util.Arrays::copyOf@7
                      ; - java.lang.AbstractStringBuilder::ensureCapacityInternal@32
                      ; - java.lang.AbstractStringBuilder::append@21
                      ; - java.lang.StringBuilder::append@2
                      ; - java.net.URLStreamHandler::toExternalForm@113
                      ; - java.net.URL::toExternalForm@5
                      ; - java.net.URL::toString@1
                      ; - java.lang.ClassLoader::defineClassSourceLocation@22
                      ; - java.lang.ClassLoader::defineClass@12
  0x000001a1df60566c: 90e3 90ff 

  0x000001a1df605670: ;   {other}
  0x000001a1df605670: 0f1f 8400 | e072 00d8 | ba97 ffff | ff48 8b6c | 2428 4c8b | 5424 304c | 8954 2428 | 448b 5424 
  0x000001a1df605690: 3844 8954 | 2430 448b | 5424 3c44 | 8954 2434 | 4c8b 5424 | 484c 8954 | 2438 6690 

  0x000001a1df6056ac: ;   {runtime_call UncommonTrapBlob}
  0x000001a1df6056ac: c5f8 77e8 

  0x000001a1df6056b0: ; ImmutableOopMap {rbp=Oop [32]=Oop [40]=Oop [56]=Oop [80]=NarrowOop [144]=Oop }
                      ;*invokevirtual clone {reexecute=1 rethrow=0 return_oop=0}
                      ; - (reexecute) java.util.Arrays::copyOf@7
                      ; - java.lang.AbstractStringBuilder::ensureCapacityInternal@32
                      ; - java.lang.AbstractStringBuilder::append@21
                      ; - java.lang.StringBuilder::append@2
                      ; - java.net.URLStreamHandler::toExternalForm@149
                      ; - java.net.URL::toExternalForm@5
                      ; - java.net.URL::toString@1
                      ; - java.lang.ClassLoader::defineClassSourceLocation@22
                      ; - java.lang.ClassLoader::defineClass@12
  0x000001a1df6056b0: 4ce3 90ff 

  0x000001a1df6056b4: ;   {other}
  0x000001a1df6056b4: 0f1f 8400 | 2473 00d9 | ba97 ffff | ff4c 8b54 | 2448 4c89 | 5424 4044 | 8b54 2450 | 4489 5424 
  0x000001a1df6056d4: 4844 8b54 | 2468 4489 | 5424 5090 

  0x000001a1df6056e0: ;   {runtime_call UncommonTrapBlob}
  0x000001a1df6056e0: c5f8 77e8 

  0x000001a1df6056e4: ; ImmutableOopMap {rbp=Oop [32]=Oop [40]=Oop [48]=Oop [64]=Oop [72]=NarrowOop [84]=NarrowOop [96]=Oop }
                      ;*invokevirtual clone {reexecute=1 rethrow=0 return_oop=0}
                      ; - (reexecute) java.util.Arrays::copyOf@7
                      ; - java.lang.AbstractStringBuilder::ensureCapacityInternal@32
                      ; - java.lang.AbstractStringBuilder::append@21
                      ; - java.lang.StringBuilder::append@2
                      ; - java.net.URLStreamHandler::toExternalForm@11
                      ; - java.net.URL::toExternalForm@5
                      ; - java.net.URL::toString@1
                      ; - java.lang.ClassLoader::defineClassSourceLocation@22
                      ; - java.lang.ClassLoader::defineClass@12
  0x000001a1df6056e4: 18e3 90ff 

  0x000001a1df6056e8: ;   {other}
  0x000001a1df6056e8: 0f1f 8400 | 5873 00da | ba97 ffff | ff4c 8b54 | 2448 4c89 | 5424 404c | 8b54 2458 | 4c89 5424 
  0x000001a1df605708: 4866 6690 

  0x000001a1df60570c: ;   {runtime_call UncommonTrapBlob}
  0x000001a1df60570c: c5f8 77e8 

  0x000001a1df605710: ; ImmutableOopMap {rbp=Oop [32]=Oop [40]=Oop [48]=Oop [64]=Oop [72]=Oop [96]=Oop [104]=Oop }
                      ;*invokevirtual clone {reexecute=1 rethrow=0 return_oop=0}
                      ; - (reexecute) java.security.CodeSource::getCertificates@86
                      ; - java.lang.ClassLoader::checkCerts@34
                      ; - java.lang.ClassLoader::preDefineClass@113
                      ; - java.lang.ClassLoader::defineClass@4
  0x000001a1df605710: ece2 90ff 

  0x000001a1df605714: ;   {other}
  0x000001a1df605714: 0f1f 8400 | 8473 00db | ba97 ffff | ff66 6690 

  0x000001a1df605724: ;   {runtime_call UncommonTrapBlob}
  0x000001a1df605724: c5f8 77e8 

  0x000001a1df605728: ; ImmutableOopMap {[32]=Oop [40]=Oop [64]=Oop }
                      ;*invokevirtual clone {reexecute=1 rethrow=0 return_oop=0}
                      ; - (reexecute) java.security.CodeSource::getCertificates@86
                      ; - java.lang.ClassLoader::postDefineClass@24
                      ; - java.lang.ClassLoader::defineClass@37
  0x000001a1df605728: d4e2 90ff 

  0x000001a1df60572c: ;   {other}
  0x000001a1df60572c: 0f1f 8400 | 9c73 00dc | eb7e eb7c | eb7a eb78 | eb76 eb74 | eb72 eb70 | eb6e eb6c | eb6a eb68 
  0x000001a1df60574c: eb66 eb64 | eb62 eb60 | eb5e eb5c | eb5a eb58 | eb56 eb54 | eb52 eb50 | eb4e eb4c | eb4a eb48 
  0x000001a1df60576c: eb46 eb44 | eb42 eb40 | eb3e eb3c | eb3a eb38 | eb36 eb34 | eb32 eb30 | eb2e eb2c | eb2a eb28 
  0x000001a1df60578c: eb26 eb24 | eb22 eb20 | eb1e eb1c | eb1a eb18 | eb16 eb14 | eb12 eb10 | eb0e eb0c | eb0a eb08 
  0x000001a1df6057ac: eb06 eb04 | eb02 eb00 | 488b d0e9 | 75a8 ffff 

  0x000001a1df6057bc: ;   {internal_word}
  0x000001a1df6057bc: 49ba 0201 | 60df a101 | 0000 4d89 | 9760 0400 

  0x000001a1df6057cc: ;   {runtime_call SafepointBlob}
  0x000001a1df6057cc: 00e9 2ef3 

  0x000001a1df6057d0: ;   {runtime_call StubRoutines (final stubs)}
  0x000001a1df6057d0: 90ff e809 | 328f ffe9 | 0294 ffff | f4f4 f4f4 
[Stub Code]
  0x000001a1df6057e0: ;   {no_reloc}
  0x000001a1df6057e0: 48bb 0000 | 0000 0000 

  0x000001a1df6057e8: ;   {runtime_call nmethod}
  0x000001a1df6057e8: 0000 e9fb 

  0x000001a1df6057ec: ;   {static_stub}
  0x000001a1df6057ec: ffff ff48 | bb00 0000 | 0000 0000 

  0x000001a1df6057f8: ;   {runtime_call nmethod}
  0x000001a1df6057f8: 00e9 fbff 

  0x000001a1df6057fc: ;   {static_stub}
  0x000001a1df6057fc: ffff 48bb | 0000 0000 | 0000 0000 

  0x000001a1df605808: ;   {runtime_call nmethod}
  0x000001a1df605808: e9fb ffff 

  0x000001a1df60580c: ;   {static_stub}
  0x000001a1df60580c: ff48 bb00 | 0000 0000 

  0x000001a1df605814: ;   {runtime_call nmethod}
  0x000001a1df605814: 0000 00e9 | fbff ffff 

  0x000001a1df60581c: ;   {static_stub}
  0x000001a1df60581c: 48bb 0000 | 0000 0000 

  0x000001a1df605824: ;   {runtime_call nmethod}
  0x000001a1df605824: 0000 e9fb 

  0x000001a1df605828: ;   {static_stub}
  0x000001a1df605828: ffff ff48 | bb00 0000 | 0000 0000 

  0x000001a1df605834: ;   {runtime_call nmethod}
  0x000001a1df605834: 00e9 fbff 

  0x000001a1df605838: ;   {static_stub}
  0x000001a1df605838: ffff 48bb | 0000 0000 | 0000 0000 

  0x000001a1df605844: ;   {runtime_call nmethod}
  0x000001a1df605844: e9fb ffff 

  0x000001a1df605848: ;   {static_stub}
  0x000001a1df605848: ff48 bb00 | 0000 0000 

  0x000001a1df605850: ;   {runtime_call nmethod}
  0x000001a1df605850: 0000 00e9 | fbff ffff 

  0x000001a1df605858: ;   {static_stub}
  0x000001a1df605858: 48bb 0000 | 0000 0000 

  0x000001a1df605860: ;   {runtime_call nmethod}
  0x000001a1df605860: 0000 e9fb 

  0x000001a1df605864: ;   {static_stub}
  0x000001a1df605864: ffff ff48 | bb00 0000 | 0000 0000 

  0x000001a1df605870: ;   {runtime_call nmethod}
  0x000001a1df605870: 00e9 fbff 

  0x000001a1df605874: ;   {static_stub}
  0x000001a1df605874: ffff 48bb | 0000 0000 | 0000 0000 

  0x000001a1df605880: ;   {runtime_call nmethod}
  0x000001a1df605880: e9fb ffff 

  0x000001a1df605884: ;   {static_stub}
  0x000001a1df605884: ff48 bb00 | 0000 0000 

  0x000001a1df60588c: ;   {runtime_call nmethod}
  0x000001a1df60588c: 0000 00e9 | fbff ffff 

  0x000001a1df605894: ;   {static_stub}
  0x000001a1df605894: 48bb 0000 | 0000 0000 

  0x000001a1df60589c: ;   {runtime_call nmethod}
  0x000001a1df60589c: 0000 e9fb 

  0x000001a1df6058a0: ;   {static_stub}
  0x000001a1df6058a0: ffff ff48 | bb00 0000 | 0000 0000 

  0x000001a1df6058ac: ;   {runtime_call nmethod}
  0x000001a1df6058ac: 00e9 fbff 

  0x000001a1df6058b0: ;   {static_stub}
  0x000001a1df6058b0: ffff 48bb | 0000 0000 | 0000 0000 

  0x000001a1df6058bc: ;   {runtime_call nmethod}
  0x000001a1df6058bc: e9fb ffff 

  0x000001a1df6058c0: ;   {static_stub}
  0x000001a1df6058c0: ff48 bb00 | 0000 0000 

  0x000001a1df6058c8: ;   {runtime_call nmethod}
  0x000001a1df6058c8: 0000 00e9 | fbff ffff 

  0x000001a1df6058d0: ;   {static_stub}
  0x000001a1df6058d0: 48bb 0000 | 0000 0000 

  0x000001a1df6058d8: ;   {runtime_call nmethod}
  0x000001a1df6058d8: 0000 e9fb 

  0x000001a1df6058dc: ;   {static_stub}
  0x000001a1df6058dc: ffff ff48 | bb00 0000 | 0000 0000 

  0x000001a1df6058e8: ;   {runtime_call nmethod}
  0x000001a1df6058e8: 00e9 fbff 

  0x000001a1df6058ec: ;   {static_stub}
  0x000001a1df6058ec: ffff 48bb | 0000 0000 | 0000 0000 

  0x000001a1df6058f8: ;   {runtime_call nmethod}
  0x000001a1df6058f8: e9fb ffff 

  0x000001a1df6058fc: ;   {static_stub}
  0x000001a1df6058fc: ff48 bb00 | 0000 0000 

  0x000001a1df605904: ;   {runtime_call nmethod}
  0x000001a1df605904: 0000 00e9 | fbff ffff 

  0x000001a1df60590c: ;   {static_stub}
  0x000001a1df60590c: 48bb 0000 | 0000 0000 

  0x000001a1df605914: ;   {runtime_call nmethod}
  0x000001a1df605914: 0000 e9fb 

  0x000001a1df605918: ;   {static_stub}
  0x000001a1df605918: ffff ff48 | bb00 0000 | 0000 0000 

  0x000001a1df605924: ;   {runtime_call nmethod}
  0x000001a1df605924: 00e9 fbff 

  0x000001a1df605928: ;   {static_stub}
  0x000001a1df605928: ffff 48bb | 0000 0000 | 0000 0000 

  0x000001a1df605934: ;   {runtime_call nmethod}
  0x000001a1df605934: e9fb ffff 

  0x000001a1df605938: ;   {static_stub}
  0x000001a1df605938: ff48 bb00 | 0000 0000 

  0x000001a1df605940: ;   {runtime_call nmethod}
  0x000001a1df605940: 0000 00e9 | fbff ffff 

  0x000001a1df605948: ;   {static_stub}
  0x000001a1df605948: 48bb 0000 | 0000 0000 

  0x000001a1df605950: ;   {runtime_call nmethod}
  0x000001a1df605950: 0000 e9fb 

  0x000001a1df605954: ;   {static_stub}
  0x000001a1df605954: ffff ff48 | bb00 0000 | 0000 0000 

  0x000001a1df605960: ;   {runtime_call nmethod}
  0x000001a1df605960: 00e9 fbff 

  0x000001a1df605964: ;   {static_stub}
  0x000001a1df605964: ffff 48bb | 0000 0000 | 0000 0000 

  0x000001a1df605970: ;   {runtime_call nmethod}
  0x000001a1df605970: e9fb ffff 

  0x000001a1df605974: ;   {static_stub}
  0x000001a1df605974: ff48 bb00 | 0000 0000 

  0x000001a1df60597c: ;   {runtime_call nmethod}
  0x000001a1df60597c: 0000 00e9 | fbff ffff 

  0x000001a1df605984: ;   {static_stub}
  0x000001a1df605984: 48bb 0000 | 0000 0000 

  0x000001a1df60598c: ;   {runtime_call nmethod}
  0x000001a1df60598c: 0000 e9fb 

  0x000001a1df605990: ;   {runtime_call ExceptionBlob}
  0x000001a1df605990: ffff ffe9 | e8f3 9bff 
[Deopt Handler Code]
  0x000001a1df605998: e800 0000 | 0048 832c 

  0x000001a1df6059a0: ;   {runtime_call DeoptimizationBlob}
  0x000001a1df6059a0: 2405 e9f9 | e390 fff4 
[/MachCode]


Compiled method (c1) 39003 8903       3       java.security.SecureClassLoader::defineClass (16 bytes)
 total in heap  [0x000001a1d89bd310,0x000001a1d89bd710] = 1024
 relocation     [0x000001a1d89bd470,0x000001a1d89bd4c0] = 80
 main code      [0x000001a1d89bd4c0,0x000001a1d89bd618] = 344
 stub code      [0x000001a1d89bd618,0x000001a1d89bd668] = 80
 metadata       [0x000001a1d89bd668,0x000001a1d89bd670] = 8
 scopes data    [0x000001a1d89bd670,0x000001a1d89bd6b8] = 72
 scopes pcs     [0x000001a1d89bd6b8,0x000001a1d89bd708] = 80
 dependencies   [0x000001a1d89bd708,0x000001a1d89bd710] = 8

[Constant Pool (empty)]

[MachCode]
[Entry Point]
  # {method} {0x000001a18004d3e8} 'defineClass' '(Ljava/lang/String;[BIILjava/security/CodeSource;)Ljava/lang/Class;' in 'java/security/SecureClassLoader'
  # this:     rdx:rdx   = 'java/security/SecureClassLoader'
  # parm0:    r8:r8     = 'java/lang/String'
  # parm1:    r9:r9     = '[B'
  # parm2:    rdi       = int
  # parm3:    rsi       = int
  # parm4:    rcx:rcx   = 'java/security/CodeSource'
  #           [sp+0x80]  (sp of caller)
  0x000001a1d89bd4c0: 448b 5208 | 49bb 0000 | 0080 a101 | 0000 4d03 | d34c 3bd0 

  0x000001a1d89bd4d4: ;   {runtime_call ic_miss_stub}
  0x000001a1d89bd4d4: 0f85 a60f | 5506 660f | 1f44 0000 
[Verified Entry Point]
  0x000001a1d89bd4e0: 8984 2400 | 80ff ff55 | 4883 ec70 | 4181 7f20 | 0400 0000 

  0x000001a1d89bd4f4: ;   {runtime_call StubRoutines (final stubs)}
  0x000001a1d89bd4f4: 7405 e8e5 

  0x000001a1d89bd4f8: ;   {metadata(method data for {method} {0x000001a18004d3e8} 'defineClass' '(Ljava/lang/String;[BIILjava/security/CodeSource;)Ljava/lang/Class;' in 'java/security/SecureClassLoader')}
  0x000001a1d89bd4f8: b453 0648 | bb08 50bd | eba1 0100 | 008b 83cc | 0000 0083 | c002 8983 | cc00 0000 | 25fe 0700 
  0x000001a1d89bd518: 0085 c00f | 8496 0000 | 0089 7424 | 5c89 7c24 | 584c 894c | 2450 4c89 | 4424 4848 

  0x000001a1d89bd534: ;   {metadata(method data for {method} {0x000001a18004d3e8} 'defineClass' '(Ljava/lang/String;[BIILjava/security/CodeSource;)Ljava/lang/Class;' in 'java/security/SecureClassLoader')}
  0x000001a1d89bd534: 8bda 48b8 | 0850 bdeb | a101 0000 | 4883 8010 | 0100 0001 | 4c8b c148 | 8bc2 488b | d048 8944 
  0x000001a1d89bd554: ;   {optimized virtual_call}
  0x000001a1d89bd554: 2440 90e8 

  0x000001a1d89bd558: ; ImmutableOopMap {[64]=Oop [72]=Oop [80]=Oop }
                      ;*invokevirtual getProtectionDomain {reexecute=0 rethrow=0 return_oop=0}
                      ; - java.security.SecureClassLoader::defineClass@9
  0x000001a1d89bd558: 4467 6dff 

  0x000001a1d89bd55c: ;   {other}
  0x000001a1d89bd55c: 0f1f 8400 | 4c02 0000 | 488b 5424 

  0x000001a1d89bd568: ;   {metadata(method data for {method} {0x000001a18004d3e8} 'defineClass' '(Ljava/lang/String;[BIILjava/security/CodeSource;)Ljava/lang/Class;' in 'java/security/SecureClassLoader')}
  0x000001a1d89bd568: 4049 b808 | 50bd eba1 | 0100 0049 | 8380 4801 | 0000 014c | 8b44 2448 | 4c8b 4c24 | 508b 7c24 
  0x000001a1d89bd588: 588b 7424 | 5c48 8bc8 | 488b 5424 

  0x000001a1d89bd594: ;   {optimized virtual_call}
  0x000001a1d89bd594: 4066 90e8 

  0x000001a1d89bd598: ; ImmutableOopMap {}
                      ;*invokevirtual defineClass {reexecute=0 rethrow=0 return_oop=0}
                      ; - java.security.SecureClassLoader::defineClass@12
  0x000001a1d89bd598: 2416 c406 

  0x000001a1d89bd59c: ;   {other}
  0x000001a1d89bd59c: 0f1f 8400 | 8c02 0001 | 4883 c470 

  0x000001a1d89bd5a8: ;   {poll_return}
  0x000001a1d89bd5a8: 5d49 3ba7 | 4804 0000 | 0f87 2200 

  0x000001a1d89bd5b4: ;   {metadata({method} {0x000001a18004d3e8} 'defineClass' '(Ljava/lang/String;[BIILjava/security/CodeSource;)Ljava/lang/Class;' in 'java/security/SecureClassLoader')}
  0x000001a1d89bd5b4: 0000 c349 | bae0 d304 | 80a1 0100 | 004c 8954 | 2408 48c7 | 0424 ffff 

  0x000001a1d89bd5cc: ;   {runtime_call counter_overflow Runtime1 stub}
  0x000001a1d89bd5cc: ffff e8ad 

  0x000001a1d89bd5d0: ; ImmutableOopMap {rdx=Oop r8=Oop r9=Oop rcx=Oop }
                      ;*synchronization entry
                      ; - java.security.SecureClassLoader::defineClass@-1
  0x000001a1d89bd5d0: 7460 06e9 | 49ff ffff 

  0x000001a1d89bd5d8: ;   {internal_word}
  0x000001a1d89bd5d8: 49ba a9d5 | 9bd8 a101 | 0000 4d89 | 9760 0400 

  0x000001a1d89bd5e8: ;   {runtime_call SafepointBlob}
  0x000001a1d89bd5e8: 00e9 1275 | 5506 498b | 87f8 0400 | 0049 c787 | f804 0000 | 0000 0000 | 49c7 8700 | 0500 0000 
  0x000001a1d89bd608: 0000 0048 | 83c4 705d 

  0x000001a1d89bd610: ;   {runtime_call unwind_exception Runtime1 stub}
  0x000001a1d89bd610: e9eb f25f | 06f4 f4f4 
[Stub Code]
  0x000001a1d89bd618: ;   {no_reloc}
  0x000001a1d89bd618: 48bb 0000 | 0000 0000 

  0x000001a1d89bd620: ;   {runtime_call nmethod}
  0x000001a1d89bd620: 0000 e9fb 

  0x000001a1d89bd624: ;   {static_stub}
  0x000001a1d89bd624: ffff ff48 | bb00 0000 | 0000 0000 

  0x000001a1d89bd630: ;   {runtime_call nmethod}
  0x000001a1d89bd630: 00e9 fbff 

  0x000001a1d89bd634: ;   {runtime_call handle_exception_from_callee Runtime1 stub}
  0x000001a1d89bd634: ffff e8c5 

  0x000001a1d89bd638: ;   {external_word}
  0x000001a1d89bd638: 3760 0648 | b990 7fb0 | b4fd 7f00 | 0048 83e4 

  0x000001a1d89bd648: ;   {runtime_call}
  0x000001a1d89bd648: f048 b8e0 | 4473 b4fd | 7f00 00ff 

  0x000001a1d89bd654: ;   {section_word}
  0x000001a1d89bd654: d0f4 49ba | 56d6 9bd8 | a101 0000 

  0x000001a1d89bd660: ;   {runtime_call DeoptimizationBlob}
  0x000001a1d89bd660: 4152 e939 | 6755 06f4 
[/MachCode]


---------------  P R O C E S S  ---------------

Threads class SMR info:
_java_thread_list=0x000001a1f44fb9b0, length=47, elements={
0x000001a1d4799b20, 0x000001a1eab81090, 0x000001a1eab83810, 0x000001a1eab86880,
0x000001a1eab87750, 0x000001a1eab8be20, 0x000001a1eab920e0, 0x000001a1eabc1080,
0x000001a1eabc6870, 0x000001a1d4807620, 0x000001a1eaef72f0, 0x000001a1ef8251e0,
0x000001a1ef928080, 0x000001a1ef9243c0, 0x000001a1ef924df0, 0x000001a1efaa43a0,
0x000001a1efc51d30, 0x000001a1efc4ef40, 0x000001a1efc4f5d0, 0x000001a1efc4fc60,
0x000001a1efc50980, 0x000001a1efc51010, 0x000001a1f2c66f20, 0x000001a1f2c675b0,
0x000001a1f2c65b70, 0x000001a1f2c66200, 0x000001a1f2c654e0, 0x000001a1f2c66890,
0x000001a1f2c68960, 0x000001a1f2c6b0c0, 0x000001a1f2c6aa30, 0x000001a1f2c6a3a0,
0x000001a1f2c67c40, 0x000001a1f2c6b750, 0x000001a1f2c682d0, 0x000001a1f2c6bde0,
0x000001a1f2c6c470, 0x000001a1f2c68ff0, 0x000001a1f2c69d10, 0x000001a1f2c6cb00,
0x000001a1f2c69680, 0x000001a1f0eb3fc0, 0x000001a1f0eb3930, 0x000001a1f0eb2580,
0x000001a1f0eb4650, 0x000001a1f0eb1860, 0x000001a1f16c5770
}

Java Threads: ( => current thread )
  0x000001a1d4799b20 JavaThread "main"                              [_thread_blocked, id=13720, stack(0x000000a0eba00000,0x000000a0ebb00000) (1024K)]
  0x000001a1eab81090 JavaThread "Reference Handler"          daemon [_thread_blocked, id=7980, stack(0x000000a0ebe00000,0x000000a0ebf00000) (1024K)]
  0x000001a1eab83810 JavaThread "Finalizer"                  daemon [_thread_blocked, id=10620, stack(0x000000a0ebf00000,0x000000a0ec000000) (1024K)]
  0x000001a1eab86880 JavaThread "Signal Dispatcher"          daemon [_thread_blocked, id=15508, stack(0x000000a0ec000000,0x000000a0ec100000) (1024K)]
  0x000001a1eab87750 JavaThread "Attach Listener"            daemon [_thread_blocked, id=16004, stack(0x000000a0ec100000,0x000000a0ec200000) (1024K)]
  0x000001a1eab8be20 JavaThread "Service Thread"             daemon [_thread_blocked, id=13024, stack(0x000000a0ec200000,0x000000a0ec300000) (1024K)]
  0x000001a1eab920e0 JavaThread "Monitor Deflation Thread"   daemon [_thread_blocked, id=7504, stack(0x000000a0ec300000,0x000000a0ec400000) (1024K)]
  0x000001a1eabc1080 JavaThread "C2 CompilerThread0"         daemon [_thread_blocked, id=3476, stack(0x000000a0ec400000,0x000000a0ec500000) (1024K)]
  0x000001a1eabc6870 JavaThread "C1 CompilerThread0"         daemon [_thread_blocked, id=15404, stack(0x000000a0ec500000,0x000000a0ec600000) (1024K)]
  0x000001a1d4807620 JavaThread "Common-Cleaner"             daemon [_thread_blocked, id=3132, stack(0x000000a0ec600000,0x000000a0ec700000) (1024K)]
  0x000001a1eaef72f0 JavaThread "Notification Thread"        daemon [_thread_blocked, id=5936, stack(0x000000a0ec800000,0x000000a0ec900000) (1024K)]
  0x000001a1ef8251e0 JavaThread "Active Thread: Equinox Container: 7d94ecc4-fe32-469e-ac57-d2d7cca3e974"        [_thread_blocked, id=8948, stack(0x000000a0ed000000,0x000000a0ed100000) (1024K)]
  0x000001a1ef928080 JavaThread "Refresh Thread: Equinox Container: 7d94ecc4-fe32-469e-ac57-d2d7cca3e974" daemon [_thread_blocked, id=14168, stack(0x000000a0ec700000,0x000000a0ec800000) (1024K)]
  0x000001a1ef9243c0 JavaThread "Framework Event Dispatcher: Equinox Container: 7d94ecc4-fe32-469e-ac57-d2d7cca3e974" daemon [_thread_blocked, id=12092, stack(0x000000a0ed100000,0x000000a0ed200000) (1024K)]
  0x000001a1ef924df0 JavaThread "Start Level: Equinox Container: 7d94ecc4-fe32-469e-ac57-d2d7cca3e974" daemon [_thread_blocked, id=15004, stack(0x000000a0ed200000,0x000000a0ed300000) (1024K)]
  0x000001a1efaa43a0 JavaThread "Bundle File Closer"         daemon [_thread_blocked, id=17096, stack(0x000000a0ed600000,0x000000a0ed700000) (1024K)]
  0x000001a1efc51d30 JavaThread "SCR Component Actor"        daemon [_thread_blocked, id=17224, stack(0x000000a0ed300000,0x000000a0ed400000) (1024K)]
  0x000001a1efc4ef40 JavaThread "Worker-JM"                         [_thread_blocked, id=18028, stack(0x000000a0ed900000,0x000000a0eda00000) (1024K)]
  0x000001a1efc4f5d0 JavaThread "JNA Cleaner"                daemon [_thread_blocked, id=18044, stack(0x000000a0edb00000,0x000000a0edc00000) (1024K)]
  0x000001a1efc4fc60 JavaThread "Worker-0"                          [_thread_blocked, id=17952, stack(0x000000a0edc00000,0x000000a0edd00000) (1024K)]
  0x000001a1efc50980 JavaThread "Worker-1"                          [_thread_blocked, id=18160, stack(0x000000a0edd00000,0x000000a0ede00000) (1024K)]
  0x000001a1efc51010 JavaThread "Worker-2"                          [_thread_blocked, id=18260, stack(0x000000a0ede00000,0x000000a0edf00000) (1024K)]
  0x000001a1f2c66f20 JavaThread "Java indexing"              daemon [_thread_blocked, id=17840, stack(0x000000a0edf00000,0x000000a0ee000000) (1024K)]
  0x000001a1f2c675b0 JavaThread "Worker-3"                          [_thread_blocked, id=18040, stack(0x000000a0ee200000,0x000000a0ee300000) (1024K)]
  0x000001a1f2c65b70 JavaThread "Worker-4"                          [_thread_blocked, id=10228, stack(0x000000a0ee300000,0x000000a0ee400000) (1024K)]
  0x000001a1f2c66200 JavaThread "Thread-2"                   daemon [_thread_in_native, id=17976, stack(0x000000a0ee400000,0x000000a0ee500000) (1024K)]
  0x000001a1f2c654e0 JavaThread "Thread-3"                   daemon [_thread_in_native, id=17940, stack(0x000000a0ee500000,0x000000a0ee600000) (1024K)]
  0x000001a1f2c66890 JavaThread "Thread-4"                   daemon [_thread_in_native, id=17948, stack(0x000000a0ee600000,0x000000a0ee700000) (1024K)]
  0x000001a1f2c68960 JavaThread "Thread-5"                   daemon [_thread_in_native, id=17816, stack(0x000000a0ee700000,0x000000a0ee800000) (1024K)]
  0x000001a1f2c6b0c0 JavaThread "Thread-6"                   daemon [_thread_in_native, id=18284, stack(0x000000a0ee800000,0x000000a0ee900000) (1024K)]
  0x000001a1f2c6aa30 JavaThread "Thread-7"                   daemon [_thread_in_native, id=18168, stack(0x000000a0ee900000,0x000000a0eea00000) (1024K)]
  0x000001a1f2c6a3a0 JavaThread "Thread-8"                   daemon [_thread_in_native, id=18308, stack(0x000000a0eea00000,0x000000a0eeb00000) (1024K)]
  0x000001a1f2c67c40 JavaThread "Thread-9"                   daemon [_thread_in_native, id=18156, stack(0x000000a0eeb00000,0x000000a0eec00000) (1024K)]
  0x000001a1f2c6b750 JavaThread "Thread-10"                  daemon [_thread_in_native, id=18328, stack(0x000000a0eec00000,0x000000a0eed00000) (1024K)]
  0x000001a1f2c682d0 JavaThread "Thread-11"                  daemon [_thread_in_native, id=18248, stack(0x000000a0eed00000,0x000000a0eee00000) (1024K)]
  0x000001a1f2c6bde0 JavaThread "Thread-12"                  daemon [_thread_in_native, id=18012, stack(0x000000a0eee00000,0x000000a0eef00000) (1024K)]
  0x000001a1f2c6c470 JavaThread "Thread-13"                  daemon [_thread_in_native, id=18192, stack(0x000000a0eef00000,0x000000a0ef000000) (1024K)]
  0x000001a1f2c68ff0 JavaThread "Thread-14"                  daemon [_thread_in_native, id=18344, stack(0x000000a0ef000000,0x000000a0ef100000) (1024K)]
  0x000001a1f2c69d10 JavaThread "pool-2-thread-1"                   [_thread_blocked, id=18428, stack(0x000000a0ef100000,0x000000a0ef200000) (1024K)]
  0x000001a1f2c6cb00 JavaThread "Worker-5: Initialize Workspace"        [_thread_blocked, id=18412, stack(0x000000a0ef200000,0x000000a0ef300000) (1024K)]
  0x000001a1f2c69680 JavaThread "Worker-6"                          [_thread_blocked, id=18380, stack(0x000000a0ef300000,0x000000a0ef400000) (1024K)]
  0x000001a1f0eb3fc0 JavaThread "WorkspaceEventsHandler"            [_thread_blocked, id=18244, stack(0x000000a0ef400000,0x000000a0ef500000) (1024K)]
  0x000001a1f0eb3930 JavaThread "pool-1-thread-1"                   [_thread_blocked, id=18396, stack(0x000000a0ef500000,0x000000a0ef600000) (1024K)]
  0x000001a1f0eb2580 JavaThread "Worker-7"                          [_thread_blocked, id=18292, stack(0x000000a0ef800000,0x000000a0ef900000) (1024K)]
  0x000001a1f0eb4650 JavaThread "Timer-0"                           [_thread_blocked, id=17424, stack(0x000000a0ef900000,0x000000a0efa00000) (1024K)]
=>0x000001a1f0eb1860 JavaThread "Connection worker"                 [_thread_in_vm, id=18272, stack(0x000000a0efa00000,0x000000a0efb00000) (1024K)]
  0x000001a1f16c5770 JavaThread "C2 CompilerThread1"         daemon [_thread_blocked, id=4848, stack(0x000000a0ed700000,0x000000a0ed800000) (1024K)]
Total: 47

Other Threads:
  0x000001a1e8b744b0 VMThread "VM Thread"                           [id=4156, stack(0x000000a0ebd00000,0x000000a0ebe00000) (1024K)]
  0x000001a1e8a6ca00 WatcherThread "VM Periodic Task Thread"        [id=12932, stack(0x000000a0ebc00000,0x000000a0ebd00000) (1024K)]
  0x000001a1d47b8790 WorkerThread "GC Thread#0"                     [id=3692, stack(0x000000a0ebb00000,0x000000a0ebc00000) (1024K)]
  0x000001a1ef83c4d0 WorkerThread "GC Thread#1"                     [id=15948, stack(0x000000a0eca00000,0x000000a0ecb00000) (1024K)]
  0x000001a1eface050 WorkerThread "GC Thread#2"                     [id=4712, stack(0x000000a0ecb00000,0x000000a0ecc00000) (1024K)]
  0x000001a1ef615980 WorkerThread "GC Thread#3"                     [id=13048, stack(0x000000a0ecc00000,0x000000a0ecd00000) (1024K)]
  0x000001a1ef615d20 WorkerThread "GC Thread#4"                     [id=6316, stack(0x000000a0ecd00000,0x000000a0ece00000) (1024K)]
  0x000001a1ef81a0f0 WorkerThread "GC Thread#5"                     [id=1508, stack(0x000000a0ece00000,0x000000a0ecf00000) (1024K)]
  0x000001a1ef81a490 WorkerThread "GC Thread#6"                     [id=17152, stack(0x000000a0ecf00000,0x000000a0ed000000) (1024K)]
  0x000001a1ef70eaa0 WorkerThread "GC Thread#7"                     [id=13120, stack(0x000000a0ec900000,0x000000a0eca00000) (1024K)]
  0x000001a1ef914860 WorkerThread "GC Thread#8"                     [id=2164, stack(0x000000a0ed400000,0x000000a0ed500000) (1024K)]
  0x000001a1ef914c00 WorkerThread "GC Thread#9"                     [id=10616, stack(0x000000a0ed500000,0x000000a0ed600000) (1024K)]
Total: 12

Threads with active compile tasks:
Total: 0

VM state: not at safepoint (normal execution)

VM Mutex/Monitor currently owned by a thread: None

Heap address: 0x00000000c0000000, size: 1024 MB, Compressed Oops mode: 32-bit

CDS archive(s) mapped at: [0x000001a180000000-0x000001a180ba0000-0x000001a180ba0000), size 12189696, SharedBaseAddress: 0x000001a180000000, ArchiveRelocationMode: 1.
Compressed class space mapped at: 0x000001a181000000-0x000001a1c1000000, reserved size: 1073741824
Narrow klass base: 0x000001a180000000, Narrow klass shift: 0, Narrow klass range: 0x100000000

GC Precious Log:
 CardTable entry size: 512
 CPUs: 12 total, 12 available
 Memory: 15741M
 Large Page Support: Disabled
 NUMA Support: Disabled
 Compressed Oops: Enabled (32-bit)
 Alignments: Space 512K, Generation 512K, Heap 2M
 Heap Min Capacity: 100M
 Heap Initial Capacity: 100M
 Heap Max Capacity: 1G
 Pre-touch: Disabled
 Parallel Workers: 10

Heap:
 PSYoungGen      total 12288K, used 795K [0x00000000eab00000, 0x00000000ebe00000, 0x0000000100000000)
  eden space 10240K, 2% used [0x00000000eab00000,0x00000000eab36e88,0x00000000eb500000)
  from space 2048K, 28% used [0x00000000eba80000,0x00000000ebb10020,0x00000000ebc80000)
  to   space 1024K, 0% used [0x00000000ebd00000,0x00000000ebd00000,0x00000000ebe00000)
 ParOldGen       total 352256K, used 190254K [0x00000000c0000000, 0x00000000d5800000, 0x00000000eab00000)
  object space 352256K, 54% used [0x00000000c0000000,0x00000000cb9cb850,0x00000000d5800000)
 Metaspace       used 61404K, committed 62720K, reserved 1114112K
  class space    used 6874K, committed 7488K, reserved 1048576K

Card table byte_map: [0x000001a1d4140000,0x000001a1d4350000] _byte_map_base: 0x000001a1d3b40000

Marking Bits: (ParMarkBitMap*) 0x00007ffdb4dc31f0
 Begin Bits: [0x000001a1e6990000, 0x000001a1e7990000)
 End Bits:   [0x000001a1e7990000, 0x000001a1e8990000)

Polling page: 0x000001a1d2520000

Metaspace:

Usage:
  Non-class:     53.25 MB used.
      Class:      6.71 MB used.
       Both:     59.97 MB used.

Virtual space:
  Non-class space:       64.00 MB reserved,      53.94 MB ( 84%) committed,  1 nodes.
      Class space:        1.00 GB reserved,       7.31 MB ( <1%) committed,  1 nodes.
             Both:        1.06 GB reserved,      61.25 MB (  6%) committed. 

Chunk freelists:
   Non-Class:  9.25 MB
       Class:  8.66 MB
        Both:  17.91 MB

MaxMetaspaceSize: unlimited
CompressedClassSpaceSize: 1.00 GB
Initial GC threshold: 21.00 MB
Current GC threshold: 97.31 MB
CDS: on
 - commit_granule_bytes: 65536.
 - commit_granule_words: 8192.
 - virtual_space_node_default_size: 8388608.
 - enlarge_chunks_in_place: 1.
 - use_allocation_guard: 0.


Internal statistics:

num_allocs_failed_limit: 11.
num_arena_births: 992.
num_arena_deaths: 26.
num_vsnodes_births: 2.
num_vsnodes_deaths: 0.
num_space_committed: 980.
num_space_uncommitted: 0.
num_chunks_returned_to_freelist: 41.
num_chunks_taken_from_freelist: 3576.
num_chunk_merges: 14.
num_chunk_splits: 2258.
num_chunks_enlarged: 1335.
num_inconsistent_stats: 0.

CodeHeap 'non-profiled nmethods': size=120000Kb used=5654Kb max_used=5654Kb free=114346Kb
 bounds [0x000001a1df460000, 0x000001a1df9f0000, 0x000001a1e6990000]
CodeHeap 'profiled nmethods': size=120000Kb used=16556Kb max_used=16594Kb free=103443Kb
 bounds [0x000001a1d7990000, 0x000001a1d89d0000, 0x000001a1deec0000]
CodeHeap 'non-nmethods': size=5760Kb used=1443Kb max_used=1524Kb free=4316Kb
 bounds [0x000001a1deec0000, 0x000001a1df130000, 0x000001a1df460000]
 total_blobs=9199 nmethods=8449 adapters=656
 compilation: enabled
              stopped_count=0, restarted_count=0
 full_count=0

Compilation events (20 events):
Event: 38.548 Thread 0x000001a1eabc6870 nmethod 9311 0x000001a1d83c1710 code [0x000001a1d83c18c0, 0x000001a1d83c1a18]
Event: 38.548 Thread 0x000001a1eabc6870 9312       3       java.lang.invoke.LambdaFormBuffer::lambdaForm (37 bytes)
Event: 38.548 Thread 0x000001a1f16c5770 9315       4       jdk.internal.org.objectweb.asm.SymbolTable::addConstantMemberReference (147 bytes)
Event: 38.548 Thread 0x000001a1eabc6870 nmethod 9312 0x000001a1d83c0f90 code [0x000001a1d83c1180, 0x000001a1d83c1560]
Event: 38.548 Thread 0x000001a1eabc6870 9313       3       java.lang.invoke.LambdaFormBuffer::nameArray (15 bytes)
Event: 38.549 Thread 0x000001a1eabc6870 nmethod 9313 0x000001a1d83c0990 code [0x000001a1d83c0b60, 0x000001a1d83c0e30]
Event: 38.549 Thread 0x000001a1eabc6870 9314       3       java.lang.invoke.LambdaFormBuffer::resultIndex (41 bytes)
Event: 38.549 Thread 0x000001a1eabc6870 nmethod 9314 0x000001a1d83c0410 code [0x000001a1d83c05c0, 0x000001a1d83c0880]
Event: 38.551 Thread 0x000001a1eabc6870 9316       3       java.lang.invoke.LambdaFormBuffer::setNames (22 bytes)
Event: 38.552 Thread 0x000001a1eabc6870 nmethod 9316 0x000001a1d8374f10 code [0x000001a1d83750a0, 0x000001a1d83751e8]
Event: 38.552 Thread 0x000001a1eabc6870 9317       3       java.lang.invoke.BoundMethodHandle::speciesDataFor (32 bytes)
Event: 38.552 Thread 0x000001a1eabc6870 nmethod 9317 0x000001a1d83bfd90 code [0x000001a1d83bff60, 0x000001a1d83c02e0]
Event: 38.552 Thread 0x000001a1eabc6870 9318       3       java.lang.invoke.LambdaFormEditor$Transform::<init> (17 bytes)
Event: 38.552 Thread 0x000001a1eabc1080 9319       4       java.lang.invoke.MethodHandle::intrinsicName (4 bytes)
Event: 38.552 Thread 0x000001a1eabc6870 nmethod 9318 0x000001a1d83bf710 code [0x000001a1d83bf8e0, 0x000001a1d83bfc08]
Event: 38.552 Thread 0x000001a1eabc1080 nmethod 9319 0x000001a1df9e0a90 code [0x000001a1df9e0c20, 0x000001a1df9e0cb0]
Event: 38.554 Thread 0x000001a1eabc1080 9320       4       sun.invoke.util.VerifyType::isNullConversion (157 bytes)
Event: 38.558 Thread 0x000001a1eabc1080 nmethod 9320 0x000001a1df9e0d90 code [0x000001a1df9e0fc0, 0x000001a1df9e1420]
Event: 38.560 Thread 0x000001a1eabc6870 9321   !   3       java.util.concurrent.locks.LockSupport::parkNanos (56 bytes)
Event: 38.560 Thread 0x000001a1eabc6870 nmethod 9321 0x000001a1d83bef10 code [0x000001a1d83bf120, 0x000001a1d83bf560]

GC Heap History (20 events):
Event: 28.986 GC heap before
{Heap before GC invocations=273 (full 2):
 PSYoungGen      total 14848K, used 14594K [0x00000000eab00000, 0x00000000ec000000, 0x0000000100000000)
  eden space 10240K, 100% used [0x00000000eab00000,0x00000000eb500000,0x00000000eb500000)
  from space 4608K, 94% used [0x00000000ebb80000,0x00000000ebfc09f0,0x00000000ec000000)
  to   space 4608K, 0% used [0x00000000eb500000,0x00000000eb500000,0x00000000eb980000)
 ParOldGen       total 342528K, used 342056K [0x00000000c0000000, 0x00000000d4e80000, 0x00000000eab00000)
  object space 342528K, 99% used [0x00000000c0000000,0x00000000d4e0a150,0x00000000d4e80000)
 Metaspace       used 57857K, committed 59136K, reserved 1114112K
  class space    used 6291K, committed 6912K, reserved 1048576K
}
Event: 28.989 GC heap after
{Heap after GC invocations=273 (full 2):
 PSYoungGen      total 14848K, used 4587K [0x00000000eab00000, 0x00000000ecb00000, 0x0000000100000000)
  eden space 10240K, 0% used [0x00000000eab00000,0x00000000eab00000,0x00000000eb500000)
  from space 4608K, 99% used [0x00000000eb500000,0x00000000eb97ae48,0x00000000eb980000)
  to   space 11264K, 0% used [0x00000000ec000000,0x00000000ec000000,0x00000000ecb00000)
 ParOldGen       total 347648K, used 347322K [0x00000000c0000000, 0x00000000d5380000, 0x00000000eab00000)
  object space 347648K, 99% used [0x00000000c0000000,0x00000000d532ea18,0x00000000d5380000)
 Metaspace       used 57857K, committed 59136K, reserved 1114112K
  class space    used 6291K, committed 6912K, reserved 1048576K
}
Event: 29.188 GC heap before
{Heap before GC invocations=274 (full 2):
 PSYoungGen      total 14848K, used 11516K [0x00000000eab00000, 0x00000000ecb00000, 0x0000000100000000)
  eden space 10240K, 67% used [0x00000000eab00000,0x00000000eb1c4448,0x00000000eb500000)
  from space 4608K, 99% used [0x00000000eb500000,0x00000000eb97ae48,0x00000000eb980000)
  to   space 11264K, 0% used [0x00000000ec000000,0x00000000ec000000,0x00000000ecb00000)
 ParOldGen       total 347648K, used 347322K [0x00000000c0000000, 0x00000000d5380000, 0x00000000eab00000)
  object space 347648K, 99% used [0x00000000c0000000,0x00000000d532ea18,0x00000000d5380000)
 Metaspace       used 58526K, committed 59776K, reserved 1114112K
  class space    used 6411K, committed 6976K, reserved 1048576K
}
Event: 29.190 GC heap after
{Heap after GC invocations=274 (full 2):
 PSYoungGen      total 10752K, used 384K [0x00000000eab00000, 0x00000000ec080000, 0x0000000100000000)
  eden space 10240K, 0% used [0x00000000eab00000,0x00000000eab00000,0x00000000eb500000)
  from space 512K, 75% used [0x00000000ec000000,0x00000000ec060000,0x00000000ec080000)
  to   space 4096K, 0% used [0x00000000eb880000,0x00000000eb880000,0x00000000ebc80000)
 ParOldGen       total 352256K, used 351861K [0x00000000c0000000, 0x00000000d5800000, 0x00000000eab00000)
  object space 352256K, 99% used [0x00000000c0000000,0x00000000d579d4d8,0x00000000d5800000)
 Metaspace       used 58526K, committed 59776K, reserved 1114112K
  class space    used 6411K, committed 6976K, reserved 1048576K
}
Event: 29.190 GC heap before
{Heap before GC invocations=275 (full 3):
 PSYoungGen      total 10752K, used 384K [0x00000000eab00000, 0x00000000ec080000, 0x0000000100000000)
  eden space 10240K, 0% used [0x00000000eab00000,0x00000000eab00000,0x00000000eb500000)
  from space 512K, 75% used [0x00000000ec000000,0x00000000ec060000,0x00000000ec080000)
  to   space 4096K, 0% used [0x00000000eb880000,0x00000000eb880000,0x00000000ebc80000)
 ParOldGen       total 352256K, used 351861K [0x00000000c0000000, 0x00000000d5800000, 0x00000000eab00000)
  object space 352256K, 99% used [0x00000000c0000000,0x00000000d579d4d8,0x00000000d5800000)
 Metaspace       used 58526K, committed 59776K, reserved 1114112K
  class space    used 6411K, committed 6976K, reserved 1048576K
}
Event: 29.274 GC heap after
{Heap after GC invocations=275 (full 3):
 PSYoungGen      total 10752K, used 0K [0x00000000eab00000, 0x00000000ec080000, 0x0000000100000000)
  eden space 10240K, 0% used [0x00000000eab00000,0x00000000eab00000,0x00000000eb500000)
  from space 512K, 0% used [0x00000000ec000000,0x00000000ec000000,0x00000000ec080000)
  to   space 4096K, 0% used [0x00000000eb880000,0x00000000eb880000,0x00000000ebc80000)
 ParOldGen       total 352256K, used 184544K [0x00000000c0000000, 0x00000000d5800000, 0x00000000eab00000)
  object space 352256K, 52% used [0x00000000c0000000,0x00000000cb4383e8,0x00000000d5800000)
 Metaspace       used 58526K, committed 59776K, reserved 1114112K
  class space    used 6411K, committed 6976K, reserved 1048576K
}
Event: 29.452 GC heap before
{Heap before GC invocations=276 (full 3):
 PSYoungGen      total 10752K, used 10240K [0x00000000eab00000, 0x00000000ec080000, 0x0000000100000000)
  eden space 10240K, 100% used [0x00000000eab00000,0x00000000eb500000,0x00000000eb500000)
  from space 512K, 0% used [0x00000000ec000000,0x00000000ec000000,0x00000000ec080000)
  to   space 4096K, 0% used [0x00000000eb880000,0x00000000eb880000,0x00000000ebc80000)
 ParOldGen       total 352256K, used 184544K [0x00000000c0000000, 0x00000000d5800000, 0x00000000eab00000)
  object space 352256K, 52% used [0x00000000c0000000,0x00000000cb4383e8,0x00000000d5800000)
 Metaspace       used 59281K, committed 60544K, reserved 1114112K
  class space    used 6533K, committed 7104K, reserved 1048576K
}
Event: 29.453 GC heap after
{Heap after GC invocations=276 (full 3):
 PSYoungGen      total 14336K, used 576K [0x00000000eab00000, 0x00000000ec080000, 0x0000000100000000)
  eden space 10240K, 0% used [0x00000000eab00000,0x00000000eab00000,0x00000000eb500000)
  from space 4096K, 14% used [0x00000000eb880000,0x00000000eb910000,0x00000000ebc80000)
  to   space 1536K, 0% used [0x00000000ebf00000,0x00000000ebf00000,0x00000000ec080000)
 ParOldGen       total 352256K, used 184552K [0x00000000c0000000, 0x00000000d5800000, 0x00000000eab00000)
  object space 352256K, 52% used [0x00000000c0000000,0x00000000cb43a3e8,0x00000000d5800000)
 Metaspace       used 59281K, committed 60544K, reserved 1114112K
  class space    used 6533K, committed 7104K, reserved 1048576K
}
Event: 30.729 GC heap before
{Heap before GC invocations=277 (full 3):
 PSYoungGen      total 14336K, used 10816K [0x00000000eab00000, 0x00000000ec080000, 0x0000000100000000)
  eden space 10240K, 100% used [0x00000000eab00000,0x00000000eb500000,0x00000000eb500000)
  from space 4096K, 14% used [0x00000000eb880000,0x00000000eb910000,0x00000000ebc80000)
  to   space 1536K, 0% used [0x00000000ebf00000,0x00000000ebf00000,0x00000000ec080000)
 ParOldGen       total 352256K, used 184552K [0x00000000c0000000, 0x00000000d5800000, 0x00000000eab00000)
  object space 352256K, 52% used [0x00000000c0000000,0x00000000cb43a3e8,0x00000000d5800000)
 Metaspace       used 59446K, committed 60736K, reserved 1114112K
  class space    used 6551K, committed 7168K, reserved 1048576K
}
Event: 30.729 GC heap after
{Heap after GC invocations=277 (full 3):
 PSYoungGen      total 10752K, used 416K [0x00000000eab00000, 0x00000000ebf80000, 0x0000000100000000)
  eden space 10240K, 0% used [0x00000000eab00000,0x00000000eab00000,0x00000000eb500000)
  from space 512K, 81% used [0x00000000ebf00000,0x00000000ebf68000,0x00000000ebf80000)
  to   space 1024K, 0% used [0x00000000ebd80000,0x00000000ebd80000,0x00000000ebe80000)
 ParOldGen       total 352256K, used 184936K [0x00000000c0000000, 0x00000000d5800000, 0x00000000eab00000)
  object space 352256K, 52% used [0x00000000c0000000,0x00000000cb49a3f8,0x00000000d5800000)
 Metaspace       used 59446K, committed 60736K, reserved 1114112K
  class space    used 6551K, committed 7168K, reserved 1048576K
}
Event: 32.366 GC heap before
{Heap before GC invocations=278 (full 3):
 PSYoungGen      total 10752K, used 10656K [0x00000000eab00000, 0x00000000ebf80000, 0x0000000100000000)
  eden space 10240K, 100% used [0x00000000eab00000,0x00000000eb500000,0x00000000eb500000)
  from space 512K, 81% used [0x00000000ebf00000,0x00000000ebf68000,0x00000000ebf80000)
  to   space 1024K, 0% used [0x00000000ebd80000,0x00000000ebd80000,0x00000000ebe80000)
 ParOldGen       total 352256K, used 184936K [0x00000000c0000000, 0x00000000d5800000, 0x00000000eab00000)
  object space 352256K, 52% used [0x00000000c0000000,0x00000000cb49a3f8,0x00000000d5800000)
 Metaspace       used 59673K, committed 60992K, reserved 1114112K
  class space    used 6559K, committed 7168K, reserved 1048576K
}
Event: 32.367 GC heap after
{Heap after GC invocations=278 (full 3):
 PSYoungGen      total 11264K, used 768K [0x00000000eab00000, 0x00000000ebf80000, 0x0000000100000000)
  eden space 10240K, 0% used [0x00000000eab00000,0x00000000eab00000,0x00000000eb500000)
  from space 1024K, 75% used [0x00000000ebd80000,0x00000000ebe40000,0x00000000ebe80000)
  to   space 1024K, 0% used [0x00000000ebe80000,0x00000000ebe80000,0x00000000ebf80000)
 ParOldGen       total 352256K, used 185177K [0x00000000c0000000, 0x00000000d5800000, 0x00000000eab00000)
  object space 352256K, 52% used [0x00000000c0000000,0x00000000cb4d6798,0x00000000d5800000)
 Metaspace       used 59673K, committed 60992K, reserved 1114112K
  class space    used 6559K, committed 7168K, reserved 1048576K
}
Event: 36.321 GC heap before
{Heap before GC invocations=279 (full 3):
 PSYoungGen      total 11264K, used 10989K [0x00000000eab00000, 0x00000000ebf80000, 0x0000000100000000)
  eden space 10240K, 99% used [0x00000000eab00000,0x00000000eb4fb688,0x00000000eb500000)
  from space 1024K, 75% used [0x00000000ebd80000,0x00000000ebe40000,0x00000000ebe80000)
  to   space 1024K, 0% used [0x00000000ebe80000,0x00000000ebe80000,0x00000000ebf80000)
 ParOldGen       total 352256K, used 185177K [0x00000000c0000000, 0x00000000d5800000, 0x00000000eab00000)
  object space 352256K, 52% used [0x00000000c0000000,0x00000000cb4d6798,0x00000000d5800000)
 Metaspace       used 59681K, committed 60992K, reserved 1114112K
  class space    used 6559K, committed 7168K, reserved 1048576K
}
Event: 36.323 GC heap after
{Heap after GC invocations=279 (full 3):
 PSYoungGen      total 11264K, used 1010K [0x00000000eab00000, 0x00000000ebf80000, 0x0000000100000000)
  eden space 10240K, 0% used [0x00000000eab00000,0x00000000eab00000,0x00000000eb500000)
  from space 1024K, 98% used [0x00000000ebe80000,0x00000000ebf7caa0,0x00000000ebf80000)
  to   space 2048K, 0% used [0x00000000ebb80000,0x00000000ebb80000,0x00000000ebd80000)
 ParOldGen       total 352256K, used 185827K [0x00000000c0000000, 0x00000000d5800000, 0x00000000eab00000)
  object space 352256K, 52% used [0x00000000c0000000,0x00000000cb578d70,0x00000000d5800000)
 Metaspace       used 59681K, committed 60992K, reserved 1114112K
  class space    used 6559K, committed 7168K, reserved 1048576K
}
Event: 38.185 GC heap before
{Heap before GC invocations=280 (full 3):
 PSYoungGen      total 11264K, used 11250K [0x00000000eab00000, 0x00000000ebf80000, 0x0000000100000000)
  eden space 10240K, 100% used [0x00000000eab00000,0x00000000eb500000,0x00000000eb500000)
  from space 1024K, 98% used [0x00000000ebe80000,0x00000000ebf7caa0,0x00000000ebf80000)
  to   space 2048K, 0% used [0x00000000ebb80000,0x00000000ebb80000,0x00000000ebd80000)
 ParOldGen       total 352256K, used 185827K [0x00000000c0000000, 0x00000000d5800000, 0x00000000eab00000)
  object space 352256K, 52% used [0x00000000c0000000,0x00000000cb578d70,0x00000000d5800000)
 Metaspace       used 59733K, committed 61056K, reserved 1114112K
  class space    used 6566K, committed 7168K, reserved 1048576K
}
Event: 38.187 GC heap after
{Heap after GC invocations=280 (full 3):
 PSYoungGen      total 12288K, used 2047K [0x00000000eab00000, 0x00000000ebf00000, 0x0000000100000000)
  eden space 10240K, 0% used [0x00000000eab00000,0x00000000eab00000,0x00000000eb500000)
  from space 2048K, 99% used [0x00000000ebb80000,0x00000000ebd7ff38,0x00000000ebd80000)
  to   space 1536K, 0% used [0x00000000ebd80000,0x00000000ebd80000,0x00000000ebf00000)
 ParOldGen       total 352256K, used 187822K [0x00000000c0000000, 0x00000000d5800000, 0x00000000eab00000)
  object space 352256K, 53% used [0x00000000c0000000,0x00000000cb76bbc0,0x00000000d5800000)
 Metaspace       used 59733K, committed 61056K, reserved 1114112K
  class space    used 6566K, committed 7168K, reserved 1048576K
}
Event: 38.391 GC heap before
{Heap before GC invocations=281 (full 3):
 PSYoungGen      total 12288K, used 12287K [0x00000000eab00000, 0x00000000ebf00000, 0x0000000100000000)
  eden space 10240K, 100% used [0x00000000eab00000,0x00000000eb500000,0x00000000eb500000)
  from space 2048K, 99% used [0x00000000ebb80000,0x00000000ebd7ff38,0x00000000ebd80000)
  to   space 1536K, 0% used [0x00000000ebd80000,0x00000000ebd80000,0x00000000ebf00000)
 ParOldGen       total 352256K, used 187822K [0x00000000c0000000, 0x00000000d5800000, 0x00000000eab00000)
  object space 352256K, 53% used [0x00000000c0000000,0x00000000cb76bbc0,0x00000000d5800000)
 Metaspace       used 60418K, committed 61696K, reserved 1114112K
  class space    used 6697K, committed 7296K, reserved 1048576K
}
Event: 38.392 GC heap after
{Heap after GC invocations=281 (full 3):
 PSYoungGen      total 11264K, used 608K [0x00000000eab00000, 0x00000000ebe80000, 0x0000000100000000)
  eden space 10240K, 0% used [0x00000000eab00000,0x00000000eab00000,0x00000000eb500000)
  from space 1024K, 59% used [0x00000000ebd80000,0x00000000ebe18010,0x00000000ebe80000)
  to   space 2048K, 0% used [0x00000000eba80000,0x00000000eba80000,0x00000000ebc80000)
 ParOldGen       total 352256K, used 189798K [0x00000000c0000000, 0x00000000d5800000, 0x00000000eab00000)
  object space 352256K, 53% used [0x00000000c0000000,0x00000000cb959830,0x00000000d5800000)
 Metaspace       used 60418K, committed 61696K, reserved 1114112K
  class space    used 6697K, committed 7296K, reserved 1048576K
}
Event: 38.558 GC heap before
{Heap before GC invocations=282 (full 3):
 PSYoungGen      total 11264K, used 10848K [0x00000000eab00000, 0x00000000ebe80000, 0x0000000100000000)
  eden space 10240K, 100% used [0x00000000eab00000,0x00000000eb500000,0x00000000eb500000)
  from space 1024K, 59% used [0x00000000ebd80000,0x00000000ebe18010,0x00000000ebe80000)
  to   space 2048K, 0% used [0x00000000eba80000,0x00000000eba80000,0x00000000ebc80000)
 ParOldGen       total 352256K, used 189798K [0x00000000c0000000, 0x00000000d5800000, 0x00000000eab00000)
  object space 352256K, 53% used [0x00000000c0000000,0x00000000cb959830,0x00000000d5800000)
 Metaspace       used 61375K, committed 62720K, reserved 1114112K
  class space    used 6870K, committed 7488K, reserved 1048576K
}
Event: 38.559 GC heap after
{Heap after GC invocations=282 (full 3):
 PSYoungGen      total 12288K, used 576K [0x00000000eab00000, 0x00000000ebe00000, 0x0000000100000000)
  eden space 10240K, 0% used [0x00000000eab00000,0x00000000eab00000,0x00000000eb500000)
  from space 2048K, 28% used [0x00000000eba80000,0x00000000ebb10020,0x00000000ebc80000)
  to   space 1024K, 0% used [0x00000000ebd00000,0x00000000ebd00000,0x00000000ebe00000)
 ParOldGen       total 352256K, used 190254K [0x00000000c0000000, 0x00000000d5800000, 0x00000000eab00000)
  object space 352256K, 54% used [0x00000000c0000000,0x00000000cb9cb850,0x00000000d5800000)
 Metaspace       used 61375K, committed 62720K, reserved 1114112K
  class space    used 6870K, committed 7488K, reserved 1048576K
}

Dll operation events (13 events):
Event: 0.009 Loaded shared library c:\Users\erica\.cursor\extensions\redhat.java-1.42.0-win32-x64\jre\21.0.7-win32-x86_64\bin\java.dll
Event: 0.078 Loaded shared library c:\Users\erica\.cursor\extensions\redhat.java-1.42.0-win32-x64\jre\21.0.7-win32-x86_64\bin\zip.dll
Event: 0.099 Loaded shared library C:\Users\erica\.cursor\extensions\redhat.java-1.42.0-win32-x64\jre\21.0.7-win32-x86_64\bin\instrument.dll
Event: 0.102 Loaded shared library C:\Users\erica\.cursor\extensions\redhat.java-1.42.0-win32-x64\jre\21.0.7-win32-x86_64\bin\net.dll
Event: 0.104 Loaded shared library C:\Users\erica\.cursor\extensions\redhat.java-1.42.0-win32-x64\jre\21.0.7-win32-x86_64\bin\nio.dll
Event: 0.106 Loaded shared library C:\Users\erica\.cursor\extensions\redhat.java-1.42.0-win32-x64\jre\21.0.7-win32-x86_64\bin\zip.dll
Event: 0.118 Loaded shared library C:\Users\erica\.cursor\extensions\redhat.java-1.42.0-win32-x64\jre\21.0.7-win32-x86_64\bin\jimage.dll
Event: 0.173 Loaded shared library c:\Users\erica\.cursor\extensions\redhat.java-1.42.0-win32-x64\jre\21.0.7-win32-x86_64\bin\verify.dll
Event: 3.254 Loaded shared library C:\Users\erica\AppData\Roaming\Cursor\User\globalStorage\redhat.java\1.42.0\config_win\org.eclipse.equinox.launcher\org.eclipse.equinox.launcher.win32.win32.x86_64_1.2.1300.v20250331-1702\eclipse_11911.dll
Event: 14.420 Loaded shared library C:\Users\erica\AppData\Local\Temp\jna-96775866\jna16481649214979204038.dll
Event: 15.889 Loaded shared library C:\Users\erica\.cursor\extensions\redhat.java-1.42.0-win32-x64\jre\21.0.7-win32-x86_64\bin\sunmscapi.dll
Event: 16.363 Loaded shared library C:\Users\erica\.cursor\extensions\redhat.java-1.42.0-win32-x64\jre\21.0.7-win32-x86_64\bin\extnet.dll
Event: 29.171 Loaded shared library C:\Users\erica\.gradle\native\c067742578af261105cb4f569cf0c3c89f3d7b1fecec35dd04571415982c5e48\windows-amd64\native-platform.dll

Deoptimization events (20 events):
Event: 35.306 Thread 0x000001a1f0eb1860 DEOPT PACKING pc=0x000001a1d89b17e7 sp=0x000000a0efafc7b0
Event: 35.306 Thread 0x000001a1f0eb1860 DEOPT UNPACKING pc=0x000001a1def14242 sp=0x000000a0efafbd20 mode 0
Event: 36.324 Thread 0x000001a1f0eb1860 DEOPT PACKING pc=0x000001a1d89b17e7 sp=0x000000a0efafc7b0
Event: 36.324 Thread 0x000001a1f0eb1860 DEOPT UNPACKING pc=0x000001a1def14242 sp=0x000000a0efafbd20 mode 0
Event: 37.444 Thread 0x000001a1f0eb1860 DEOPT PACKING pc=0x000001a1d89b17e7 sp=0x000000a0efafc730
Event: 37.444 Thread 0x000001a1f0eb1860 DEOPT UNPACKING pc=0x000001a1def14242 sp=0x000000a0efafbca0 mode 0
Event: 37.614 Thread 0x000001a1f0eb1860 Uncommon trap: trap_request=0x00000091 fr.pc=0x000001a1df9b6ac4 relative=0x00000000000001e4
Event: 37.614 Thread 0x000001a1f0eb1860 Uncommon trap: reason=unloaded action=reinterpret pc=0x000001a1df9b6ac4 method=java.security.AccessController.wrapException(Ljava/lang/Exception;)Ljava/security/PrivilegedActionException; @ 0 c2
Event: 37.614 Thread 0x000001a1f0eb1860 DEOPT PACKING pc=0x000001a1df9b6ac4 sp=0x000000a0efafce40
Event: 37.614 Thread 0x000001a1f0eb1860 DEOPT UNPACKING pc=0x000001a1def13aa2 sp=0x000000a0efafcd00 mode 2
Event: 37.616 Thread 0x000001a1f0eb1860 Uncommon trap: trap_request=0xffffffad fr.pc=0x000001a1df9ac148 relative=0x0000000000000ca8
Event: 37.616 Thread 0x000001a1f0eb1860 Uncommon trap: reason=uninitialized action=reinterpret pc=0x000001a1df9ac148 method=jdk.internal.loader.URLClassPath.getLoader(Ljava/net/URL;)Ljdk/internal/loader/URLClassPath$Loader; @ 22 c2
Event: 37.616 Thread 0x000001a1f0eb1860 DEOPT PACKING pc=0x000001a1df9ac148 sp=0x000000a0efafd0e0
Event: 37.616 Thread 0x000001a1f0eb1860 DEOPT UNPACKING pc=0x000001a1def13aa2 sp=0x000000a0efafd040 mode 2
Event: 38.179 Thread 0x000001a1f0eb1860 DEOPT PACKING pc=0x000001a1d7b5953d sp=0x000000a0efaf8db0
Event: 38.179 Thread 0x000001a1f0eb1860 DEOPT UNPACKING pc=0x000001a1def14242 sp=0x000000a0efaf82b8 mode 0
Event: 38.538 Thread 0x000001a1f0eb1860 Uncommon trap: trap_request=0xffffff45 fr.pc=0x000001a1df9d92ec relative=0x000000000000034c
Event: 38.538 Thread 0x000001a1f0eb1860 Uncommon trap: reason=unstable_if action=reinterpret pc=0x000001a1df9d92ec method=jdk.internal.reflect.DirectConstructorHandleAccessor.invokeImpl([Ljava/lang/Object;)Ljava/lang/Object; @ 4 c2
Event: 38.538 Thread 0x000001a1f0eb1860 DEOPT PACKING pc=0x000001a1df9d92ec sp=0x000000a0efafd680
Event: 38.538 Thread 0x000001a1f0eb1860 DEOPT UNPACKING pc=0x000001a1def13aa2 sp=0x000000a0efafd520 mode 2

Classes loaded (20 events):
Event: 30.971 Loading class sun/util/resources/cldr/TimeZoneNames
Event: 30.972 Loading class sun/util/resources/TimeZoneNamesBundle
Event: 30.972 Loading class sun/util/resources/OpenListResourceBundle
Event: 30.972 Loading class sun/util/resources/OpenListResourceBundle done
Event: 30.972 Loading class sun/util/resources/TimeZoneNamesBundle done
Event: 30.972 Loading class sun/util/resources/cldr/TimeZoneNames done
Event: 30.972 Loading class sun/util/resources/cldr/TimeZoneNames_en
Event: 30.974 Loading class sun/util/resources/cldr/TimeZoneNames_en done
Event: 30.974 Loading class sun/util/resources/cldr/TimeZoneNames_en_US
Event: 30.974 Loading class sun/util/resources/cldr/TimeZoneNames_en_US done
Event: 30.977 Loading class sun/util/cldr/CLDRBaseLocaleDataMetaInfo$TZCanonicalIDMapHolder
Event: 30.978 Loading class sun/util/cldr/CLDRBaseLocaleDataMetaInfo$TZCanonicalIDMapHolder done
Event: 30.979 Loading class sun/util/resources/TimeZoneNames
Event: 30.981 Loading class sun/util/resources/TimeZoneNames done
Event: 30.981 Loading class sun/util/resources/TimeZoneNames_en
Event: 30.981 Loading class sun/util/resources/TimeZoneNames_en done
Event: 38.204 Loading class java/lang/ProcessBuilder
Event: 38.205 Loading class java/lang/ProcessBuilder done
Event: 38.486 Loading class java/lang/FunctionalInterface
Event: 38.486 Loading class java/lang/FunctionalInterface done

Classes unloaded (13 events):
Event: 15.014 Thread 0x000001a1e8b744b0 Unloading class 0x000001a1811a3c00 'java/lang/invoke/LambdaForm$MH+0x000001a1811a3c00'
Event: 15.014 Thread 0x000001a1e8b744b0 Unloading class 0x000001a1811a3800 'java/lang/invoke/LambdaForm$MH+0x000001a1811a3800'
Event: 15.014 Thread 0x000001a1e8b744b0 Unloading class 0x000001a1811a3400 'java/lang/invoke/LambdaForm$MH+0x000001a1811a3400'
Event: 15.014 Thread 0x000001a1e8b744b0 Unloading class 0x000001a1811a3000 'java/lang/invoke/LambdaForm$MH+0x000001a1811a3000'
Event: 15.014 Thread 0x000001a1e8b744b0 Unloading class 0x000001a1811a2c00 'java/lang/invoke/LambdaForm$BMH+0x000001a1811a2c00'
Event: 15.014 Thread 0x000001a1e8b744b0 Unloading class 0x000001a1811a2800 'java/lang/invoke/LambdaForm$DMH+0x000001a1811a2800'
Event: 15.014 Thread 0x000001a1e8b744b0 Unloading class 0x000001a1811a1400 'java/lang/invoke/LambdaForm$DMH+0x000001a1811a1400'
Event: 16.144 Thread 0x000001a1e8b744b0 Unloading class 0x000001a181398400 'java/lang/invoke/LambdaForm$MH+0x000001a181398400'
Event: 16.144 Thread 0x000001a1e8b744b0 Unloading class 0x000001a181393800 'java/lang/invoke/LambdaForm$MH+0x000001a181393800'
Event: 16.144 Thread 0x000001a1e8b744b0 Unloading class 0x000001a181393000 'java/lang/invoke/LambdaForm$MH+0x000001a181393000'
Event: 16.144 Thread 0x000001a1e8b744b0 Unloading class 0x000001a181392c00 'java/lang/invoke/LambdaForm$MH+0x000001a181392c00'
Event: 16.144 Thread 0x000001a1e8b744b0 Unloading class 0x000001a181392400 'java/lang/invoke/LambdaForm$DMH+0x000001a181392400'
Event: 16.144 Thread 0x000001a1e8b744b0 Unloading class 0x000001a181391800 'java/lang/invoke/LambdaForm$MH+0x000001a181391800'

Classes redefined (0 events):
No events

Internal exceptions (20 events):
Event: 17.933 Thread 0x000001a1efc51010 Exception <a 'java/lang/NoSuchMethodError'{0x00000000eb031b40}: 'int java.lang.invoke.DirectMethodHandle$Holder.invokeStatic(java.lang.Object)'> (0x00000000eb031b40) 
thrown [s\src\hotspot\share\interpreter\linkResolver.cpp, line 773]
Event: 17.959 Thread 0x000001a1efc51010 Exception <a 'java/io/FileNotFoundException'{0x00000000eb666bf0}> (0x00000000eb666bf0) 
thrown [s\src\hotspot\share\prims\jni.cpp, line 520]
Event: 17.960 Thread 0x000001a1efc51010 Exception <a 'java/io/FileNotFoundException'{0x00000000eb667be8}> (0x00000000eb667be8) 
thrown [s\src\hotspot\share\prims\jni.cpp, line 520]
Event: 17.961 Thread 0x000001a1efc51010 Exception <a 'java/io/FileNotFoundException'{0x00000000eb669360}> (0x00000000eb669360) 
thrown [s\src\hotspot\share\prims\jni.cpp, line 520]
Event: 17.961 Thread 0x000001a1efc51010 Exception <a 'java/io/FileNotFoundException'{0x00000000eb66a630}> (0x00000000eb66a630) 
thrown [s\src\hotspot\share\prims\jni.cpp, line 520]
Event: 17.961 Thread 0x000001a1efc51010 Exception <a 'java/io/FileNotFoundException'{0x00000000eb70ba08}> (0x00000000eb70ba08) 
thrown [s\src\hotspot\share\prims\jni.cpp, line 520]
Event: 18.234 Thread 0x000001a1efc51010 Exception <a 'sun/nio/fs/WindowsException'{0x00000000eae21880}> (0x00000000eae21880) 
thrown [s\src\hotspot\share\prims\jni.cpp, line 520]
Event: 18.234 Thread 0x000001a1efc51010 Exception <a 'sun/nio/fs/WindowsException'{0x00000000eae21f90}> (0x00000000eae21f90) 
thrown [s\src\hotspot\share\prims\jni.cpp, line 520]
Event: 18.347 Thread 0x000001a1f0eb2580 Exception <a 'java/lang/NoSuchMethodError'{0x00000000eab31c50}: 'int java.lang.invoke.DirectMethodHandle$Holder.invokeSpecialIFC(java.lang.Object, java.lang.Object, java.lang.Object, java.lang.Object)'> (0x00000000eab31c50) 
thrown [s\src\hotspot\share\interpreter\linkResolver.cpp, line 773]
Event: 18.416 Thread 0x000001a1f0eb3930 Exception <a 'java/lang/IncompatibleClassChangeError'{0x00000000eaef4230}: Found class java.lang.Object, but interface was expected> (0x00000000eaef4230) 
thrown [s\src\hotspot\share\interpreter\linkResolver.cpp, line 840]
Event: 18.417 Thread 0x000001a1f2c6cb00 Exception <a 'java/lang/NoSuchMethodError'{0x00000000eaefbcf8}: 'int java.lang.invoke.DirectMethodHandle$Holder.invokeInterface(java.lang.Object, java.lang.Object)'> (0x00000000eaefbcf8) 
thrown [s\src\hotspot\share\interpreter\linkResolver.cpp, line 773]
Event: 18.417 Thread 0x000001a1f2c6cb00 Exception <a 'java/lang/IncompatibleClassChangeError'{0x00000000eaf365f8}: Found class java.lang.Object, but interface was expected> (0x00000000eaf365f8) 
thrown [s\src\hotspot\share\interpreter\linkResolver.cpp, line 840]
Event: 18.440 Thread 0x000001a1f2c6cb00 Exception <a 'java/lang/NoSuchMethodError'{0x00000000eb495a58}: method resolution failed> (0x00000000eb495a58) 
thrown [s\src\hotspot\share\prims\methodHandles.cpp, line 1144]
Event: 18.447 Thread 0x000001a1f2c6cb00 Exception <a 'sun/nio/fs/WindowsException'{0x00000000eb649748}> (0x00000000eb649748) 
thrown [s\src\hotspot\share\prims\jni.cpp, line 520]
Event: 18.448 Thread 0x000001a1f2c6cb00 Exception <a 'sun/nio/fs/WindowsException'{0x00000000eb649d78}> (0x00000000eb649d78) 
thrown [s\src\hotspot\share\prims\jni.cpp, line 520]
Event: 18.638 Thread 0x000001a1f2c6cb00 Exception <a 'java/lang/NoSuchMethodError'{0x00000000eac5a048}: 'java.lang.Object java.lang.invoke.DirectMethodHandle$Holder.invokeVirtual(java.lang.Object, java.lang.Object, java.lang.Object, java.lang.Object)'> (0x00000000eac5a048) 
thrown [s\src\hotspot\share\interpreter\linkResolver.cpp, line 773]
Event: 18.641 Thread 0x000001a1f2c6cb00 Exception <a 'java/lang/NoSuchMethodError'{0x00000000ead34540}: 'java.lang.Object java.lang.invoke.DirectMethodHandle$Holder.invokeVirtual(java.lang.Object, java.lang.Object, java.lang.Object, java.lang.Object, java.lang.Object)'> (0x00000000ead34540) 
thrown [s\src\hotspot\share\interpreter\linkResolver.cpp, line 773]
Event: 20.462 Thread 0x000001a1f2c66f20 Implicit null exception at 0x000001a1df92175b to 0x000001a1df9272c8
Event: 29.098 Thread 0x000001a1f0eb1860 Exception <a 'java/lang/NoSuchMethodError'{0x00000000eafac030}: 'java.lang.Object java.lang.invoke.DirectMethodHandle$Holder.invokeVirtual(java.lang.Object, java.lang.Object, java.lang.Object, java.lang.Object, java.lang.Object, java.lang.Object, java.lang.Object)'> (0x00000000eafac030) 
thrown [s\src\hotspot\share\interpreter\linkResolver.cpp, line 773]
Event: 38.456 Thread 0x000001a1f0eb1860 Exception <a 'java/lang/NoSuchMethodError'{0x00000000eaf0e898}: 'java.lang.Object java.lang.invoke.DirectMethodHandle$Holder.invokeVirtual(java.lang.Object, java.lang.Object, java.lang.Object, java.lang.Object, java.lang.Object, java.lang.Object)'> (0x00000000eaf0e898) 
thrown [s\src\hotspot\share\interpreter\linkResolver.cpp, line 773]

ZGC Phase Switch (0 events):
No events

VM Operations (20 events):
Event: 31.730 Executing VM operation: Cleanup
Event: 31.730 Executing VM operation: Cleanup done
Event: 32.366 Executing VM operation: ParallelGCFailedAllocation (Allocation Failure)
Event: 32.367 Executing VM operation: ParallelGCFailedAllocation (Allocation Failure) done
Event: 35.379 Executing VM operation: Cleanup
Event: 35.379 Executing VM operation: Cleanup done
Event: 36.321 Executing VM operation: ParallelGCFailedAllocation (Allocation Failure)
Event: 36.323 Executing VM operation: ParallelGCFailedAllocation (Allocation Failure) done
Event: 37.615 Executing VM operation: HandshakeAllThreads (Deoptimize)
Event: 37.615 Executing VM operation: HandshakeAllThreads (Deoptimize) done
Event: 37.615 Executing VM operation: Cleanup
Event: 37.615 Executing VM operation: Cleanup done
Event: 38.185 Executing VM operation: ParallelGCFailedAllocation (Allocation Failure)
Event: 38.187 Executing VM operation: ParallelGCFailedAllocation (Allocation Failure) done
Event: 38.391 Executing VM operation: ParallelGCFailedAllocation (Allocation Failure)
Event: 38.393 Executing VM operation: ParallelGCFailedAllocation (Allocation Failure) done
Event: 38.438 Executing VM operation: HandshakeAllThreads (Deoptimize)
Event: 38.438 Executing VM operation: HandshakeAllThreads (Deoptimize) done
Event: 38.558 Executing VM operation: ParallelGCFailedAllocation (Allocation Failure)
Event: 38.559 Executing VM operation: ParallelGCFailedAllocation (Allocation Failure) done

Memory protections (0 events):
No events

Nmethod flushes (20 events):
Event: 29.219 Thread 0x000001a1e8b744b0 flushing  nmethod 0x000001a1d8376010
Event: 29.219 Thread 0x000001a1e8b744b0 flushing  nmethod 0x000001a1d8377710
Event: 29.219 Thread 0x000001a1e8b744b0 flushing  nmethod 0x000001a1d839f010
Event: 29.219 Thread 0x000001a1e8b744b0 flushing  nmethod 0x000001a1d83b7110
Event: 29.219 Thread 0x000001a1e8b744b0 flushing  nmethod 0x000001a1d83d6610
Event: 29.219 Thread 0x000001a1e8b744b0 flushing  nmethod 0x000001a1d83d6a10
Event: 29.219 Thread 0x000001a1e8b744b0 flushing  nmethod 0x000001a1d83d8290
Event: 29.219 Thread 0x000001a1e8b744b0 flushing  nmethod 0x000001a1d83d8b90
Event: 29.219 Thread 0x000001a1e8b744b0 flushing  nmethod 0x000001a1d83db910
Event: 29.219 Thread 0x000001a1e8b744b0 flushing  nmethod 0x000001a1d840cb10
Event: 29.219 Thread 0x000001a1e8b744b0 flushing  nmethod 0x000001a1d8428590
Event: 29.219 Thread 0x000001a1e8b744b0 flushing  nmethod 0x000001a1d8428e90
Event: 29.219 Thread 0x000001a1e8b744b0 flushing  nmethod 0x000001a1d8429910
Event: 29.219 Thread 0x000001a1e8b744b0 flushing  nmethod 0x000001a1d842a210
Event: 29.219 Thread 0x000001a1e8b744b0 flushing  nmethod 0x000001a1d842bd10
Event: 29.219 Thread 0x000001a1e8b744b0 flushing  nmethod 0x000001a1d842c090
Event: 29.219 Thread 0x000001a1e8b744b0 flushing  nmethod 0x000001a1d842db10
Event: 29.219 Thread 0x000001a1e8b744b0 flushing  nmethod 0x000001a1d842e710
Event: 29.219 Thread 0x000001a1e8b744b0 flushing  nmethod 0x000001a1d842f490
Event: 29.219 Thread 0x000001a1e8b744b0 flushing  nmethod 0x000001a1d8431710

Events (20 events):
Event: 16.863 Thread 0x000001a1f0eb1ef0 Thread exited: 0x000001a1f0eb1ef0
Event: 17.075 Thread 0x000001a1efc4fc60 Thread added: 0x000001a1f0eb1ef0
Event: 17.307 Thread 0x000001a1efc4fc60 Thread added: 0x000001a1f0eb2580
Event: 18.573 Thread 0x000001a1f2c6cb00 Thread added: 0x000001a1f0eb4650
Event: 18.729 Thread 0x000001a1f2c6cb00 Thread added: 0x000001a1f0eb1860
Event: 19.992 Thread 0x000001a1efc523c0 Thread exited: 0x000001a1efc523c0
Event: 20.870 Thread 0x000001a1ef147f00 Thread exited: 0x000001a1ef147f00
Event: 21.597 Thread 0x000001a1ef6fef00 Thread exited: 0x000001a1ef6fef00
Event: 26.881 Thread 0x000001a1eabc6870 Thread added: 0x000001a1ef6fef00
Event: 27.073 Thread 0x000001a1ef6fef00 Thread exited: 0x000001a1ef6fef00
Event: 28.958 Thread 0x000001a1eabc6870 Thread added: 0x000001a1f16c5770
Event: 28.958 Thread 0x000001a1eabc6870 Thread added: 0x000001a1ef6fef00
Event: 29.285 Thread 0x000001a1ef6fef00 Thread exited: 0x000001a1ef6fef00
Event: 30.706 Thread 0x000001a1f16c5770 Thread exited: 0x000001a1f16c5770
Event: 30.915 Thread 0x000001a1eabc6870 Thread added: 0x000001a1f16c5770
Event: 30.928 Thread 0x000001a1eabc6870 Thread added: 0x000001a1f3939500
Event: 32.094 Thread 0x000001a1f0eb1ef0 Thread exited: 0x000001a1f0eb1ef0
Event: 32.631 Thread 0x000001a1f3939500 Thread exited: 0x000001a1f3939500
Event: 32.653 Thread 0x000001a1f16c5770 Thread exited: 0x000001a1f16c5770
Event: 38.292 Thread 0x000001a1eabc6870 Thread added: 0x000001a1f16c5770


Dynamic libraries:
0x00007ff6219c0000 - 0x00007ff6219ce000 	c:\Users\erica\.cursor\extensions\redhat.java-1.42.0-win32-x64\jre\21.0.7-win32-x86_64\bin\java.exe
0x00007ffe07100000 - 0x00007ffe07366000 	C:\WINDOWS\SYSTEM32\ntdll.dll
0x00007ffe06130000 - 0x00007ffe061f9000 	C:\WINDOWS\System32\KERNEL32.DLL
0x00007ffe044c0000 - 0x00007ffe0488c000 	C:\WINDOWS\System32\KERNELBASE.dll
0x00007ffe04370000 - 0x00007ffe044bb000 	C:\WINDOWS\System32\ucrtbase.dll
0x00007ffde2e00000 - 0x00007ffde2e18000 	c:\Users\erica\.cursor\extensions\redhat.java-1.42.0-win32-x64\jre\21.0.7-win32-x86_64\bin\jli.dll
0x00007ffde42b0000 - 0x00007ffde42ce000 	c:\Users\erica\.cursor\extensions\redhat.java-1.42.0-win32-x64\jre\21.0.7-win32-x86_64\bin\VCRUNTIME140.dll
0x00007ffe05130000 - 0x00007ffe052fa000 	C:\WINDOWS\System32\USER32.dll
0x00007ffdf4af0000 - 0x00007ffdf4d8a000 	C:\WINDOWS\WinSxS\amd64_microsoft.windows.common-controls_6595b64144ccf1df_6.0.26100.3912_none_3e07963ce335137e\COMCTL32.dll
0x00007ffe04340000 - 0x00007ffe04367000 	C:\WINDOWS\System32\win32u.dll
0x00007ffe05300000 - 0x00007ffe053a9000 	C:\WINDOWS\System32\msvcrt.dll
0x00007ffe06200000 - 0x00007ffe0622b000 	C:\WINDOWS\System32\GDI32.dll
0x00007ffe04aa0000 - 0x00007ffe04bd2000 	C:\WINDOWS\System32\gdi32full.dll
0x00007ffe04290000 - 0x00007ffe04333000 	C:\WINDOWS\System32\msvcp_win.dll
0x00007ffe05950000 - 0x00007ffe05980000 	C:\WINDOWS\System32\IMM32.DLL
0x00007ffde7b20000 - 0x00007ffde7b2c000 	c:\Users\erica\.cursor\extensions\redhat.java-1.42.0-win32-x64\jre\21.0.7-win32-x86_64\bin\vcruntime140_1.dll
0x00007ffdbd3a0000 - 0x00007ffdbd42d000 	c:\Users\erica\.cursor\extensions\redhat.java-1.42.0-win32-x64\jre\21.0.7-win32-x86_64\bin\msvcp140.dll
0x00007ffdb4110000 - 0x00007ffdb4ea0000 	c:\Users\erica\.cursor\extensions\redhat.java-1.42.0-win32-x64\jre\21.0.7-win32-x86_64\bin\server\jvm.dll
0x00007ffe05ec0000 - 0x00007ffe05f72000 	C:\WINDOWS\System32\ADVAPI32.dll
0x00007ffe06c40000 - 0x00007ffe06ce6000 	C:\WINDOWS\System32\sechost.dll
0x00007ffe06e20000 - 0x00007ffe06f36000 	C:\WINDOWS\System32\RPCRT4.dll
0x00007ffe050b0000 - 0x00007ffe05124000 	C:\WINDOWS\System32\WS2_32.dll
0x00007ffe03ad0000 - 0x00007ffe03b2e000 	C:\WINDOWS\SYSTEM32\POWRPROF.dll
0x00007ffdfd2b0000 - 0x00007ffdfd2bb000 	C:\WINDOWS\SYSTEM32\VERSION.dll
0x00007ffdfc670000 - 0x00007ffdfc6a6000 	C:\WINDOWS\SYSTEM32\WINMM.dll
0x00007ffe03ab0000 - 0x00007ffe03ac4000 	C:\WINDOWS\SYSTEM32\UMPDC.dll
0x00007ffe03010000 - 0x00007ffe0302a000 	C:\WINDOWS\SYSTEM32\kernel.appcore.dll
0x00007ffde7940000 - 0x00007ffde794a000 	c:\Users\erica\.cursor\extensions\redhat.java-1.42.0-win32-x64\jre\21.0.7-win32-x86_64\bin\jimage.dll
0x00007ffdf7540000 - 0x00007ffdf7781000 	C:\WINDOWS\SYSTEM32\DBGHELP.DLL
0x00007ffe05990000 - 0x00007ffe05d14000 	C:\WINDOWS\System32\combase.dll
0x00007ffe04fc0000 - 0x00007ffe050a0000 	C:\WINDOWS\System32\OLEAUT32.dll
0x00007ffdf1330000 - 0x00007ffdf1369000 	C:\WINDOWS\SYSTEM32\dbgcore.DLL
0x00007ffe04ca0000 - 0x00007ffe04d39000 	C:\WINDOWS\System32\bcryptPrimitives.dll
0x00007ffde78f0000 - 0x00007ffde78ff000 	c:\Users\erica\.cursor\extensions\redhat.java-1.42.0-win32-x64\jre\21.0.7-win32-x86_64\bin\instrument.dll
0x00007ffde21d0000 - 0x00007ffde21ef000 	c:\Users\erica\.cursor\extensions\redhat.java-1.42.0-win32-x64\jre\21.0.7-win32-x86_64\bin\java.dll
0x00007ffe06510000 - 0x00007ffe06c3d000 	C:\WINDOWS\System32\SHELL32.dll
0x00007ffe04920000 - 0x00007ffe04a94000 	C:\WINDOWS\System32\wintypes.dll
0x00007ffe01ee0000 - 0x00007ffe02736000 	C:\WINDOWS\SYSTEM32\windows.storage.dll
0x00007ffe04ec0000 - 0x00007ffe04faf000 	C:\WINDOWS\System32\SHCORE.dll
0x00007ffe06d90000 - 0x00007ffe06df9000 	C:\WINDOWS\System32\shlwapi.dll
0x00007ffe041a0000 - 0x00007ffe041cf000 	C:\WINDOWS\SYSTEM32\profapi.dll
0x00007ffdcd1d0000 - 0x00007ffdcd1e8000 	c:\Users\erica\.cursor\extensions\redhat.java-1.42.0-win32-x64\jre\21.0.7-win32-x86_64\bin\zip.dll
0x00007ffde7880000 - 0x00007ffde7890000 	C:\Users\erica\.cursor\extensions\redhat.java-1.42.0-win32-x64\jre\21.0.7-win32-x86_64\bin\net.dll
0x00007ffdfd050000 - 0x00007ffdfd16e000 	C:\WINDOWS\SYSTEM32\WINHTTP.dll
0x00007ffe03560000 - 0x00007ffe035ca000 	C:\WINDOWS\system32\mswsock.dll
0x00007ffdcbc90000 - 0x00007ffdcbca6000 	C:\Users\erica\.cursor\extensions\redhat.java-1.42.0-win32-x64\jre\21.0.7-win32-x86_64\bin\nio.dll
0x00007ffde5030000 - 0x00007ffde5040000 	c:\Users\erica\.cursor\extensions\redhat.java-1.42.0-win32-x64\jre\21.0.7-win32-x86_64\bin\verify.dll
0x00007ffdbf100000 - 0x00007ffdbf145000 	C:\Users\erica\AppData\Roaming\Cursor\User\globalStorage\redhat.java\1.42.0\config_win\org.eclipse.equinox.launcher\org.eclipse.equinox.launcher.win32.win32.x86_64_1.2.1300.v20250331-1702\eclipse_11911.dll
0x00007ffe05f80000 - 0x00007ffe0611f000 	C:\WINDOWS\System32\ole32.dll
0x00007ffe03920000 - 0x00007ffe0393c000 	C:\WINDOWS\SYSTEM32\CRYPTSP.dll
0x00007ffe02f70000 - 0x00007ffe02faa000 	C:\WINDOWS\system32\rsaenh.dll
0x00007ffe03600000 - 0x00007ffe0362b000 	C:\WINDOWS\SYSTEM32\USERENV.dll
0x00007ffe04170000 - 0x00007ffe04196000 	C:\WINDOWS\SYSTEM32\bcrypt.dll
0x00007ffe03790000 - 0x00007ffe0379c000 	C:\WINDOWS\SYSTEM32\CRYPTBASE.dll
0x00007ffe02a30000 - 0x00007ffe02a63000 	C:\WINDOWS\SYSTEM32\IPHLPAPI.DLL
0x00007ffe06d80000 - 0x00007ffe06d8a000 	C:\WINDOWS\System32\NSI.dll
0x00007ffdb2f10000 - 0x00007ffdb2f59000 	C:\Users\erica\AppData\Local\Temp\jna-96775866\jna16481649214979204038.dll
0x00007ffe06f90000 - 0x00007ffe06f98000 	C:\WINDOWS\System32\PSAPI.DLL
0x00007ffdfc990000 - 0x00007ffdfc9af000 	C:\WINDOWS\SYSTEM32\dhcpcsvc6.DLL
0x00007ffdfc960000 - 0x00007ffdfc985000 	C:\WINDOWS\SYSTEM32\dhcpcsvc.DLL
0x00007ffdcbc50000 - 0x00007ffdcbc5e000 	C:\Users\erica\.cursor\extensions\redhat.java-1.42.0-win32-x64\jre\21.0.7-win32-x86_64\bin\sunmscapi.dll
0x00007ffe04d40000 - 0x00007ffe04eb7000 	C:\WINDOWS\System32\CRYPT32.dll
0x00007ffe03b90000 - 0x00007ffe03bc0000 	C:\WINDOWS\SYSTEM32\ncrypt.dll
0x00007ffe03b40000 - 0x00007ffe03b7f000 	C:\WINDOWS\SYSTEM32\NTASN1.dll
0x00007ffe02ac0000 - 0x00007ffe02be7000 	C:\WINDOWS\SYSTEM32\DNSAPI.dll
0x00007ffdfa000000 - 0x00007ffdfa00b000 	C:\Windows\System32\rasadhlp.dll
0x00007ffdfaba0000 - 0x00007ffdfac26000 	C:\WINDOWS\System32\fwpuclnt.dll
0x00007ffdcab80000 - 0x00007ffdcab89000 	C:\Users\erica\.cursor\extensions\redhat.java-1.42.0-win32-x64\jre\21.0.7-win32-x86_64\bin\extnet.dll
0x00007ffdfe440000 - 0x00007ffdfe467000 	C:\Users\erica\.gradle\native\c067742578af261105cb4f569cf0c3c89f3d7b1fecec35dd04571415982c5e48\windows-amd64\native-platform.dll

dbghelp: loaded successfully - version: 4.0.5 - missing functions: none
symbol engine: initialized successfully - sym options: 0x614 - pdb path: .;c:\Users\erica\.cursor\extensions\redhat.java-1.42.0-win32-x64\jre\21.0.7-win32-x86_64\bin;C:\WINDOWS\SYSTEM32;C:\WINDOWS\WinSxS\amd64_microsoft.windows.common-controls_6595b64144ccf1df_6.0.26100.3912_none_3e07963ce335137e;c:\Users\erica\.cursor\extensions\redhat.java-1.42.0-win32-x64\jre\21.0.7-win32-x86_64\bin\server;C:\Users\erica\AppData\Roaming\Cursor\User\globalStorage\redhat.java\1.42.0\config_win\org.eclipse.equinox.launcher\org.eclipse.equinox.launcher.win32.win32.x86_64_1.2.1300.v20250331-1702;C:\Users\erica\AppData\Local\Temp\jna-96775866;C:\Users\erica\.gradle\native\c067742578af261105cb4f569cf0c3c89f3d7b1fecec35dd04571415982c5e48\windows-amd64

VM Arguments:
jvm_args: --add-modules=ALL-SYSTEM --add-opens=java.base/java.util=ALL-UNNAMED --add-opens=java.base/java.lang=ALL-UNNAMED --add-opens=java.base/sun.nio.fs=ALL-UNNAMED -Declipse.application=org.eclipse.jdt.ls.core.id1 -Dosgi.bundles.defaultStartLevel=4 -Declipse.product=org.eclipse.jdt.ls.core.product -Djava.import.generatesMetadataFilesAtProjectRoot=false -DDetectVMInstallationsJob.disabled=true -Dfile.encoding=utf8 -XX:+UseParallelGC -XX:GCTimeRatio=4 -XX:AdaptiveSizePolicyWeight=90 -Dsun.zip.disableMemoryMapping=true -Xmx1G -Xms100m -Xlog:disable -javaagent:c:\Users\erica\.cursor\extensions\redhat.java-1.42.0-win32-x64\lombok\lombok-1.18.36.jar -XX:+HeapDumpOnOutOfMemoryError -XX:HeapDumpPath=c:\Users\erica\AppData\Roaming\Cursor\User\workspaceStorage\c226c4d3aaca153f88d0744c7cd4e6ac\redhat.java -Daether.dependencyCollector.impl=bf 
java_command: c:\Users\erica\.cursor\extensions\redhat.java-1.42.0-win32-x64\server\plugins\org.eclipse.equinox.launcher_1.7.0.v20250424-1814.jar -configuration c:\Users\erica\AppData\Roaming\Cursor\User\globalStorage\redhat.java\1.42.0\config_win -data c:\Users\erica\AppData\Roaming\Cursor\User\workspaceStorage\c226c4d3aaca153f88d0744c7cd4e6ac\redhat.java\jdt_ws --pipe=\\.\pipe\lsp-5a942dfd91c623c3b69121adeaa221e4-sock
java_class_path (initial): c:\Users\erica\.cursor\extensions\redhat.java-1.42.0-win32-x64\server\plugins\org.eclipse.equinox.launcher_1.7.0.v20250424-1814.jar
Launcher Type: SUN_STANDARD

[Global flags]
    uintx AdaptiveSizePolicyWeight                 = 90                                        {product} {command line}
     intx CICompilerCount                          = 4                                         {product} {ergonomic}
    uintx GCTimeRatio                              = 4                                         {product} {command line}
     bool HeapDumpOnOutOfMemoryError               = true                                   {manageable} {command line}
    ccstr HeapDumpPath                             = c:\Users\erica\AppData\Roaming\Cursor\User\workspaceStorage\c226c4d3aaca153f88d0744c7cd4e6ac\redhat.java         {manageable} {command line}
   size_t InitialHeapSize                          = 104857600                                 {product} {command line}
   size_t MaxHeapSize                              = 1073741824                                {product} {command line}
   size_t MaxNewSize                               = 357564416                                 {product} {ergonomic}
   size_t MinHeapDeltaBytes                        = 524288                                    {product} {ergonomic}
   size_t MinHeapSize                              = 104857600                                 {product} {command line}
   size_t NewSize                                  = 34603008                                  {product} {ergonomic}
    uintx NonNMethodCodeHeapSize                   = 5839372                                {pd product} {ergonomic}
    uintx NonProfiledCodeHeapSize                  = 122909434                              {pd product} {ergonomic}
   size_t OldSize                                  = 70254592                                  {product} {ergonomic}
    uintx ProfiledCodeHeapSize                     = 122909434                              {pd product} {ergonomic}
    uintx ReservedCodeCacheSize                    = 251658240                              {pd product} {ergonomic}
     bool SegmentedCodeCache                       = true                                      {product} {ergonomic}
   size_t SoftMaxHeapSize                          = 1073741824                             {manageable} {ergonomic}
     bool UseCompressedOops                        = true                           {product lp64_product} {ergonomic}
     bool UseLargePagesIndividualAllocation        = false                                  {pd product} {ergonomic}
     bool UseParallelGC                            = true                                      {product} {command line}

Logging:
Log output configuration:
 #0: stdout all=off uptime,level,tags foldmultilines=false
 #1: stderr all=off uptime,level,tags foldmultilines=false

Environment Variables:
JAVA_HOME=C:\Program Files\Eclipse Adoptium\jdk-21.0.7.6-hotspot
PATH=C:\Program Files\Eclipse Adoptium\jdk-21.0.7.6-hotspot\bin;C:\WINDOWS\system32;C:\WINDOWS;C:\WINDOWS\System32\Wbem;C:\WINDOWS\System32\WindowsPowerShell\v1.0\;C:\WINDOWS\System32\OpenSSH\;C:\Program Files\Git\cmd;C:\xampp\php;C:\Program Files\Eclipse Adoptium\jdk-21.0.7.6-hotspot\bin;C:\Program Files\Cloudflare\Cloudflare WARP\;C:\Users\erica\AppData\Local\Microsoft\WindowsApps;C:\Users\erica\AppData\Local\Programs\Microsoft VS Code\bin;C:\Users\erica\AppData\Local\Programs\cursor\resources\app\bin
USERNAME=erica
OS=Windows_NT
PROCESSOR_IDENTIFIER=AMD64 Family 23 Model 96 Stepping 1, AuthenticAMD
TMP=C:\Users\erica\AppData\Local\Temp
TEMP=C:\Users\erica\AppData\Local\Temp




Periodic native trim disabled

---------------  S Y S T E M  ---------------

OS:
 Windows 11 , 64 bit Build 26100 (10.0.26100.3912)
OS uptime: 0 days 0:28 hours
Hyper-V role detected

CPU: total 12 (initial active 12) (12 cores per cpu, 2 threads per core) family 23 model 96 stepping 1 microcode 0x8600103, cx8, cmov, fxsr, ht, mmx, 3dnowpref, sse, sse2, sse3, ssse3, sse4a, sse4.1, sse4.2, popcnt, lzcnt, tsc, tscinvbit, avx, avx2, aes, clmul, bmi1, bmi2, adx, sha, fma, vzeroupper, clflush, clflushopt, hv, rdtscp, rdpid, f16c
Processor Information for the first 12 processors :
  Max Mhz: 3000, Current Mhz: 3000, Mhz Limit: 3000

Memory: 4k page, system-wide physical 15741M (2511M free)
TotalPageFile size 19837M (AvailPageFile size 5361M)
current process WorkingSet (physical memory assigned to process): 702M, peak: 709M
current process commit charge ("private bytes"): 608M, peak: 625M

vm_info: OpenJDK 64-Bit Server VM (21.0.7+6-LTS) for windows-amd64 JRE (21.0.7+6-LTS), built on 2025-04-15T00:00:00Z by "admin" with MS VC++ 17.7 (VS2022)

END.
